book_id,split
BOOK01676,train
BOOK00114,train
BOOK01032,train
BOOK02066,train
BOOK00631,train
BOOK00181,train
BOOK00581,train
BOOK01584,train
BOOK00287,train
BOOK00168,train
BOOK00039,train
BOOK01919,train
BOOK00915,train
BOOK01495,train
BOOK00318,train
BOOK00938,train
BOOK00014,train
BOOK00045,train
BOOK01969,train
BOOK00518,train
BOOK00430,train
BOOK01878,train
BOOK00019,train
BOOK01136,train
BOOK00420,train
BOOK01419,train
BOOK02058,train
BOOK01212,train
BOOK00672,train
BOOK00116,train
BOOK01433,train
BOOK00093,train
BOOK00492,train
BOOK01850,train
BOOK00558,train
BOOK01938,train
BOOK00804,train
BOOK00058,train
BOOK00101,train
BOOK01682,train
BOOK00227,train
BOOK00989,train
BOOK01349,train
BOOK00655,train
BOOK00284,train
BOOK02014,train
BOOK00928,train
BOOK00738,train
BOOK00021,train
BOOK00822,train
BOOK01380,train
BOOK00259,train
BOOK01034,train
BOOK00945,train
BOOK01468,train
BOOK01981,train
BOOK00632,train
BOOK01743,train
BOOK00863,train
BOOK01949,train
BOOK00747,train
BOOK00184,train
BOOK01554,train
BOOK01598,train
BOOK01989,train
BOOK01793,train
BOOK00820,train
BOOK00192,train
BOOK01507,train
BOOK00007,train
BOOK01948,train
BOOK01255,train
BOOK01516,train
BOOK01078,train
BOOK01417,train
BOOK01007,train
BOOK01809,train
BOOK00683,train
BOOK00663,train
BOOK01221,train
BOOK01223,train
BOOK00107,train
BOOK00867,train
BOOK00228,train
BOOK00082,train
BOOK00591,train
BOOK00642,train
BOOK00898,train
BOOK00412,train
BOOK01813,train
BOOK01428,train
BOOK01828,train
BOOK00634,train
BOOK01700,train
BOOK00023,train
BOOK01542,train
BOOK01646,train
BOOK01232,train
BOOK01945,train
BOOK01669,train
BOOK00211,train
BOOK01116,train
BOOK00196,train
BOOK00015,train
BOOK01590,train
BOOK01840,train
BOOK01792,train
BOOK01886,train
BOOK00650,train
BOOK00776,train
BOOK01658,train
BOOK00667,train
BOOK02034,train
BOOK00433,train
BOOK01069,train
BOOK00755,train
BOOK00873,train
BOOK00374,train
BOOK00762,train
BOOK01675,train
BOOK00840,train
BOOK01933,train
BOOK01001,train
BOOK00450,train
BOOK01452,train
BOOK00400,train
BOOK00862,train
BOOK01309,train
BOOK00740,train
BOOK01717,train
BOOK01226,train
BOOK00687,train
BOOK01690,train
BOOK01272,train
BOOK00451,train
BOOK01832,train
BOOK00841,train
BOOK01121,train
BOOK00307,train
BOOK00937,train
BOOK00780,train
BOOK00745,train
BOOK01960,train
BOOK01823,train
BOOK00416,train
BOOK01191,train
BOOK01207,train
BOOK00495,train
BOOK01532,train
BOOK00189,train
BOOK01138,train
BOOK00834,train
BOOK02000,train
BOOK00097,train
BOOK00281,train
BOOK02054,train
BOOK01470,train
BOOK01812,train
BOOK00463,train
BOOK00797,train
BOOK00207,train
BOOK00437,train
BOOK01307,train
BOOK01755,train
BOOK00666,train
BOOK00369,train
BOOK01256,train
BOOK00080,train
BOOK00175,train
BOOK00419,train
BOOK01274,train
BOOK01019,train
BOOK01328,train
BOOK01280,train
BOOK00838,train
BOOK01064,train
BOOK00795,train
BOOK01539,train
BOOK01579,train
BOOK01706,train
BOOK01520,train
BOOK01995,train
BOOK00568,train
BOOK01198,train
BOOK01540,train
BOOK01558,train
BOOK00204,train
BOOK01177,train
BOOK01199,train
BOOK00291,train
BOOK01696,train
BOOK01225,train
BOOK02043,train
BOOK01293,train
BOOK01482,train
BOOK00679,train
BOOK00490,train
BOOK00852,train
BOOK00257,train
BOOK01158,train
BOOK01458,train
BOOK01133,train
BOOK00615,train
BOOK01027,train
BOOK00364,train
BOOK01061,train
BOOK00702,train
BOOK00923,train
BOOK02032,train
BOOK00347,train
BOOK00295,train
BOOK00341,train
BOOK01923,train
BOOK01856,train
BOOK00879,train
BOOK01441,train
BOOK00828,train
BOOK00782,train
BOOK00121,train
BOOK01777,train
BOOK00919,train
BOOK02050,train
BOOK00532,train
BOOK00421,train
BOOK00418,train
BOOK01427,train
BOOK01287,train
BOOK00886,train
BOOK00657,train
BOOK00528,train
BOOK01395,train
BOOK00857,train
BOOK00223,train
BOOK00373,train
BOOK00188,train
BOOK01044,train
BOOK01127,train
BOOK00027,train
BOOK00054,train
BOOK01426,train
BOOK00722,train
BOOK00483,train
BOOK01161,train
BOOK00357,train
BOOK01660,train
BOOK00086,train
BOOK00887,train
BOOK01839,train
BOOK01142,train
BOOK01892,train
BOOK00784,train
BOOK00791,train
BOOK00222,train
BOOK00312,train
BOOK00707,train
BOOK01409,train
BOOK00623,train
BOOK00461,train
BOOK01218,train
BOOK00920,train
BOOK00701,train
BOOK00760,train
BOOK01023,train
BOOK00256,train
BOOK01901,train
BOOK02053,train
BOOK01870,train
BOOK01763,train
BOOK00607,train
BOOK01273,train
BOOK00798,train
BOOK00564,train
BOOK01636,train
BOOK00971,train
BOOK00242,train
BOOK01472,train
BOOK00737,train
BOOK01219,train
BOOK01585,train
BOOK01319,train
BOOK01397,train
BOOK01471,train
BOOK02017,train
BOOK00598,train
BOOK01586,train
BOOK01831,train
BOOK01556,train
BOOK00214,train
BOOK01338,train
BOOK00033,train
BOOK00053,train
BOOK00656,train
BOOK00897,train
BOOK00077,train
BOOK01902,train
BOOK00526,train
BOOK00218,train
BOOK00465,train
BOOK01102,train
BOOK02018,train
BOOK00162,train
BOOK01197,train
BOOK00881,train
BOOK00749,train
BOOK00131,train
BOOK01798,train
BOOK00095,train
BOOK02028,train
BOOK01451,train
BOOK00174,train
BOOK00020,train
BOOK00195,train
BOOK02003,train
BOOK00999,train
BOOK00221,train
BOOK00356,train
BOOK01623,train
BOOK01055,train
BOOK00569,train
BOOK00487,train
BOOK01547,train
BOOK01459,train
BOOK01246,train
BOOK00326,train
BOOK00578,train
BOOK01422,train
BOOK00929,train
BOOK01589,train
BOOK01685,train
BOOK00046,train
BOOK01855,train
BOOK00777,train
BOOK00067,train
BOOK00962,train
BOOK00155,train
BOOK02019,train
BOOK01350,train
BOOK01281,train
BOOK00398,train
BOOK00648,train
BOOK01038,train
BOOK01709,train
BOOK01546,train
BOOK01935,train
BOOK01283,train
BOOK01996,train
BOOK00943,train
BOOK01778,train
BOOK01252,train
BOOK01404,train
BOOK02015,train
BOOK01583,train
BOOK00689,train
BOOK01405,train
BOOK00868,train
BOOK00620,train
BOOK00050,train
BOOK01977,train
BOOK00539,train
BOOK00681,train
BOOK01600,train
BOOK00690,train
BOOK00411,train
BOOK01455,train
BOOK00847,train
BOOK00383,train
BOOK02036,train
BOOK00454,train
BOOK00739,train
BOOK01322,train
BOOK00716,train
BOOK00296,train
BOOK00614,train
BOOK00102,train
BOOK00587,train
BOOK00790,train
BOOK00028,train
BOOK01494,train
BOOK01361,train
BOOK01930,train
BOOK01296,train
BOOK01719,train
BOOK00720,train
BOOK00243,train
BOOK01398,train
BOOK00345,train
BOOK00925,train
BOOK00563,train
BOOK00009,train
BOOK01013,train
BOOK00673,train
BOOK00906,train
BOOK01264,train
BOOK00643,train
BOOK00142,train
BOOK00177,train
BOOK01430,train
BOOK01959,train
BOOK01582,train
BOOK01665,train
BOOK01125,train
BOOK00878,train
BOOK01595,train
BOOK00397,train
BOOK00310,train
BOOK01261,train
BOOK01624,train
BOOK01620,train
BOOK01365,train
BOOK01527,train
BOOK00245,train
BOOK01042,train
BOOK01786,train
BOOK00385,train
BOOK00941,train
BOOK00085,train
BOOK00909,train
BOOK00170,train
BOOK01962,train
BOOK01434,train
BOOK01920,train
BOOK01035,train
BOOK01975,train
BOOK00110,train
BOOK00098,train
BOOK01304,train
BOOK00212,train
BOOK01519,train
BOOK00773,train
BOOK01045,train
BOOK00301,train
BOOK00459,train
BOOK01181,train
BOOK00414,train
BOOK00848,train
BOOK01357,train
BOOK00916,train
BOOK00440,train
BOOK01670,train
BOOK01378,train
BOOK00713,train
BOOK01351,train
BOOK00593,train
BOOK00721,train
BOOK00167,train
BOOK00475,train
BOOK00388,train
BOOK00982,train
BOOK01360,train
BOOK01371,train
BOOK01932,train
BOOK01880,train
BOOK01453,train
BOOK01124,train
BOOK00013,train
BOOK01581,train
BOOK01741,train
BOOK00290,train
BOOK01205,train
BOOK00300,train
BOOK01049,train
BOOK01461,train
BOOK00622,train
BOOK00754,train
BOOK01325,train
BOOK01104,train
BOOK02064,train
BOOK01324,train
BOOK01330,train
BOOK00311,train
BOOK01522,train
BOOK01628,train
BOOK00555,train
BOOK01924,train
BOOK01775,train
BOOK01201,train
BOOK00617,train
BOOK01759,train
BOOK00346,train
BOOK01403,train
BOOK01568,train
BOOK01604,train
BOOK00072,train
BOOK00645,train
BOOK00429,train
BOOK00546,train
BOOK01849,train
BOOK01245,train
BOOK00303,train
BOOK01278,train
BOOK00333,train
BOOK00360,train
BOOK00263,train
BOOK01295,train
BOOK00160,train
BOOK01917,train
BOOK01607,train
BOOK02048,train
BOOK01164,train
BOOK01772,train
BOOK00883,train
BOOK01391,train
BOOK00549,train
BOOK00055,train
BOOK01498,train
BOOK00761,train
BOOK00436,train
BOOK01028,train
BOOK00426,train
BOOK01079,train
BOOK01729,train
BOOK01973,train
BOOK00216,train
BOOK00735,train
BOOK00880,train
BOOK00115,train
BOOK01752,train
BOOK00010,train
BOOK01481,train
BOOK00837,train
BOOK00517,train
BOOK02041,train
BOOK02060,train
BOOK00194,train
BOOK00452,train
BOOK00940,train
BOOK01144,train
BOOK00757,train
BOOK00237,train
BOOK01803,train
BOOK01478,train
BOOK01942,train
BOOK01370,train
BOOK01070,train
BOOK00132,train
BOOK01153,train
BOOK01393,train
BOOK01051,train
BOOK01386,train
BOOK00958,train
BOOK00743,train
BOOK00856,train
BOOK02002,train
BOOK01195,train
BOOK01150,train
BOOK00980,train
BOOK01736,train
BOOK01984,train
BOOK00818,train
BOOK01279,train
BOOK00543,train
BOOK02051,train
BOOK01162,train
BOOK00209,train
BOOK01538,train
BOOK01626,train
BOOK01284,train
BOOK00274,train
BOOK01559,train
BOOK00234,train
BOOK00022,train
BOOK00575,train
BOOK01927,train
BOOK00521,train
BOOK01105,train
BOOK00934,train
BOOK00908,train
BOOK00626,train
BOOK00089,train
BOOK00083,train
BOOK00892,train
BOOK01421,train
BOOK01649,train
BOOK01560,train
BOOK00597,train
BOOK00012,train
BOOK00637,train
BOOK02047,train
BOOK00183,train
BOOK00731,train
BOOK01135,train
BOOK00006,train
BOOK00362,train
BOOK01503,train
BOOK00846,train
BOOK00471,train
BOOK00104,train
BOOK01228,train
BOOK00329,train
BOOK00319,train
BOOK00094,train
BOOK01662,train
BOOK01863,train
BOOK01029,train
BOOK00991,train
BOOK01864,train
BOOK01802,train
BOOK00394,train
BOOK00321,train
BOOK01781,train
BOOK00040,train
BOOK00139,train
BOOK00796,train
BOOK00921,train
BOOK01647,train
BOOK00646,train
BOOK01474,train
BOOK01941,train
BOOK00384,train
BOOK00191,train
BOOK02035,train
BOOK00885,train
BOOK01085,train
BOOK01594,train
BOOK00491,train
BOOK00552,train
BOOK00060,train
BOOK00337,train
BOOK00092,train
BOOK01838,train
BOOK00561,train
BOOK01815,train
BOOK01816,train
BOOK00377,train
BOOK00304,train
BOOK00074,train
BOOK01036,train
BOOK00891,train
BOOK00628,train
BOOK01835,train
BOOK01178,train
BOOK00335,train
BOOK00076,train
BOOK00048,train
BOOK01262,train
BOOK01642,train
BOOK01394,train
BOOK01126,train
BOOK01288,train
BOOK01629,train
BOOK00830,train
BOOK01353,train
BOOK01780,train
BOOK00239,train
BOOK00515,train
BOOK00988,train
BOOK00261,train
BOOK01789,train
BOOK00425,train
BOOK00202,train
BOOK00671,train
BOOK00734,train
BOOK01025,train
BOOK01185,train
BOOK00154,train
BOOK01090,train
BOOK01946,train
BOOK00057,train
BOOK00402,train
BOOK00334,train
BOOK00724,train
BOOK01523,train
BOOK00580,train
BOOK01575,train
BOOK00353,train
BOOK01565,train
BOOK01844,train
BOOK00406,train
BOOK01548,train
BOOK00129,train
BOOK01106,train
BOOK01776,train
BOOK01497,train
BOOK02020,train
BOOK00182,train
BOOK00700,train
BOOK02046,train
BOOK01484,train
BOOK01874,train
BOOK01429,train
BOOK01345,train
BOOK00812,train
BOOK01209,train
BOOK00297,train
BOOK00861,train
BOOK01725,train
BOOK00034,train
BOOK00226,train
BOOK00118,train
BOOK01021,train
BOOK01713,train
BOOK00661,train
BOOK00821,train
BOOK00468,train
BOOK00244,train
BOOK01377,train
BOOK01571,train
BOOK00354,train
BOOK01097,train
BOOK01389,train
BOOK00806,train
BOOK00117,train
BOOK00190,train
BOOK00043,train
BOOK01464,train
BOOK02007,train
BOOK01004,train
BOOK01438,train
BOOK00649,train
BOOK01868,train
BOOK01716,train
BOOK01903,train
BOOK01883,train
BOOK00409,train
BOOK01602,train
BOOK01466,train
BOOK00233,train
BOOK01711,train
BOOK01906,train
BOOK01294,train
BOOK02044,train
BOOK01950,train
BOOK00407,train
BOOK00870,train
BOOK01237,train
BOOK01018,train
BOOK00990,train
BOOK00213,train
BOOK00893,train
BOOK00376,train
BOOK01358,train
BOOK00901,train
BOOK01944,train
BOOK01182,train
BOOK01705,train
BOOK01869,train
BOOK01576,train
BOOK01555,train
BOOK00200,train
BOOK00484,train
BOOK01388,train
BOOK00523,train
BOOK00557,train
BOOK00677,train
BOOK00317,train
BOOK01597,train
BOOK00964,train
BOOK01463,train
BOOK01879,train
BOOK01885,train
BOOK00472,train
BOOK00166,train
BOOK00710,train
BOOK01174,train
BOOK01202,train
BOOK00930,train
BOOK00770,train
BOOK01145,train
BOOK01092,train
BOOK00123,train
BOOK01220,train
BOOK00807,train
BOOK01563,train
BOOK01483,train
BOOK01544,train
BOOK00105,train
BOOK00460,train
BOOK01439,train
BOOK01592,train
BOOK01513,train
BOOK01074,train
BOOK00704,train
BOOK02063,train
BOOK00005,train
BOOK00393,train
BOOK01651,train
BOOK01727,train
BOOK01227,train
BOOK00366,train
BOOK01639,train
BOOK00825,train
BOOK01655,train
BOOK00100,train
BOOK01179,train
BOOK00979,train
BOOK01374,train
BOOK00899,train
BOOK00448,train
BOOK00379,train
BOOK00349,train
BOOK00112,train
BOOK00065,train
BOOK01415,train
BOOK01871,train
BOOK01088,train
BOOK00372,train
BOOK01982,train
BOOK00699,train
BOOK00845,train
BOOK01625,train
BOOK00469,train
BOOK01047,train
BOOK01769,train
BOOK01567,train
BOOK01758,train
BOOK00444,train
BOOK00708,train
BOOK00986,train
BOOK01872,train
BOOK00953,train
BOOK01851,train
BOOK01615,train
BOOK00133,train
BOOK01951,train
BOOK00288,train
BOOK01151,train
BOOK00078,train
BOOK00508,train
BOOK01531,train
BOOK00836,train
BOOK01396,train
BOOK01141,train
BOOK01997,train
BOOK01961,train
BOOK00783,train
BOOK01617,train
BOOK01384,train
BOOK00250,train
BOOK00247,train
BOOK01913,train
BOOK01063,train
BOOK01549,train
BOOK01160,train
BOOK00904,train
BOOK00630,train
BOOK01155,train
BOOK00254,train
BOOK00566,train
BOOK01679,train
BOOK00280,train
BOOK00478,train
BOOK01730,train
BOOK00073,train
BOOK00051,train
BOOK00788,train
BOOK00802,train
BOOK01622,train
BOOK01080,train
BOOK01368,train
BOOK00977,train
BOOK00669,train
BOOK01678,train
BOOK01847,train
BOOK00199,train
BOOK01003,train
BOOK01680,train
BOOK01291,train
BOOK01337,train
BOOK00217,train
BOOK01707,train
BOOK01479,train
BOOK00497,train
BOOK01300,train
BOOK01146,train
BOOK00584,train
BOOK00684,train
BOOK00813,train
BOOK01093,train
BOOK00320,train
BOOK00866,train
BOOK01054,train
BOOK01387,train
BOOK00647,train
BOOK01250,train
BOOK00351,train
BOOK00486,train
BOOK00225,train
BOOK00605,train
BOOK00831,train
BOOK01928,train
BOOK01536,train
BOOK00017,train
BOOK00664,train
BOOK00144,train
BOOK00541,train
BOOK00292,train
BOOK00579,train
BOOK00355,train
BOOK00658,train
BOOK00787,train
BOOK00165,train
BOOK01168,train
BOOK00644,train
BOOK01691,train
BOOK00138,train
BOOK00803,train
BOOK01091,train
BOOK01569,train
BOOK01231,train
BOOK00654,train
BOOK01843,train
BOOK00432,train
BOOK01876,train
BOOK00957,train
BOOK01550,train
BOOK00996,train
BOOK01053,train
BOOK01652,train
BOOK00122,train
BOOK01937,train
BOOK01009,train
BOOK01447,train
BOOK00633,train
BOOK01460,train
BOOK01551,train
BOOK01407,train
BOOK00467,train
BOOK00061,train
BOOK01866,train
BOOK00849,train
BOOK01765,train
BOOK00896,train
BOOK01211,train
BOOK02023,train
BOOK00270,train
BOOK01039,train
BOOK00415,train
BOOK01148,train
BOOK00120,train
BOOK01545,train
BOOK00511,train
BOOK00390,train
BOOK01731,train
BOOK00733,train
BOOK01440,train
BOOK00462,train
BOOK01270,train
BOOK00298,train
BOOK00877,train
BOOK01667,train
BOOK00059,train
BOOK01834,train
BOOK00554,train
BOOK00370,train
BOOK00826,train
BOOK01156,train
BOOK00577,train
BOOK01308,train
BOOK01954,train
BOOK00090,train
BOOK01925,train
BOOK00612,train
BOOK00712,train
BOOK01774,train
BOOK00332,train
BOOK01601,train
BOOK01073,train
BOOK00018,train
BOOK00560,train
BOOK01653,train
BOOK01052,train
BOOK01196,train
BOOK01770,train
BOOK01115,train
BOOK01534,train
BOOK00026,train
BOOK00717,train
BOOK01533,train
BOOK01971,train
BOOK01645,train
BOOK00481,train
BOOK00725,train
BOOK01887,train
BOOK00504,train
BOOK00805,train
BOOK00736,train
BOOK00775,train
BOOK01502,train
BOOK00458,train
BOOK01893,train
BOOK00455,train
BOOK01698,train
BOOK01898,train
BOOK01363,train
BOOK00103,train
BOOK00548,train
BOOK00367,train
BOOK00428,train
BOOK00949,train
BOOK00696,train
BOOK00608,train
BOOK01107,train
BOOK01412,train
BOOK01432,train
BOOK00709,train
BOOK00381,train
BOOK00286,train
BOOK01972,train
BOOK01416,train
BOOK01241,train
BOOK01724,train
BOOK01119,train
BOOK01915,train
BOOK01110,train
BOOK01249,train
BOOK01605,train
BOOK01043,train
BOOK01114,train
BOOK01406,train
BOOK00395,train
BOOK01757,train
BOOK00599,train
BOOK02052,train
BOOK01978,train
BOOK01183,train
BOOK00918,train
BOOK00365,train
BOOK01108,train
BOOK00161,train
BOOK00493,train
BOOK00513,train
BOOK00187,train
BOOK00159,train
BOOK00824,train
BOOK00695,train
BOOK01631,train
BOOK01087,train
BOOK01500,train
BOOK00331,train
BOOK02026,train
BOOK01098,train
BOOK00774,train
BOOK01346,train
BOOK00505,train
BOOK00850,train
BOOK01276,train
BOOK00156,train
BOOK01075,train
BOOK01187,train
BOOK00638,train
BOOK02055,train
BOOK01998,train
BOOK00068,train
BOOK01748,train
BOOK00766,train
BOOK01914,train
BOOK01530,train
BOOK00445,train
BOOK01488,train
BOOK00361,train
BOOK00350,train
BOOK00932,train
BOOK00186,train
BOOK01566,train
BOOK01761,train
BOOK00099,train
BOOK01077,train
BOOK01214,train
BOOK01926,train
BOOK01965,train
BOOK00611,train
BOOK01610,train
BOOK01314,train
BOOK01486,train
BOOK01000,train
BOOK00640,train
BOOK01354,train
BOOK01480,train
BOOK00489,train
BOOK00375,train
BOOK02006,train
BOOK00960,train
BOOK00413,train
BOOK00439,train
BOOK01362,train
BOOK00348,train
BOOK01517,train
BOOK00771,train
BOOK00251,train
BOOK00625,train
BOOK00024,train
BOOK01990,train
BOOK00913,train
BOOK01224,train
BOOK00718,train
BOOK00176,train
BOOK00948,train
BOOK00442,train
BOOK01208,train
BOOK01897,train
BOOK00197,train
BOOK01253,train
BOOK01157,train
BOOK01425,train
BOOK01760,train
BOOK01449,train
BOOK01836,train
BOOK00477,train
BOOK01788,train
BOOK00865,train
BOOK01514,train
BOOK00924,train
BOOK00726,train
BOOK01557,train
BOOK02005,train
BOOK00670,train
BOOK00694,train
BOOK02022,train
BOOK01695,train
BOOK01580,train
BOOK00352,train
BOOK00572,train
BOOK00283,train
BOOK00537,train
BOOK01708,train
BOOK00833,train
BOOK00314,train
BOOK01048,train
BOOK01939,train
BOOK00109,train
BOOK01159,train
BOOK01570,train
BOOK01140,train
BOOK00267,train
BOOK00064,train
BOOK01216,train
BOOK00976,train
BOOK00474,train
BOOK01987,train
BOOK01824,train
BOOK01697,train
BOOK00864,train
BOOK01448,train
BOOK01193,train
BOOK00869,train
BOOK00659,train
BOOK01392,train
BOOK01084,train
BOOK00859,train
BOOK00193,train
BOOK01489,train
BOOK01169,train
BOOK00241,train
BOOK00835,train
BOOK02062,train
BOOK01673,train
BOOK01721,train
BOOK00741,train
BOOK00522,train
BOOK01820,train
BOOK00827,train
BOOK01873,train
BOOK01086,train
BOOK01966,train
BOOK01677,train
BOOK01985,train
BOOK01132,train
BOOK00206,train
BOOK00392,train
BOOK01467,train
BOOK01612,train
BOOK01310,train
BOOK00069,train
BOOK01686,train
BOOK00843,train
BOOK00035,train
BOOK01889,train
BOOK01475,train
BOOK02061,train
BOOK00993,train
BOOK00277,train
BOOK01661,train
BOOK01865,train
BOOK00983,train
BOOK02057,train
BOOK00044,train
BOOK00371,train
BOOK01573,train
BOOK00185,train
BOOK00485,train
BOOK01578,train
BOOK00309,train
BOOK02067,train
BOOK00933,train
BOOK00130,train
BOOK01290,train
BOOK00516,train
BOOK01543,train
BOOK01012,train
BOOK01587,train
BOOK01229,train
BOOK01315,train
BOOK00998,train
BOOK00272,train
BOOK00660,train
BOOK01355,train
BOOK00210,train
BOOK01853,train
BOOK01356,train
BOOK01672,train
BOOK00729,train
BOOK00313,train
BOOK01846,train
BOOK00231,train
BOOK00668,train
BOOK01994,train
BOOK00330,train
BOOK01931,train
BOOK00153,train
BOOK01826,train
BOOK01366,train
BOOK00981,train
BOOK01819,train
BOOK00636,train
BOOK01768,train
BOOK01059,train
BOOK00715,train
BOOK01381,train
BOOK00573,train
BOOK01050,train
BOOK01859,train
BOOK01753,train
BOOK00705,train
BOOK01501,train
BOOK00967,train
BOOK00530,train
BOOK00173,train
BOOK01811,train
BOOK01537,train
BOOK00038,train
BOOK01504,train
BOOK01909,train
BOOK00431,train
BOOK01318,train
BOOK00498,train
BOOK01782,train
BOOK01674,train
BOOK01257,train
BOOK00158,train
BOOK01265,train
BOOK01797,train
BOOK00970,train
BOOK01060,train
BOOK00315,train
BOOK01833,train
BOOK00079,train
BOOK00874,train
BOOK01857,train
BOOK01745,train
BOOK01715,train
BOOK01891,train
BOOK02040,train
BOOK00984,train
BOOK00389,train
BOOK00585,train
BOOK00944,train
BOOK00306,train
BOOK00146,train
BOOK00719,train
BOOK01509,train
BOOK00246,train
BOOK00686,train
BOOK01186,train
BOOK00882,train
BOOK01258,train
BOOK00947,train
BOOK01382,train
BOOK01271,train
BOOK01026,train
BOOK01907,train
BOOK00178,train
BOOK01476,train
BOOK01771,train
BOOK00253,train
BOOK01240,train
BOOK01096,train
BOOK00604,train
BOOK01956,train
BOOK01714,train
BOOK01512,train
BOOK01908,train
BOOK01800,train
BOOK00150,train
BOOK01327,train
BOOK00814,train
BOOK01704,train
BOOK00342,train
BOOK00936,train
BOOK00842,train
BOOK00502,train
BOOK01352,train
BOOK01904,train
BOOK00282,train
BOOK00810,train
BOOK00559,train
BOOK01641,train
BOOK01340,train
BOOK01413,train
BOOK00052,train
BOOK01955,train
BOOK01462,train
BOOK01894,train
BOOK01921,train
BOOK01875,train
BOOK01234,train
BOOK00583,train
BOOK00992,train
BOOK01166,train
BOOK00975,train
BOOK01510,train
BOOK00293,train
BOOK00786,train
BOOK01233,train
BOOK00143,train
BOOK00816,train
BOOK00476,train
BOOK01979,train
BOOK00423,train
BOOK01732,train
BOOK00732,train
BOOK01858,train
BOOK00618,train
BOOK01963,train
BOOK01194,train
BOOK00912,train
BOOK01750,train
BOOK01333,train
BOOK00610,train
BOOK01408,train
BOOK01506,train
BOOK00289,train
BOOK01983,train
BOOK01861,train
BOOK01313,train
BOOK00401,train
BOOK00071,train
BOOK01068,train
BOOK00693,train
BOOK01754,train
BOOK01747,train
BOOK00386,train
BOOK00380,train
BOOK00574,train
BOOK00180,train
BOOK01332,train
BOOK00817,train
BOOK01103,train
BOOK00111,train
BOOK01040,train
BOOK00219,train
BOOK01606,train
BOOK00338,train
BOOK01767,train
BOOK00147,train
BOOK00410,train
BOOK01787,train
BOOK01033,train
BOOK01083,train
BOOK01326,train
BOOK01608,train
BOOK01305,train
BOOK01766,train
BOOK00931,train
BOOK00927,train
BOOK01796,train
BOOK00480,train
BOOK00266,train
BOOK01301,train
BOOK00232,train
BOOK01118,train
BOOK00635,train
BOOK01822,train
BOOK01535,train
BOOK01477,train
BOOK00900,train
BOOK00678,train
BOOK00215,train
BOOK02010,train
BOOK00108,train
BOOK01217,train
BOOK01465,train
BOOK01094,train
BOOK01929,train
BOOK01968,train
BOOK01131,train
BOOK01235,train
BOOK00680,train
BOOK01400,train
BOOK01401,train
BOOK00260,train
BOOK01821,train
BOOK00025,train
BOOK01882,train
BOOK00271,train
BOOK02037,train
BOOK00494,train
BOOK00363,train
BOOK00081,train
BOOK01213,train
BOOK01143,train
BOOK01518,train
BOOK01454,train
BOOK01167,train
BOOK01735,train
BOOK01390,train
BOOK01444,train
BOOK00907,train
BOOK00230,train
BOOK00910,train
BOOK01329,train
BOOK01303,train
BOOK00781,train
BOOK00066,train
BOOK01260,train
BOOK01410,train
BOOK01383,train
BOOK00922,train
BOOK00096,train
BOOK00152,train
BOOK01359,train
BOOK01031,train
BOOK00126,train
BOOK01643,train
BOOK00149,train
BOOK01442,train
BOOK01817,train
BOOK00629,train
BOOK01890,train
BOOK00224,validation
BOOK01681,validation
BOOK00305,validation
BOOK00571,validation
BOOK01473,validation
BOOK01222,validation
BOOK01650,validation
BOOK00088,validation
BOOK01373,validation
BOOK00951,validation
BOOK01379,validation
BOOK00594,validation
BOOK01149,validation
BOOK02042,validation
BOOK01862,validation
BOOK01621,validation
BOOK00858,validation
BOOK00954,validation
BOOK00294,validation
BOOK01805,validation
BOOK01790,validation
BOOK00252,validation
BOOK00772,validation
BOOK01564,validation
BOOK00950,validation
BOOK00676,validation
BOOK01633,validation
BOOK01684,validation
BOOK01553,validation
BOOK00506,validation
BOOK01129,validation
BOOK00533,validation
BOOK01657,validation
BOOK00145,validation
BOOK00542,validation
BOOK01591,validation
BOOK01176,validation
BOOK00792,validation
BOOK01616,validation
BOOK01189,validation
BOOK01267,validation
BOOK00408,validation
BOOK01877,validation
BOOK01683,validation
BOOK01524,validation
BOOK00299,validation
BOOK00894,validation
BOOK01014,validation
BOOK01122,validation
BOOK00609,validation
BOOK01964,validation
BOOK01999,validation
BOOK00750,validation
BOOK00895,validation
BOOK01936,validation
BOOK00240,validation
BOOK01411,validation
BOOK01829,validation
BOOK00220,validation
BOOK01435,validation
BOOK00926,validation
BOOK01130,validation
BOOK00763,validation
BOOK01485,validation
BOOK00070,validation
BOOK00601,validation
BOOK01067,validation
BOOK01037,validation
BOOK00036,validation
BOOK00682,validation
BOOK01269,validation
BOOK01993,validation
BOOK00269,validation
BOOK01239,validation
BOOK01344,validation
BOOK01632,validation
BOOK00978,validation
BOOK01175,validation
BOOK00075,validation
BOOK01137,validation
BOOK01190,validation
BOOK01248,validation
BOOK00404,validation
BOOK00889,validation
BOOK00613,validation
BOOK01316,validation
BOOK00801,validation
BOOK00031,validation
BOOK00151,validation
BOOK00275,validation
BOOK01184,validation
BOOK01076,validation
BOOK01848,validation
BOOK00328,validation
BOOK00003,validation
BOOK00327,validation
BOOK00509,validation
BOOK01723,validation
BOOK00179,validation
BOOK00482,validation
BOOK01521,validation
BOOK01364,validation
BOOK01825,validation
BOOK00534,validation
BOOK01243,validation
BOOK01431,validation
BOOK01970,validation
BOOK02029,validation
BOOK00728,validation
BOOK01726,validation
BOOK00888,validation
BOOK01783,validation
BOOK00435,validation
BOOK00966,validation
BOOK00590,validation
BOOK00339,validation
BOOK00706,validation
BOOK01165,validation
BOOK00691,validation
BOOK00540,validation
BOOK01702,validation
BOOK00001,validation
BOOK01619,validation
BOOK01095,validation
BOOK00128,validation
BOOK00536,validation
BOOK01011,validation
BOOK00519,validation
BOOK00047,validation
BOOK01593,validation
BOOK01552,validation
BOOK01596,validation
BOOK01206,validation
BOOK01163,validation
BOOK01015,validation
BOOK01321,validation
BOOK00302,validation
BOOK01230,validation
BOOK01109,validation
BOOK01101,validation
BOOK01469,validation
BOOK01331,validation
BOOK00621,validation
BOOK00368,validation
BOOK01663,validation
BOOK00997,validation
BOOK00829,validation
BOOK00496,validation
BOOK00586,validation
BOOK01385,validation
BOOK00553,validation
BOOK01299,validation
BOOK01801,validation
BOOK01147,validation
BOOK00961,validation
BOOK00171,validation
BOOK00860,validation
BOOK00391,validation
BOOK00756,validation
BOOK01712,validation
BOOK01418,validation
BOOK01204,validation
BOOK01134,validation
BOOK00744,validation
BOOK02013,validation
BOOK01369,validation
BOOK00914,validation
BOOK01436,validation
BOOK00723,validation
BOOK01734,validation
BOOK01323,validation
BOOK00258,validation
BOOK00965,validation
BOOK01456,validation
BOOK01918,validation
BOOK00236,validation
BOOK01210,validation
BOOK01692,validation
BOOK00730,validation
BOOK00959,validation
BOOK00544,validation
BOOK00343,validation
BOOK01666,validation
BOOK00576,validation
BOOK01139,validation
BOOK01376,validation
BOOK00201,validation
BOOK01420,validation
BOOK01128,validation
BOOK02045,validation
BOOK00453,validation
BOOK01022,validation
BOOK00778,validation
BOOK00279,validation
BOOK00665,validation
BOOK00939,validation
BOOK00884,validation
BOOK01614,validation
BOOK01277,validation
BOOK00751,validation
BOOK00956,validation
BOOK00359,validation
BOOK01312,validation
BOOK01992,validation
BOOK00278,validation
BOOK01916,validation
BOOK01071,validation
BOOK00113,validation
BOOK01986,validation
BOOK01505,validation
BOOK00032,validation
BOOK01334,validation
BOOK01756,validation
BOOK01541,validation
BOOK02027,validation
BOOK01694,validation
BOOK00592,validation
BOOK01900,validation
BOOK00405,validation
BOOK00042,validation
BOOK01810,validation
BOOK00203,validation
BOOK00399,validation
BOOK00127,validation
BOOK00746,validation
BOOK01609,validation
BOOK00084,validation
BOOK00974,validation
BOOK00911,validation
BOOK01493,validation
BOOK01895,validation
BOOK01958,validation
BOOK00446,validation
BOOK01896,validation
BOOK02024,validation
BOOK01953,validation
BOOK01492,validation
BOOK01302,validation
BOOK01251,validation
BOOK01762,validation
BOOK01599,validation
BOOK01764,validation
BOOK01172,validation
BOOK01671,validation
BOOK00029,validation
BOOK02025,validation
BOOK00140,validation
BOOK01806,validation
BOOK01203,validation
BOOK01749,validation
BOOK01111,validation
BOOK00340,validation
BOOK00752,validation
BOOK00520,validation
BOOK01845,validation
BOOK00273,validation
BOOK01881,validation
BOOK01701,validation
BOOK00662,validation
BOOK01117,validation
BOOK00767,validation
BOOK02059,validation
BOOK00567,validation
BOOK00037,validation
BOOK01952,validation
BOOK01912,validation
BOOK00479,validation
BOOK01910,validation
BOOK00952,validation
BOOK01791,validation
BOOK00603,validation
BOOK01402,validation
BOOK01814,validation
BOOK01008,validation
BOOK00851,validation
BOOK00902,validation
BOOK01574,validation
BOOK01943,validation
BOOK00325,validation
BOOK00651,validation
BOOK01375,validation
BOOK01120,validation
BOOK01024,validation
BOOK02056,validation
BOOK00794,validation
BOOK00137,validation
BOOK00890,validation
BOOK00768,validation
BOOK00382,validation
BOOK01192,validation
BOOK00876,validation
BOOK00124,validation
BOOK00525,validation
BOOK00639,validation
BOOK01905,validation
BOOK00358,validation
BOOK00969,validation
BOOK01804,validation
BOOK01618,validation
BOOK00500,validation
BOOK01722,validation
BOOK00008,validation
BOOK00547,validation
BOOK01437,validation
BOOK00417,validation
BOOK00808,validation
BOOK00619,test
BOOK01515,test
BOOK00600,test
BOOK00855,test
BOOK00987,test
BOOK00764,test
BOOK01057,test
BOOK01884,test
BOOK00832,test
BOOK00396,test
BOOK00136,test
BOOK01081,test
BOOK00995,test
BOOK01644,test
BOOK00968,test
BOOK00551,test
BOOK01827,test
BOOK01808,test
BOOK01341,test
BOOK01740,test
BOOK01911,test
BOOK01627,test
BOOK01773,test
BOOK00688,test
BOOK00447,test
BOOK00809,test
BOOK00119,test
BOOK01339,test
BOOK00125,test
BOOK00531,test
BOOK01689,test
BOOK01298,test
BOOK01611,test
BOOK01275,test
BOOK01980,test
BOOK00985,test
BOOK01699,test
BOOK00674,test
BOOK00441,test
BOOK01263,test
BOOK00946,test
BOOK01635,test
BOOK01446,test
BOOK00157,test
BOOK00765,test
BOOK00198,test
BOOK00596,test
BOOK00527,test
BOOK00653,test
BOOK01852,test
BOOK01630,test
BOOK01842,test
BOOK01041,test
BOOK00811,test
BOOK00030,test
BOOK01888,test
BOOK00789,test
BOOK01282,test
BOOK00163,test
BOOK01738,test
BOOK00457,test
BOOK00994,test
BOOK01634,test
BOOK00265,test
BOOK00853,test
BOOK00056,test
BOOK01654,test
BOOK01342,test
BOOK01710,test
BOOK00488,test
BOOK00759,test
BOOK00208,test
BOOK02038,test
BOOK00016,test
BOOK01247,test
BOOK01320,test
BOOK01648,test
BOOK00799,test
BOOK00570,test
BOOK01688,test
BOOK02001,test
BOOK01693,test
BOOK00872,test
BOOK00264,test
BOOK00503,test
BOOK01082,test
BOOK00276,test
BOOK00011,test
BOOK01347,test
BOOK01742,test
BOOK01123,test
BOOK00449,test
BOOK01089,test
BOOK00285,test
BOOK00588,test
BOOK00529,test
BOOK01424,test
BOOK01343,test
BOOK00499,test
BOOK00524,test
BOOK00378,test
BOOK00748,test
BOOK00753,test
BOOK01818,test
BOOK00727,test
BOOK00172,test
BOOK01779,test
BOOK01529,test
BOOK01099,test
BOOK01292,test
BOOK01100,test
BOOK00403,test
BOOK00917,test
BOOK02016,test
BOOK00942,test
BOOK00973,test
BOOK00235,test
BOOK02031,test
BOOK01020,test
BOOK01860,test
BOOK01335,test
BOOK00692,test
BOOK01152,test
BOOK02004,test
BOOK00049,test
BOOK01066,test
BOOK01656,test
BOOK01526,test
BOOK01974,test
BOOK00268,test
BOOK01268,test
BOOK00972,test
BOOK01445,test
BOOK00703,test
BOOK00627,test
BOOK00758,test
BOOK00595,test
BOOK01794,test
BOOK00466,test
BOOK01238,test
BOOK00470,test
BOOK01744,test
BOOK00652,test
BOOK01348,test
BOOK01046,test
BOOK01496,test
BOOK00091,test
BOOK01807,test
BOOK00793,test
BOOK00238,test
BOOK00041,test
BOOK02008,test
BOOK01372,test
BOOK00438,test
BOOK00785,test
BOOK01746,test
BOOK00550,test
BOOK00229,test
BOOK02039,test
BOOK01934,test
BOOK00424,test
BOOK00905,test
BOOK01562,test
BOOK01899,test
BOOK00624,test
BOOK00819,test
BOOK00205,test
BOOK01259,test
BOOK00514,test
BOOK00324,test
BOOK00134,test
BOOK01603,test
BOOK00698,test
BOOK00711,test
BOOK01728,test
BOOK01188,test
BOOK00087,test
BOOK00255,test
BOOK00742,test
BOOK02030,test
BOOK01508,test
BOOK00501,test
BOOK00602,test
BOOK00538,test
BOOK00641,test
BOOK00935,test
BOOK00556,test
BOOK00316,test
BOOK00322,test
BOOK01005,test
BOOK01457,test
BOOK00063,test
BOOK01016,test
BOOK01317,test
BOOK00106,test
BOOK00875,test
BOOK00344,test
BOOK00685,test
BOOK00427,test
BOOK00839,test
BOOK01154,test
BOOK00675,test
BOOK01171,test
BOOK00903,test
BOOK00062,test
BOOK00004,test
BOOK01010,test
BOOK00164,test
BOOK01664,test
BOOK01336,test
BOOK00464,test
BOOK00169,test
BOOK00148,test
BOOK01668,test
BOOK00249,test
BOOK01200,test
BOOK01254,test
BOOK01867,test
BOOK00262,test
BOOK01841,test
BOOK01785,test
BOOK01640,test
BOOK00854,test
BOOK00697,test
BOOK01703,test
BOOK01311,test
BOOK00510,test
BOOK02049,test
BOOK00800,test
BOOK01718,test
BOOK01490,test
BOOK00387,test
BOOK00512,test
BOOK01297,test
BOOK00769,test
BOOK00308,test
BOOK00456,test
BOOK00589,test
BOOK01285,test
BOOK01854,test
BOOK00545,test
BOOK00141,test
BOOK00248,test
BOOK01588,test
BOOK01499,test
BOOK00871,test
BOOK00535,test
BOOK00582,test
BOOK00135,test
BOOK01638,test
BOOK01795,test
BOOK00422,test
BOOK01491,test
BOOK01006,test
BOOK01443,test
BOOK01922,test
BOOK02011,test
BOOK01289,test
BOOK01487,test
BOOK00616,test
BOOK01244,test
BOOK00434,test
BOOK00002,test
BOOK00779,test
BOOK00714,test
BOOK00473,test
BOOK02033,test
BOOK01112,test
BOOK00606,test
BOOK00955,test
BOOK01236,test
BOOK01577,test
BOOK01837,test
BOOK00336,test
BOOK01687,test
BOOK00507,test
BOOK01613,test
BOOK01572,test
BOOK01113,test
BOOK01058,test
BOOK00815,test
BOOK00443,test
BOOK01528,test
BOOK00323,test
BOOK01065,test
BOOK01286,test
BOOK01017,test
BOOK01525,test
BOOK01367,test
BOOK01423,test
BOOK01242,test
BOOK01414,test
BOOK01511,test
BOOK01737,test
BOOK00565,test
BOOK01739,test
BOOK01784,test
BOOK00844,test
BOOK00823,test
BOOK01957,test
BOOK01976,test
BOOK01637,test
BOOK01056,test
BOOK01266,test
BOOK01215,test
BOOK00562,test
