book_id,known_publication_languages_display,observed_publication_language_count,has_multilingual_publication_evidence
BOOK00001,English,1,False
BOOK00002,"English, Turkish",2,True
BOOK00003,Indonesian,1,False
BOOK00004,English,1,False
BOOK00005,English,1,False
BOOK00006,"Spanish, Mandarin Chinese, English",3,True
BOOK00007,English,1,False
BOOK00008,English,1,False
BOOK00009,English,1,False
BOOK00010,"English, Spanish, Chinese",3,True
BOOK00011,English,1,False
BOOK00012,English,1,False
BOOK00013,English,1,False
BOOK00014,English,1,False
BOOK00015,English,1,False
BOOK00016,"English, German",2,True
BOOK00017,English,1,False
BOOK00018,English,1,False
BOOK00019,"English, Spanish",2,True
BOOK00020,English,1,False
BOOK00021,English,1,False
BOOK00022,English,1,False
BOOK00023,English,1,False
BOOK00024,English,1,False
BOOK00025,"Russian, Chinese, English",3,True
BOOK00026,English,1,False
BOOK00027,"English, Spanish",2,True
BOOK00028,"English, Spanish",2,True
BOOK00029,English,1,False
BOOK00030,English,1,False
BOOK00031,English,1,False
BOOK00032,English,1,False
BOOK00033,English,1,False
BOOK00034,English,1,False
BOOK00035,English,1,False
BOOK00036,English,1,False
BOOK00037,English,1,False
BOOK00038,English,1,False
BOOK00039,English,1,False
BOOK00040,English,1,False
BOOK00041,English,1,False
BOOK00042,English,1,False
BOOK00043,"English, Chinese",2,True
BOOK00044,English,1,False
BOOK00045,English,1,False
BOOK00046,English,1,False
BOOK00047,"Spanish, Hebrew, English",3,True
BOOK00048,English,1,False
BOOK00049,English,1,False
BOOK00050,English,1,False
BOOK00051,English,1,False
BOOK00052,English,1,False
BOOK00053,English,1,False
BOOK00054,English,1,False
BOOK00055,English,1,False
BOOK00056,English,1,False
BOOK00057,English,1,False
BOOK00058,English,1,False
BOOK00059,English,1,False
BOOK00060,English,1,False
BOOK00061,English,1,False
BOOK00062,English,1,False
BOOK00063,,0,False
BOOK00064,English,1,False
BOOK00065,English,1,False
BOOK00066,English,1,False
BOOK00067,English,1,False
BOOK00068,English,1,False
BOOK00069,English,1,False
BOOK00070,English,1,False
BOOK00071,English,1,False
BOOK00072,English,1,False
BOOK00073,English,1,False
BOOK00074,English,1,False
BOOK00075,English,1,False
BOOK00076,English,1,False
BOOK00077,English,1,False
BOOK00078,English,1,False
BOOK00079,English,1,False
BOOK00080,English,1,False
BOOK00081,English,1,False
BOOK00082,English,1,False
BOOK00083,English,1,False
BOOK00084,,0,False
BOOK00085,English,1,False
BOOK00086,,0,False
BOOK00087,English,1,False
BOOK00088,English,1,False
BOOK00089,English,1,False
BOOK00090,English,1,False
BOOK00091,English,1,False
BOOK00092,English,1,False
BOOK00093,English,1,False
BOOK00094,English,1,False
BOOK00095,English,1,False
BOOK00096,English,1,False
BOOK00097,English,1,False
BOOK00098,English,1,False
BOOK00099,English,1,False
BOOK00100,English,1,False
BOOK00101,English,1,False
BOOK00102,English,1,False
BOOK00103,English,1,False
BOOK00104,"English, Chinese",2,True
BOOK00105,English,1,False
BOOK00106,English,1,False
BOOK00107,English,1,False
BOOK00108,English,1,False
BOOK00109,,0,False
BOOK00110,English,1,False
BOOK00111,,0,False
BOOK00112,English,1,False
BOOK00113,English,1,False
BOOK00114,English,1,False
BOOK00115,English,1,False
BOOK00116,English,1,False
BOOK00117,English,1,False
BOOK00118,English,1,False
BOOK00119,English,1,False
BOOK00120,English,1,False
BOOK00121,English,1,False
BOOK00122,English,1,False
BOOK00124,English,1,False
BOOK00125,English,1,False
BOOK00126,English,1,False
BOOK00127,English,1,False
BOOK00128,,0,False
BOOK00129,English,1,False
BOOK00130,English,1,False
BOOK00131,English,1,False
BOOK00132,English,1,False
BOOK00133,English,1,False
BOOK00134,English,1,False
BOOK00135,English,1,False
BOOK00136,English,1,False
BOOK00137,English,1,False
BOOK00138,English,1,False
BOOK00139,English,1,False
BOOK00140,English,1,False
BOOK00141,,0,False
BOOK00142,,0,False
BOOK00143,,0,False
BOOK00144,,0,False
BOOK00145,English,1,False
BOOK00146,English,1,False
BOOK00147,English,1,False
BOOK00148,English,1,False
BOOK00149,English,1,False
BOOK00150,"English, Chinese, Korean",3,True
BOOK00151,English,1,False
BOOK00152,English,1,False
BOOK00153,English,1,False
BOOK00154,English,1,False
BOOK00155,English,1,False
BOOK00156,English,1,False
BOOK00157,English,1,False
BOOK00158,English,1,False
BOOK00159,English,1,False
BOOK00160,English,1,False
BOOK00161,English,1,False
BOOK00162,,0,False
BOOK00163,English,1,False
BOOK00164,English,1,False
BOOK00165,English,1,False
BOOK00166,,0,False
BOOK00167,English,1,False
BOOK00168,,0,False
BOOK00169,English,1,False
BOOK00170,,0,False
BOOK00171,English,1,False
BOOK00172,English,1,False
BOOK00173,English,1,False
BOOK00174,English,1,False
BOOK00175,English,1,False
BOOK00176,English,1,False
BOOK00177,English,1,False
BOOK00178,English,1,False
BOOK00179,English,1,False
BOOK00180,English,1,False
BOOK00181,English,1,False
BOOK00182,Korean,1,False
BOOK00183,English,1,False
BOOK00184,,0,False
BOOK00185,English,1,False
BOOK00186,English,1,False
BOOK00187,English,1,False
BOOK00188,English,1,False
BOOK00189,English,1,False
BOOK00190,English,1,False
BOOK00191,,0,False
BOOK00192,English,1,False
BOOK00193,English,1,False
BOOK00194,English,1,False
BOOK00195,English,1,False
BOOK00196,English,1,False
BOOK00197,English,1,False
BOOK00198,"French, English",2,True
BOOK00199,English,1,False
BOOK00200,English,1,False
BOOK00201,English,1,False
BOOK00202,English,1,False
BOOK00203,English,1,False
BOOK00204,English,1,False
BOOK00205,English,1,False
BOOK00206,English,1,False
BOOK00207,English,1,False
BOOK00208,English,1,False
BOOK00209,English,1,False
BOOK00210,English,1,False
BOOK00211,English,1,False
BOOK00212,English,1,False
BOOK00213,English,1,False
BOOK00214,English,1,False
BOOK00215,,0,False
BOOK00216,English,1,False
BOOK00217,English,1,False
BOOK00218,English,1,False
BOOK00219,English,1,False
BOOK00220,English,1,False
BOOK00221,English,1,False
BOOK00222,English,1,False
BOOK00223,English,1,False
BOOK00224,English,1,False
BOOK00225,English,1,False
BOOK00226,English,1,False
BOOK00227,English,1,False
BOOK00228,English,1,False
BOOK00229,English,1,False
BOOK00230,English,1,False
BOOK00231,English,1,False
BOOK00232,English,1,False
BOOK00233,English,1,False
BOOK00234,English,1,False
BOOK00235,English,1,False
BOOK00236,English,1,False
BOOK00237,,0,False
BOOK00238,English,1,False
BOOK00239,"Spanish, English",2,True
BOOK00240,English,1,False
BOOK00241,English,1,False
BOOK00242,English,1,False
BOOK00243,English,1,False
BOOK00244,English,1,False
BOOK00245,,0,False
BOOK00246,English,1,False
BOOK00247,English,1,False
BOOK00248,English,1,False
BOOK00249,,0,False
BOOK00250,English,1,False
BOOK00251,English,1,False
BOOK00252,English,1,False
BOOK00253,English,1,False
BOOK00254,English,1,False
BOOK00255,English,1,False
BOOK00256,English,1,False
BOOK00257,English,1,False
BOOK00258,English,1,False
BOOK00259,English,1,False
BOOK00260,English,1,False
BOOK00261,English,1,False
BOOK00262,English,1,False
BOOK00263,English,1,False
BOOK00264,,0,False
BOOK00265,English,1,False
BOOK00266,English,1,False
BOOK00267,English,1,False
BOOK00268,English,1,False
BOOK00269,English,1,False
BOOK00270,English,1,False
BOOK00271,English,1,False
BOOK00272,English,1,False
BOOK00273,English,1,False
BOOK00274,English,1,False
BOOK00275,English,1,False
BOOK00276,English,1,False
BOOK00277,German,1,False
BOOK00278,English,1,False
BOOK00279,English,1,False
BOOK00280,English,1,False
BOOK00281,"English, French, German, Chinese, Norwegian",5,True
BOOK00282,"English, Indonesian",2,True
BOOK00283,English,1,False
BOOK00284,English,1,False
BOOK00285,English,1,False
BOOK00286,English,1,False
BOOK00287,English,1,False
BOOK00288,English,1,False
BOOK00289,"English, Chinese, German",3,True
BOOK00290,English,1,False
BOOK00291,English,1,False
BOOK00292,"English, Chinese",2,True
BOOK00293,English,1,False
BOOK00294,English,1,False
BOOK00295,English,1,False
BOOK00296,English,1,False
BOOK00297,"English, Chinese",2,True
BOOK00298,English,1,False
BOOK00299,English,1,False
BOOK00300,English,1,False
BOOK00301,"English, Spanish",2,True
BOOK00302,English,1,False
BOOK00303,English,1,False
BOOK00304,English,1,False
BOOK00305,English,1,False
BOOK00306,English,1,False
BOOK00307,English,1,False
BOOK00308,English,1,False
BOOK00309,"English, Japanese",2,True
BOOK00310,English,1,False
BOOK00311,English,1,False
BOOK00312,English,1,False
BOOK00313,English,1,False
BOOK00314,English,1,False
BOOK00315,"English, Spanish",2,True
BOOK00316,English,1,False
BOOK00317,English,1,False
BOOK00318,English,1,False
BOOK00319,English,1,False
BOOK00320,English,1,False
BOOK00321,English,1,False
BOOK00322,English,1,False
BOOK00323,English,1,False
BOOK00324,English,1,False
BOOK00325,English,1,False
BOOK00326,English,1,False
BOOK00327,English,1,False
BOOK00328,English,1,False
BOOK00329,English,1,False
BOOK00330,English,1,False
BOOK00331,English,1,False
BOOK00332,"English, Chinese",2,True
BOOK00333,"English, Portuguese, Chinese, Vietnamese, Spanish, Russian, Japanese, Czech, Korean",9,True
BOOK00334,English,1,False
BOOK00335,,0,False
BOOK00336,English,1,False
BOOK00337,English,1,False
BOOK00338,English,1,False
BOOK00339,English,1,False
BOOK00340,English,1,False
BOOK00341,English,1,False
BOOK00342,English,1,False
BOOK00343,English,1,False
BOOK00344,English,1,False
BOOK00345,English,1,False
BOOK00346,English,1,False
BOOK00347,English,1,False
BOOK00348,English,1,False
BOOK00349,English,1,False
BOOK00350,English,1,False
BOOK00351,"French, Finnish, English, Spanish",4,True
BOOK00352,,0,False
BOOK00353,English,1,False
BOOK00354,English,1,False
BOOK00355,English,1,False
BOOK00356,English,1,False
BOOK00357,English,1,False
BOOK00358,English,1,False
BOOK00359,English,1,False
BOOK00360,English,1,False
BOOK00361,English,1,False
BOOK00362,English,1,False
BOOK00363,English,1,False
BOOK00364,English,1,False
BOOK00365,English,1,False
BOOK00366,English,1,False
BOOK00367,English,1,False
BOOK00368,English,1,False
BOOK00369,English,1,False
BOOK00370,English,1,False
BOOK00371,English,1,False
BOOK00372,English,1,False
BOOK00373,English,1,False
BOOK00374,"Arabic, English",2,True
BOOK00375,English,1,False
BOOK00376,English,1,False
BOOK00377,English,1,False
BOOK00378,English,1,False
BOOK00379,,0,False
BOOK00380,English,1,False
BOOK00381,English,1,False
BOOK00382,English,1,False
BOOK00383,English,1,False
BOOK00384,English,1,False
BOOK00385,English,1,False
BOOK00386,"German, English",2,True
BOOK00387,English,1,False
BOOK00388,English,1,False
BOOK00389,English,1,False
BOOK00390,English,1,False
BOOK00391,English,1,False
BOOK00392,English,1,False
BOOK00393,English,1,False
BOOK00394,English,1,False
BOOK00395,English,1,False
BOOK00396,English,1,False
BOOK00397,English,1,False
BOOK00398,English,1,False
BOOK00399,English,1,False
BOOK00400,English,1,False
BOOK00401,English,1,False
BOOK00402,English,1,False
BOOK00403,English,1,False
BOOK00404,English,1,False
BOOK00405,English,1,False
BOOK00406,English,1,False
BOOK00407,English,1,False
BOOK00408,English,1,False
BOOK00409,English,1,False
BOOK00410,English,1,False
BOOK00411,English,1,False
BOOK00412,,0,False
BOOK00413,English,1,False
BOOK00414,English,1,False
BOOK00415,English,1,False
BOOK00416,English,1,False
BOOK00417,English,1,False
BOOK00418,English,1,False
BOOK00419,English,1,False
BOOK00420,English,1,False
BOOK00421,English,1,False
BOOK00422,English,1,False
BOOK00423,English,1,False
BOOK00424,English,1,False
BOOK00425,English,1,False
BOOK00426,,0,False
BOOK00427,"German, English",2,True
BOOK00428,English,1,False
BOOK00429,English,1,False
BOOK00430,English,1,False
BOOK00431,English,1,False
BOOK00432,,0,False
BOOK00433,English,1,False
BOOK00434,English,1,False
BOOK00435,English,1,False
BOOK00436,English,1,False
BOOK00437,English,1,False
BOOK00438,English,1,False
BOOK00439,English,1,False
BOOK00440,English,1,False
BOOK00441,English,1,False
BOOK00442,English,1,False
BOOK00443,English,1,False
BOOK00444,English,1,False
BOOK00445,English,1,False
BOOK00446,English,1,False
BOOK00447,English,1,False
BOOK00448,English,1,False
BOOK00449,English,1,False
BOOK00450,English,1,False
BOOK00451,German,1,False
BOOK00452,English,1,False
BOOK00453,English,1,False
BOOK00454,English,1,False
BOOK00455,,0,False
BOOK00456,English,1,False
BOOK00457,English,1,False
BOOK00458,,0,False
BOOK00459,English,1,False
BOOK00460,English,1,False
BOOK00461,German,1,False
BOOK00462,English,1,False
BOOK00463,English,1,False
BOOK00464,English,1,False
BOOK00465,English,1,False
BOOK00466,English,1,False
BOOK00467,English,1,False
BOOK00468,English,1,False
BOOK00469,English,1,False
BOOK00470,English,1,False
BOOK00471,"Romanian, French, English",3,True
BOOK00472,English,1,False
BOOK00473,English,1,False
BOOK00474,English,1,False
BOOK00475,English,1,False
BOOK00476,English,1,False
BOOK00477,English,1,False
BOOK00478,English,1,False
BOOK00479,English,1,False
BOOK00480,English,1,False
BOOK00481,English,1,False
BOOK00482,English,1,False
BOOK00483,English,1,False
BOOK00484,English,1,False
BOOK00485,English,1,False
BOOK00486,English,1,False
BOOK00487,English,1,False
BOOK00488,English,1,False
BOOK00489,English,1,False
BOOK00490,English,1,False
BOOK00491,English,1,False
BOOK00492,English,1,False
BOOK00493,English,1,False
BOOK00494,English,1,False
BOOK00495,English,1,False
BOOK00496,English,1,False
BOOK00497,English,1,False
BOOK00498,English,1,False
BOOK00499,English,1,False
BOOK00500,English,1,False
BOOK00501,English,1,False
BOOK00502,English,1,False
BOOK00503,English,1,False
BOOK00504,English,1,False
BOOK00505,English,1,False
BOOK00506,English,1,False
BOOK00507,,0,False
BOOK00508,English,1,False
BOOK00509,,0,False
BOOK00510,English,1,False
BOOK00511,English,1,False
BOOK00512,English,1,False
BOOK00513,English,1,False
BOOK00514,English,1,False
BOOK00515,,0,False
BOOK00516,English,1,False
BOOK00517,English,1,False
BOOK00518,English,1,False
BOOK00519,English,1,False
BOOK00520,English,1,False
BOOK00521,English,1,False
BOOK00522,English,1,False
BOOK00523,English,1,False
BOOK00524,English,1,False
BOOK00525,English,1,False
BOOK00526,English,1,False
BOOK00527,English,1,False
BOOK00528,English,1,False
BOOK00529,English,1,False
BOOK00530,English,1,False
BOOK00531,English,1,False
BOOK00532,English,1,False
BOOK00533,English,1,False
BOOK00534,,0,False
BOOK00535,English,1,False
BOOK00536,English,1,False
BOOK00537,English,1,False
BOOK00538,English,1,False
BOOK00539,English,1,False
BOOK00540,English,1,False
BOOK00541,English,1,False
BOOK00542,English,1,False
BOOK00543,,0,False
BOOK00544,English,1,False
BOOK00545,English,1,False
BOOK00546,English,1,False
BOOK00547,English,1,False
BOOK00548,English,1,False
BOOK00549,English,1,False
BOOK00550,English,1,False
BOOK00551,English,1,False
BOOK00552,English,1,False
BOOK00553,English,1,False
BOOK00554,English,1,False
BOOK00555,English,1,False
BOOK00556,English,1,False
BOOK00557,English,1,False
BOOK00558,English,1,False
BOOK00559,English,1,False
BOOK00560,English,1,False
BOOK00561,English,1,False
BOOK00562,English,1,False
BOOK00563,English,1,False
BOOK00564,English,1,False
BOOK00565,English,1,False
BOOK00566,English,1,False
BOOK00567,English,1,False
BOOK00568,English,1,False
BOOK00569,English,1,False
BOOK00570,English,1,False
BOOK00571,English,1,False
BOOK00572,English,1,False
BOOK00573,English,1,False
BOOK00574,English,1,False
BOOK00575,English,1,False
BOOK00576,English,1,False
BOOK00577,English,1,False
BOOK00578,English,1,False
BOOK00579,English,1,False
BOOK00580,English,1,False
BOOK00581,English,1,False
BOOK00582,English,1,False
BOOK00583,English,1,False
BOOK00584,English,1,False
BOOK00585,English,1,False
BOOK00586,English,1,False
BOOK00587,English,1,False
BOOK00588,English,1,False
BOOK00589,English,1,False
BOOK00590,English,1,False
BOOK00591,English,1,False
BOOK00592,English,1,False
BOOK00593,English,1,False
BOOK00594,English,1,False
BOOK00595,English,1,False
BOOK00596,,0,False
BOOK00597,English,1,False
BOOK00598,English,1,False
BOOK00599,English,1,False
BOOK00600,English,1,False
BOOK00601,English,1,False
BOOK00602,English,1,False
BOOK00603,English,1,False
BOOK00604,English,1,False
BOOK00605,English,1,False
BOOK00606,,0,False
BOOK00607,English,1,False
BOOK00608,English,1,False
BOOK00609,English,1,False
BOOK00610,,0,False
BOOK00611,English,1,False
BOOK00612,English,1,False
BOOK00613,English,1,False
BOOK00614,English,1,False
BOOK00615,English,1,False
BOOK00616,English,1,False
BOOK00617,English,1,False
BOOK00618,English,1,False
BOOK00619,English,1,False
BOOK00620,English,1,False
BOOK00621,English,1,False
BOOK00622,English,1,False
BOOK00623,English,1,False
BOOK00624,English,1,False
BOOK00625,English,1,False
BOOK00626,English,1,False
BOOK00627,English,1,False
BOOK00628,English,1,False
BOOK00629,English,1,False
BOOK00630,English,1,False
BOOK00631,English,1,False
BOOK00632,"English, Spanish",2,True
BOOK00633,English,1,False
BOOK00634,English,1,False
BOOK00635,English,1,False
BOOK00636,English,1,False
BOOK00637,English,1,False
BOOK00638,Spanish,1,False
BOOK00639,English,1,False
BOOK00640,English,1,False
BOOK00641,English,1,False
BOOK00642,English,1,False
BOOK00643,English,1,False
BOOK00644,English,1,False
BOOK00645,,0,False
BOOK00646,English,1,False
BOOK00647,English,1,False
BOOK00648,English,1,False
BOOK00649,English,1,False
BOOK00650,English,1,False
BOOK00651,English,1,False
BOOK00652,English,1,False
BOOK00653,English,1,False
BOOK00654,,0,False
BOOK00655,English,1,False
BOOK00656,English,1,False
BOOK00657,English,1,False
BOOK00658,English,1,False
BOOK00659,English,1,False
BOOK00660,"English, Chinese",2,True
BOOK00661,English,1,False
BOOK00662,English,1,False
BOOK00663,English,1,False
BOOK00664,English,1,False
BOOK00665,English,1,False
BOOK00666,English,1,False
BOOK00667,English,1,False
BOOK00668,English,1,False
BOOK00669,English,1,False
BOOK00670,English,1,False
BOOK00671,English,1,False
BOOK00672,English,1,False
BOOK00673,English,1,False
BOOK00674,English,1,False
BOOK00675,English,1,False
BOOK00676,English,1,False
BOOK00677,English,1,False
BOOK00678,English,1,False
BOOK00679,English,1,False
BOOK00680,English,1,False
BOOK00681,English,1,False
BOOK00682,English,1,False
BOOK00683,English,1,False
BOOK00684,English,1,False
BOOK00685,English,1,False
BOOK00686,English,1,False
BOOK00687,English,1,False
BOOK00688,English,1,False
BOOK00689,English,1,False
BOOK00690,English,1,False
BOOK00691,English,1,False
BOOK00692,English,1,False
BOOK00693,English,1,False
BOOK00694,English,1,False
BOOK00695,English,1,False
BOOK00696,English,1,False
BOOK00697,English,1,False
BOOK00698,English,1,False
BOOK00699,English,1,False
BOOK00700,English,1,False
BOOK00701,English,1,False
BOOK00702,English,1,False
BOOK00703,English,1,False
BOOK00704,English,1,False
BOOK00705,English,1,False
BOOK00706,English,1,False
BOOK00707,English,1,False
BOOK00708,English,1,False
BOOK00709,English,1,False
BOOK00710,English,1,False
BOOK00711,English,1,False
BOOK00712,English,1,False
BOOK00713,English,1,False
BOOK00714,,0,False
BOOK00715,"English, Spanish",2,True
BOOK00716,English,1,False
BOOK00717,,0,False
BOOK00718,English,1,False
BOOK00719,English,1,False
BOOK00720,English,1,False
BOOK00721,English,1,False
BOOK00722,English,1,False
BOOK00723,English,1,False
BOOK00724,,0,False
BOOK00725,English,1,False
BOOK00726,English,1,False
BOOK00727,English,1,False
BOOK00728,English,1,False
BOOK00729,English,1,False
BOOK00730,English,1,False
BOOK00731,English,1,False
BOOK00732,English,1,False
BOOK00733,English,1,False
BOOK00734,"Vietnamese, Spanish, English",3,True
BOOK00735,English,1,False
BOOK00736,English,1,False
BOOK00737,English,1,False
BOOK00738,English,1,False
BOOK00739,English,1,False
BOOK00740,English,1,False
BOOK00741,English,1,False
BOOK00742,English,1,False
BOOK00743,English,1,False
BOOK00744,English,1,False
BOOK00745,English,1,False
BOOK00746,English,1,False
BOOK00747,English,1,False
BOOK00748,English,1,False
BOOK00749,English,1,False
BOOK00750,English,1,False
BOOK00751,English,1,False
BOOK00752,English,1,False
BOOK00753,English,1,False
BOOK00754,English,1,False
BOOK00755,English,1,False
BOOK00756,,0,False
BOOK00757,English,1,False
BOOK00758,English,1,False
BOOK00759,English,1,False
BOOK00760,English,1,False
BOOK00761,English,1,False
BOOK00762,English,1,False
BOOK00763,English,1,False
BOOK00764,English,1,False
BOOK00765,English,1,False
BOOK00766,English,1,False
BOOK00767,English,1,False
BOOK00768,English,1,False
BOOK00769,English,1,False
BOOK00770,English,1,False
BOOK00771,English,1,False
BOOK00772,English,1,False
BOOK00773,English,1,False
BOOK00774,English,1,False
BOOK00775,English,1,False
BOOK00776,English,1,False
BOOK00777,English,1,False
BOOK00778,English,1,False
BOOK00779,English,1,False
BOOK00780,English,1,False
BOOK00781,English,1,False
BOOK00782,English,1,False
BOOK00783,English,1,False
BOOK00784,English,1,False
BOOK00785,English,1,False
BOOK00786,English,1,False
BOOK00787,English,1,False
BOOK00788,English,1,False
BOOK00789,,0,False
BOOK00790,English,1,False
BOOK00791,English,1,False
BOOK00792,English,1,False
BOOK00793,English,1,False
BOOK00794,English,1,False
BOOK00795,English,1,False
BOOK00796,English,1,False
BOOK00797,English,1,False
BOOK00798,English,1,False
BOOK00799,English,1,False
BOOK00800,,0,False
BOOK00801,English,1,False
BOOK00802,English,1,False
BOOK00803,English,1,False
BOOK00804,English,1,False
BOOK00805,English,1,False
BOOK00806,English,1,False
BOOK00807,English,1,False
BOOK00808,English,1,False
BOOK00809,"French, Spanish, Germanic languages, German, English, Czech",6,True
BOOK00810,English,1,False
BOOK00811,English,1,False
BOOK00812,English,1,False
BOOK00813,English,1,False
BOOK00814,English,1,False
BOOK00815,English,1,False
BOOK00816,English,1,False
BOOK00817,English,1,False
BOOK00818,English,1,False
BOOK00819,English,1,False
BOOK00820,English,1,False
BOOK00821,English,1,False
BOOK00822,English,1,False
BOOK00823,English,1,False
BOOK00824,English,1,False
BOOK00825,"German, English, Spanish",3,True
BOOK00826,English,1,False
BOOK00827,"English, Spanish",2,True
BOOK00828,English,1,False
BOOK00829,English,1,False
BOOK00830,English,1,False
BOOK00831,English,1,False
BOOK00832,English,1,False
BOOK00833,English,1,False
BOOK00834,English,1,False
BOOK00835,English,1,False
BOOK00836,English,1,False
BOOK00837,English,1,False
BOOK00838,English,1,False
BOOK00839,English,1,False
BOOK00840,English,1,False
BOOK00841,English,1,False
BOOK00842,English,1,False
BOOK00843,English,1,False
BOOK00844,English,1,False
BOOK00845,English,1,False
BOOK00846,English,1,False
BOOK00847,English,1,False
BOOK00848,English,1,False
BOOK00849,English,1,False
BOOK00850,English,1,False
BOOK00851,English,1,False
BOOK00853,English,1,False
BOOK00854,English,1,False
BOOK00855,English,1,False
BOOK00856,"English, Spanish, Chinese",3,True
BOOK00857,English,1,False
BOOK00858,English,1,False
BOOK00859,"English, Italian, Spanish, Polish, Chinese",5,True
BOOK00860,English,1,False
BOOK00861,English,1,False
BOOK00862,English,1,False
BOOK00863,English,1,False
BOOK00864,English,1,False
BOOK00865,English,1,False
BOOK00866,English,1,False
BOOK00867,English,1,False
BOOK00868,English,1,False
BOOK00869,English,1,False
BOOK00870,English,1,False
BOOK00871,English,1,False
BOOK00872,English,1,False
BOOK00873,English,1,False
BOOK00874,English,1,False
BOOK00875,English,1,False
BOOK00876,English,1,False
BOOK00877,English,1,False
BOOK00878,English,1,False
BOOK00879,English,1,False
BOOK00880,English,1,False
BOOK00881,English,1,False
BOOK00882,English,1,False
BOOK00883,English,1,False
BOOK00884,English,1,False
BOOK00885,English,1,False
BOOK00886,English,1,False
BOOK00887,English,1,False
BOOK00888,English,1,False
BOOK00889,English,1,False
BOOK00890,English,1,False
BOOK00891,English,1,False
BOOK00892,English,1,False
BOOK00893,English,1,False
BOOK00894,English,1,False
BOOK00895,English,1,False
BOOK00896,Spanish,1,False
BOOK00897,English,1,False
BOOK00898,English,1,False
BOOK00899,English,1,False
BOOK00900,English,1,False
BOOK00901,English,1,False
BOOK00902,English,1,False
BOOK00903,English,1,False
BOOK00904,,0,False
BOOK00905,English,1,False
BOOK00906,English,1,False
BOOK00907,English,1,False
BOOK00908,English,1,False
BOOK00909,,0,False
BOOK00910,English,1,False
BOOK00911,English,1,False
BOOK00912,,0,False
BOOK00913,English,1,False
BOOK00914,English,1,False
BOOK00915,"Italian, English, Japanese",3,True
BOOK00916,English,1,False
BOOK00917,English,1,False
BOOK00918,English,1,False
BOOK00919,English,1,False
BOOK00920,English,1,False
BOOK00921,English,1,False
BOOK00922,English,1,False
BOOK00923,English,1,False
BOOK00924,English,1,False
BOOK00925,English,1,False
BOOK00926,English,1,False
BOOK00927,English,1,False
BOOK00928,English,1,False
BOOK00929,English,1,False
BOOK00930,English,1,False
BOOK00931,English,1,False
BOOK00932,"English, Chinese, Spanish",3,True
BOOK00933,English,1,False
BOOK00934,English,1,False
BOOK00935,English,1,False
BOOK00936,English,1,False
BOOK00937,English,1,False
BOOK00938,English,1,False
BOOK00939,English,1,False
BOOK00940,English,1,False
BOOK00941,English,1,False
BOOK00942,English,1,False
BOOK00943,English,1,False
BOOK00944,English,1,False
BOOK00945,English,1,False
BOOK00946,English,1,False
BOOK00947,English,1,False
BOOK00948,English,1,False
BOOK00949,English,1,False
BOOK00950,English,1,False
