book_id,canonical_title,source_group,PC1,PC2,PC3
BOOK00001,Principle-Centered Leadership,Open Library only,3.6298034978266696,-0.26718026400054534,0.3849772204068376
BOOK00002,Leadership in Organizations,Open Library only,2.520034916814358,1.1207870653065428,0.45549208736677704
BOOK00003,Kepemimpinan =,Open Library only,2.1055162399045027,-0.835645353676462,-2.1655576712409137
BOOK00004,Spiritual leadership,Open Library only,2.5936256753200055,0.8892207940705177,-1.1354665659601897
BOOK00005,Leadership,Open Library only,1.679114959858657,-0.7176617784838836,-0.3019622165173493
BOOK00006,The 21 Irrefutable Laws of Leadership,Open Library only,3.8241612076358424,-1.3736981240162354,0.2020714757880454
BOOK00007,Leadership,Open Library only,1.246249472390282,-0.3235404003547809,0.26896094084908573
BOOK00008,Leadership and performance beyond expectations,Open Library only,2.847211890545868,-1.5787222637556586,-1.9807541113846574
BOOK00009,A Higher Loyalty,Open Library only,0.9719219757197125,-1.3183303336152314,1.0544485773779693
BOOK00010,Leadership and Self Deception,Open Library only,2.9289119403305457,-0.30719173865219285,1.2510079394760236
BOOK00011,Leadership,Open Library only,0.8890338545430754,-0.553021042937338,1.1198044538836174
BOOK00012,Leadership,Open Library only,1.8604629840675007,-0.0046350845574974495,0.16407829105498098
BOOK00013,Lincoln on Leadership,Open Library only,1.9502077645535592,-0.9102672882209892,-0.9091181562621853
BOOK00014,Leadership,Open Library only,1.0098468775228508,0.7103121501998584,-1.063993596234602
BOOK00015,Leadership,Open Library only,1.0870437236464014,-0.5172711297238455,-0.12104430267857497
BOOK00016,The leadership challenge,Both,1.9377511539827244,1.310846963513456,1.1472252425855995
BOOK00017,ORGANIZATIONAL CULTURE AND LEADERSHIP,Open Library only,1.235995670947126,0.3506617701387981,0.14526493483333772
BOOK00018,Leadership,Open Library only,0.40544862779704643,-1.6451790408093343,-0.6576990046574593
BOOK00019,Leadership In Turbulent Times,Open Library only,1.0223451670728054,-1.0126681760162026,1.206330635795059
BOOK00020,Leadership,Open Library only,1.1389491896491204,0.1935518252805566,-0.18465505371954283
BOOK00021,Transformational Leadership,Open Library only,0.7699387711811502,-0.29214498189061056,0.6090812518036062
BOOK00022,Tribal leadership,Open Library only,1.4272836899856374,-0.525097508244652,0.9029826972524578
BOOK00023,Tough Minded Leadership,Open Library only,0.7292201724509946,-0.034764261140059434,-0.8625236016747981
BOOK00024,Transforming Leadership,Open Library only,0.6319638490955449,-0.34397968819769453,0.1966553153051433
BOOK00025,Leadership,Open Library only,0.48738942274042696,-0.33806557982621266,0.01853372762767883
BOOK00026,Transformation leadership,Open Library only,-0.820701146249337,-0.642174254473237,-0.6844057612393831
BOOK00027,Las cinco disfunciones de un equipo,Open Library only,2.3840950360102853,-0.5878429010259347,0.9339937976001375
BOOK00028,The Tao of leadership,Open Library only,1.84517470145628,0.6809095838749206,0.10636404194820881
BOOK00029,The student leadership challenge,Open Library only,0.5315154080525626,1.3227848886910731,1.7781006885800978
BOOK00030,Reframing Organizations,Open Library only,1.3727224276492245,1.2813872010475398,1.2886301335581194
BOOK00031,Wooden on Leadership,Open Library only,0.4621436707177695,-0.8590710242847724,-0.22704554708086191
BOOK00032,Brand leadership,Open Library only,0.03627191127549383,0.08063942024233743,0.04479247033382571
BOOK00033,SuperVision and Instructional Leadership,Open Library only,1.1148474467479703,0.15636372038681612,0.8178191732341042
BOOK00034,Leadership,Open Library only,-0.40841863529002226,0.5647285797901874,1.1726766877317096
BOOK00035,Leadership Strategy and Tactics,Open Library only,-0.0327078466168528,-0.9241410543351503,1.0711093339990325
BOOK00036,Leadership,Both,-0.17817156173510337,-0.6689650756769754,1.47563036520944
BOOK00037,Improving organizational effectiveness through transformational leadership,Open Library only,0.9633833617152107,-0.7403932093353887,-0.9910172792919087
BOOK00038,Introduction to Leadership,Open Library only,-0.596325964500436,-0.23256291975453616,0.5535141500660474
BOOK00039,Teacher leadership,Open Library only,0.8813229898815014,2.729666012246772,-1.6475875056346876
BOOK00040,HR leadership,Open Library only,-0.6881072265619883,0.18466745846963745,0.8881073189354102
BOOK00041,Leadership in health care,Open Library only,-0.372131033602907,0.6421571624897813,1.3891569646595474
BOOK00042,Organizational culture and leadership,Open Library only,1.1291775682652072,0.3118296110549828,-0.7047353711915327
BOOK00043,Leadership and the one minute manager,Open Library only,1.5421671478910277,0.2286366895554268,-0.4674243671263085
BOOK00044,School leadership and administration,Open Library only,1.2040904164259287,0.3388119309736345,-0.37347134036946694
BOOK00045,Leadership Is an Art,Open Library only,0.5304933531707546,0.6048594861901389,-0.18161056776897114
BOOK00046,Small unit leadership,Open Library only,-0.010797180150923406,0.5249913460184333,-1.25133095266349
BOOK00047,Leadership Wisdom from the Monk Who Sold His Ferrari,Open Library only,2.5978797494252017,-0.19883346621090703,0.8896699346782685
BOOK00048,Monday morning leadership,Open Library only,1.5875560720051147,-1.8653326243716668,-1.1654915662633805
BOOK00049,Leadership for dummies,Open Library only,-0.1087476840135965,-0.11239276568216168,-0.4057720087579882
BOOK00050,Leadership,Open Library only,-0.09258777610276701,-1.0528415036194503,-0.29772666637345313
BOOK00051,Curriculum leadership,Open Library only,0.06151399241649869,0.6593018097386054,-0.6700414198259118
BOOK00052,Transformational leadership development,Open Library only,-0.5801109853486803,0.08621697160048816,-1.3426388357919754
BOOK00053,Full range leadership development,Open Library only,-0.8508890700514046,-0.20087752894896319,0.2796964087028871
BOOK00054,Leadership Development in Balance,Open Library only,-1.1390374369101712,0.6495500834090943,0.5536722097450992
BOOK00055,Full range leadership development,Open Library only,-1.2135035453380079,0.4375593431276929,0.8961067070929455
BOOK00056,Leadership Development,Open Library only,-1.6341479620863697,-0.009100190170876536,0.9828580640576114
BOOK00057,Leadership development basics,Open Library only,-1.52140978789575,0.06616160499180342,0.0789233124374782
BOOK00059,The Center for Creative Leadership handbook of leadership development,Open Library only,-1.242204876326782,0.5313248464559678,0.25238817167784733
BOOK00060,Applied leadership development,Open Library only,-1.6379887473162211,0.04232465870186996,0.7248538036525909
BOOK00061,Full leadership development,Open Library only,-1.4493717401039186,0.00017970393380981747,-0.9080538021294668
BOOK00062,Implementing problem-based learning in leadership development,Open Library only,-1.2709956402759892,0.45725001202449883,-0.6941838094205831
BOOK00063,Leadership Development Studies,Open Library only,-1.5778347402399142,-0.7925532022944722,-0.39456875661032687
BOOK00064,The making of a leader,Open Library only,0.212176157931219,-0.036024740135391545,-1.1709628819055802
BOOK00065,Accelerating Leadership Development,Open Library only,-1.5111766328806233,-0.1330305167720148,0.4225864509078713
BOOK00067,College Student Leadership Development,Open Library only,-1.758352741402633,-0.1552755437910071,0.6371231567902278
BOOK00068,The Center for Creative Leadership handbook of leadership development,Open Library only,-1.6872031224574093,-0.19179581815943286,-0.10479730658609133
BOOK00069,Leadership development program,Open Library only,-1.6237304290498262,0.3439066928726083,-0.4944634142650173
BOOK00070,Servant Leadership,Open Library only,-1.466945362321608,0.10083766696624093,0.3605965565549547
BOOK00072,Leading Small Business,Open Library only,-1.5713218542300222,-0.13204931003060882,0.556535588294425
BOOK00074,Leadership Development,Open Library only,-1.2790676768864626,0.5200342255605704,0.0079062994239081
BOOK00075,Accelerated Leadership Development,Open Library only,-1.854205509510872,-0.5644149813543925,0.2087051441970611
BOOK00077,Leadership for a Better World,Open Library only,-1.2605378749308496,0.15082052438038396,0.7439498625541515
BOOK00080,The handbook for student leadership development,Open Library only,-1.7798288340434683,-0.5202645788327352,-0.4365827988341177
BOOK00082,Servant Leadership Development,Open Library only,-2.091659824316474,-0.9364234320198171,-0.04313532773909647
BOOK00083,Full range leadership development,Open Library only,-1.882906840499646,-0.47064947802611756,-0.435013391218037
BOOK00084,The Art of Christian Leadership,Open Library only,-1.3592535664618992,-0.06851535324007862,0.11532438404867107
BOOK00086,Ethical leadership,Open Library only,-1.5489020663927209,0.2745888483638017,-1.062018292784342
BOOK00087,Leadership development,Open Library only,-1.6733070584202832,0.3910948008015132,-1.0989941433322215
BOOK00088,Phi Theta Kappa leadership development program,Open Library only,-1.5402292355230949,0.530216274470088,-0.6512146396565935
BOOK00089,Best practices in leadership development and organization change,Open Library only,-1.40836046511771,0.5546760080949394,0.29378793382575613
BOOK00090,Collaborative leadership,Open Library only,-1.3666098683543442,0.6478307988936793,0.215412321129968
BOOK00091,Transnational leadership development,Open Library only,-1.5913503543491703,0.21734361940395247,0.3236207060070753
BOOK00092,Distributed School Leadership,Open Library only,-1.6666900783049952,0.13609016203014496,0.08113526823749294
BOOK00095,The Pfeiffer book of successful leadership development tools,Open Library only,-1.526475081383955,0.1200396772042295,-0.03138995913027767
BOOK00096,Leadership development,Open Library only,-1.3810528810767235,1.0431783363926928,-1.6476234322027383
BOOK00097,Foundations of Educational Leadership,Open Library only,-1.6132726637046868,0.03747720522849346,0.9436702577097174
BOOK00098,Strategic leadership development,Open Library only,-1.94468593738216,-0.21441133939029616,-0.5895526608095986
BOOK00099,Executive Leadership,Open Library only,0.8595842652773242,0.815232186358063,-1.5576425556151836
BOOK00100,Executive leadership,Open Library only,-0.8886232892904102,1.0406384904417896,-0.21943491211296218
BOOK00101,Executive leadership,Open Library only,-0.27725356727698575,3.018430510788171,-1.564349348555503
BOOK00103,Executive leadership,Open Library only,-0.5460409458094104,2.906274152367491,-3.2151356861185008
BOOK00104,Effective Executive,Open Library only,4.680574691550729,0.9148335664595257,0.1226061865775946
BOOK00105,Executive Leadership for Effective Administration,Open Library only,-1.7072316225765576,0.15759711127512846,-0.337712188873441
BOOK00108,Executive Leadership Council Journal,Open Library only,-2.0693369334131044,-0.17546407214415774,0.7584679392500056
BOOK00110,Executive Leadership,Open Library only,-1.100911738284788,2.0721522404505324,-1.44340781591428
BOOK00112,Principles and problems of executive leadership,Open Library only,-0.9535755971212048,2.5128557482898457,-2.214945530156261
BOOK00116,Chief nursing executives' leadership style and effectiveness,Open Library only,-1.4261309498982735,0.4133398278205056,-1.313530849214578
BOOK00119,Executive leadership in Anglo-American systems,Open Library only,-1.6842110404801038,0.8826469093118972,-0.8433723079799683
BOOK00120,The focused executive,Open Library only,-1.9455327356446945,-0.6103816642242275,-0.3174499721743549
BOOK00121,Executive leadership,Open Library only,-1.2119052103084902,2.0942699022250513,-2.4275981957445243
BOOK00122,Executive Leadership,Open Library only,-2.5479243067361907,-0.8866834033346261,0.08042141052069618
BOOK00130,"Presidents, Prime Ministers and Chancellors",Open Library only,-1.5831888847782638,0.3223997436276248,-0.0756159571540833
BOOK00145,Applied team leadership,Open Library only,-1.5744033222848242,-0.5911743426124829,-0.5727438920206862
BOOK00148,Team leadership,Open Library only,-1.8411562437362803,-0.3774946872273776,-0.5133890039138251
BOOK00149,Team leadership,Open Library only,-1.5819798322864607,0.43706148367134817,-0.5728390269608054
BOOK00150,Team of Rivals,Open Library only,3.224182819886272,-1.2511721284607187,0.6083898822038101
BOOK00151,Interprofessional Health Care Team,Open Library only,-1.7093769062913284,-0.5208752913622703,0.1287601238851922
BOOK00152,Team leadership in Christian ministry,Open Library only,-1.4875746566999086,0.13181895675844413,-0.9852120877046345
BOOK00153,Leading self-directed work teams,Open Library only,-0.8504203726944202,0.9089992376171553,-0.1422766265377945
BOOK00154,Team Leadership,Open Library only,-1.6654810258131918,0.2507519020738684,-0.41608780156922914
BOOK00155,Team leadership in the game industry,Open Library only,-1.6875653766866778,0.08951276663077501,0.12032307458538699
BOOK00156,Team leadership,Open Library only,-1.7150576551836487,0.2979400100027733,-1.0206185306364333
BOOK00157,Team Leadership,Open Library only,-2.174314219580671,-0.7267626887833657,-0.15848679098276386
BOOK00158,The Team Leadership Practices Inventory,Open Library only,-1.4567280419963635,0.7165258560675679,-0.8079658650481698
BOOK00162,Effective Team Leadership,Open Library only,-1.9655612357638428,-0.2609887347896661,-0.5503648544617045
BOOK00163,Leadership Team Coaching,Open Library only,-0.4390468106522959,0.2274837806420589,1.115649650742071
BOOK00164,Team leadership,Open Library only,-1.8094628307702008,0.6031825369156775,-0.6082454698926039
BOOK00165,Remote Team Leadership,Open Library only,-2.1534389211989877,-0.6801852933839957,-0.19767459733065798
BOOK00166,Operations Team Leadership (Leadership Guides),Open Library only,-1.79855884871038,0.1116304284052935,-0.8638673052448569
BOOK00167,Leaders Eat Last,Open Library only,6.709252686317237,2.665654692163454,-3.8439581624293964
BOOK00169,Tools for team leadership,Open Library only,-1.8315471816436868,0.4419434014725842,-0.07183459373798777
BOOK00176,Virtual team leadership and collaborative engineering advancements,Open Library only,-1.9655612357638428,-0.2609887347896661,-0.5503648544617045
BOOK00184,The Five Dysfunctions of a Team,Open Library only,0.004723811911982191,-1.1399418974905353,-0.988859245325496
BOOK00188,Five Dysfunctions of a Team,Open Library only,-0.6541610564621133,0.3382042136358842,0.7709805612170721
BOOK00189,Team of Teams,Open Library only,1.4646768092003444,-1.7173152660183775,0.36869314740092873
BOOK00193,Transformational Leadership,Open Library only,0.03989929829798657,-0.15293971532229358,-0.49923185913045404
BOOK00194,Transformational leadership,Open Library only,-0.5342240822656763,-0.2163462693116561,-0.25727075526092086
BOOK00195,Transformative leadership in education,Open Library only,-1.1067467951699481,0.3551466721806945,1.0689028843338593
BOOK00196,Transforming leadership,Open Library only,-0.3563486155769177,0.23528087923698485,-0.976946779660469
BOOK00197,Transformational Leadership,Open Library only,-1.7792280397843159,-0.2018529391903771,0.6763109631381219
BOOK00198,Radical Transformational Leadership,Open Library only,-1.7302522046730113,-0.5674526867616402,0.16794793023308616
BOOK00199,Transformative Leadership Primer,Open Library only,-1.6379887473162211,0.04232465870186996,0.7248538036525909
BOOK00200,The dark side of transformational leadership,Open Library only,-1.5297714701779555,0.22378678682597322,0.7869190323181411
BOOK00201,Transformational leadership,Open Library only,-1.8620315421179632,-0.4240720826267476,-0.47420119756593104
BOOK00202,Transforming leadership: from vision to results,Open Library only,-1.1779928611420418,0.6056858441256192,-1.4174952846520898
BOOK00203,Transforming leadership,Open Library only,-1.6115279615377693,0.13485666216569187,-0.9444548737406598
BOOK00204,Charismatic and transformational leadership,Open Library only,-1.4236502761026237,0.5540532207600214,-1.2971451308717064
BOOK00205,Transformational Leadership,Open Library only,-2.091659824316474,-0.9364234320198171,-0.04313532773909647
BOOK00206,Transformative Leadership in Action,Open Library only,-1.917193658885189,-0.4228385827622946,0.5513889444122217
BOOK00207,Transformational Leadership Styles for Global Leaders,Open Library only,-1.88360453169273,-0.4347399161872269,0.8722499948775922
BOOK00208,7 principles of transformational leadership,Open Library only,-1.8333302111291891,-0.5178375859550225,0.16951733784916698
BOOK00209,Uniting the Virtual Workforce,Open Library only,-1.0736508026462364,0.7028174430919852,1.0087018608966531
BOOK00210,"Women, spirituality, and transformative leadership",Open Library only,-1.7293159734500436,-0.003642024167964908,0.1986986872811751
BOOK00211,Transformational leadership,Open Library only,-1.5489020663927209,0.2745888483638017,-1.062018292784342
BOOK00212,Transformative Leadership and Sustainable Innovation in Education,Open Library only,-2.00069485241192,-0.6091481643597745,0.708140169803798
BOOK00213,Transforming leadership,Open Library only,-1.4567280419963635,0.7165258560675679,-0.8079658650481698
BOOK00214,Transforming Leadership,Open Library only,-1.9029353406187943,-0.12125654859155625,-0.6679282735053866
BOOK00215,Transforming Leadership,Open Library only,-1.7776835503286972,0.15820782380466344,-0.903055111592751
BOOK00216,Transformative Leadership,Open Library only,-2.0908130260539393,-0.5404531071858859,-0.3152380163743401
BOOK00217,The Transformational Leadership Compass,Open Library only,-1.938068957266872,-0.4694159781616644,0.5905767507601157
BOOK00218,Sustainability Mindset and Transformative Leadership,Open Library only,-2.0621116950651652,-0.6342186105141607,0.328480519040758
BOOK00219,Transforming Leadership,Open Library only,-1.8403094454737456,0.01847563760655359,-0.7854916925490688
BOOK00220,Transformational leadership in East Africa,Open Library only,-1.6087672224188831,0.04839183565047309,-0.37186180354542353
BOOK00222,Transforming leadership,Open Library only,-1.7172029388984198,-0.38053239263462535,-0.5541462178777999
BOOK00224,Action Inquiry,Open Library only,-1.5831888847782638,0.3223997436276248,-0.0756159571540833
BOOK00226,Transformational leadership,Open Library only,-2.1116883244356224,-0.5870305025852559,-0.276050210026446
BOOK00228,Transformative Leadership,Open Library only,-2.2995660098707678,-1.0062270611795854,0.0766400471046006
BOOK00229,Transformational leadership,Open Library only,-1.7150576551836487,0.2979400100027733,-1.0206185306364333
BOOK00234,Servant leadership,Open Library only,0.838447862249386,0.7693414309094104,-1.0840269787365395
BOOK00235,The case for servant leadership,Open Library only,-0.1525302636147469,-0.6900509205724052,-0.16327721131092432
BOOK00236,The power of servant-leadership,Open Library only,-0.7441897971436996,0.5747396085695167,0.050455820722266766
BOOK00238,Servant leadership,Open Library only,-1.3135930353018894,-0.03187510360817234,-0.34370550808955125
BOOK00239,Scrum Mastery,Open Library only,-1.023323822480996,0.08422426344624902,0.9017401568939917
BOOK00240,Servant-leadership across cultures,Open Library only,-1.483296304260193,-0.23331798559257494,-0.14677184767068666
BOOK00241,Seven pillars of servant leadership,Open Library only,-1.225099951466077,-0.6792098831425817,-0.5942891517658927
BOOK00242,Servant leadership,Open Library only,-1.7172029388984198,-0.38053239263462535,-0.5541462178777999
BOOK00243,Reflections on leadership,Open Library only,-0.5347247154048473,-0.2217894288537042,-1.1908167723693528
BOOK00244,Strength in servant leadership,Open Library only,-1.2788216728830804,0.5975929107521436,-1.3770901511835754
BOOK00245,Servant leadership,Open Library only,-1.070068689066252,1.0633668647458432,-1.7689682146625159
BOOK00246,Servant leadership,Open Library only,-1.8620315421179632,-0.4240720826267476,-0.47420119756593104
BOOK00247,Handbook for secular Franciscan servant leadership,Open Library only,-1.5084499550815915,0.08524156135907417,-0.9460242813567405
BOOK00248,Focus on Leadership,Open Library only,-1.3752826992239702,0.3922033727873931,-0.19539133199778025
BOOK00249,Servant Leadership in Action,Open Library only,-1.854205509510872,-0.5644149813543925,0.2087051441970611
BOOK00250,Servant Leadership,Open Library only,-2.1951895179623535,-0.7733400841827357,-0.11929898463486976
BOOK00251,Servant leadership,Open Library only,-1.819434147092063,0.06505303300592355,-0.8246794988969629
BOOK00252,Servant leadership,Open Library only,-2.028187130908891,-0.400720920987776,-0.43280143541802224
BOOK00254,Servant Leadership for Slow Learners,Open Library only,-1.6950291550645005,-0.051452919431787966,-0.7877036483490836
BOOK00255,Robert K. Greenleaf,Open Library only,-1.2660037499669081,-0.37639434910739034,-0.7880162277053483
BOOK00256,The Servant Leadership Training Course,Open Library only,-1.7785303485912318,-0.23776250102926777,-0.6309524229575073
BOOK00257,The Model of Servant-Leadership,Open Library only,-1.414977445232998,0.8096806468663078,-0.8863414777439579
BOOK00259,Leader As Servant Leadership Model,Open Library only,-2.0829869934468483,-0.6807960059135307,0.3676683253886521
BOOK00260,Servant Leadership,Open Library only,-2.1534389211989877,-0.6801852933839957,-0.19767459733065798
BOOK00261,Global Servant-Leadership,Open Library only,-2.0412363966834826,-0.587641215114791,0.289292712692864
BOOK00262,Servant leadership in nursing,Open Library only,-1.8324834128666545,-0.1218672611210913,-0.10258535078607663
BOOK00263,Servant Leadership,Open Library only,-1.9655612357638428,-0.2609887347896661,-0.5503648544617045
BOOK00264,Servant Leadership Roadmap,Open Library only,-2.0290339291714257,-0.7966912458217073,-0.16069874678277862
BOOK00267,The servant,Open Library only,0.42583012599324277,-0.2710715523644024,-0.2938199061723409
BOOK00268,A Woman's Guide to Servant Leadership,Open Library only,-1.6950291550645005,-0.051452919431787966,-0.7877036483490836
BOOK00272,Personal and Organizational Excellence Through Servant Leadership,Open Library only,-1.6934774684374176,-0.25257948599073016,0.2821124916528749
BOOK00275,The spirit of servant-leadership,Open Library only,-2.028187130908891,-0.400720920987776,-0.43280143541802224
BOOK00276,Idiot Guide to Servant Leadership,Open Library only,-2.007311832527208,-0.35414352558840606,-0.4719892417659163
BOOK00280,Paul on leadership,Open Library only,-1.5619513321673124,0.0876685542367869,-0.3399241446734557
BOOK00281,Marketing management,Open Library only,7.738001408957425,-0.7750720880100092,0.32137393468315295
BOOK00282,Management information systems,Open Library only,7.324223610276683,1.4028841668791743,-0.28469343757405996
BOOK00283,Marketing Management,Open Library only,5.497508137493817,-4.960249675535007,-1.2173369332947046
BOOK00284,Human Resource management,Open Library only,4.274218895611179,-1.8753060612784405,-0.6248744847020847
BOOK00285,Operations management,Open Library only,4.288695989688445,-1.1797878642312052,0.7366429950921962
BOOK00286,Principles of management,Open Library only,5.213285302151576,0.6763892074682908,-1.3916466142071509
BOOK00287,Strategic management,Open Library only,4.589266540816896,0.4568292758003477,-0.3152719561776313
BOOK00288,Statistics for management,Open Library only,4.784838906344421,-0.6371436199323991,-0.6899692376921618
BOOK00289,The Night Manager,Open Library only,3.3462879622934874,0.07415742911051093,1.184929004194635
BOOK00290,Strategic management,Open Library only,3.801543358342568,0.2787551559693051,1.4076203690373588
BOOK00291,Management,Open Library only,3.824654979167336,0.10897912139796159,0.45079412763386606
BOOK00292,High Output Management,Open Library only,3.65449070911475,-0.8536315017296003,-0.8012694604884402
BOOK00293,Financial Management,Open Library only,4.276193097675115,0.3123205437127578,0.17325478901069502
BOOK00294,Human resource management,Open Library only,3.693493724756099,0.1735610880455352,1.0967720224027966
BOOK00295,"Mind Management, Not Time Management",Open Library only,2.398293858636142,-2.9855844176776567,-0.23176423109655697
BOOK00296,Strategic management and business policy,Open Library only,4.239160366867017,0.3380110744716521,0.802412983257945
BOOK00297,The Practice of Management,Open Library only,4.158476112580597,1.9309676774725366,-0.416495162152502
BOOK00298,Human Resource Management,Open Library only,3.072249118222005,-0.7338504090209972,0.0735900086236321
BOOK00299,Project management,Open Library only,2.8283960497475245,1.111905397905769,-0.6952475579294569
BOOK00300,Introduction to management accounting,Open Library only,3.3547223332234783,0.49535148053523875,-0.024567664965601678
BOOK00301,The Principles of Scientific Management,Open Library only,4.4953006552717225,4.209633475610665,-2.0116774760522644
BOOK00302,Management of organizational behavior,Open Library only,3.9924005204507913,0.6504295393720863,-0.3778994354574912
BOOK00303,Retailing management,Open Library only,2.683182238299231,-0.9925792103683071,-0.6375956109542671
BOOK00304,Strategic management,Open Library only,3.0343097030518704,0.25122153872149044,0.09692153314951979
BOOK00305,Operations Management,Open Library only,3.3491483170431477,0.38842100909594535,0.8129066546159178
BOOK00306,Contemporary management,Open Library only,2.113377164983777,-0.41137882499895423,0.32864625133317155
BOOK00307,Developing mangement skills,Open Library only,2.9472440352742297,0.9204759915667617,0.8887217308342157
BOOK00308,Essentials of management,Open Library only,3.290313102910711,0.15103143799528085,-0.9632364426592811
BOOK00309,A Guide to the Project Management Body of Knowledge (PMBOK® Guide),Open Library only,2.954520942334706,-0.5652747598371801,0.4260852712894454
BOOK00310,Analysis for financial management,Open Library only,3.137787305985921,0.23990114410451033,0.10005816767332198
BOOK00311,Strategic market management,Open Library only,2.5896569170669785,0.32715036738200737,-0.005869252263733257
BOOK00312,Strategic management,Open Library only,3.003787963115119,0.22691223434502586,-0.09446604006277347
BOOK00313,Retailing management,Open Library only,2.0804034942451146,-0.18113448341250138,0.8662677412894162
BOOK00314,Supply chain logistics management,Open Library only,2.861443719262538,-1.8070351704081908,-0.4803799935882095
BOOK00315,The one minute manager,Open Library only,3.687213489134739,-0.19431831002075048,-0.21833955168899266
BOOK00316,Entrepreneurship,Open Library only,4.371725129712603,-0.9946842852403399,-0.09227992522160063
BOOK00317,Fundamentals of financial management,Open Library only,3.6217066595206653,0.3662436526775172,-0.03689159713216592
BOOK00318,Fundamentals of financial management,Open Library only,3.3959974565629545,1.0167555485288633,-0.10687059232283741
BOOK00319,Management information systems,Open Library only,2.727462503515328,-0.1426638978559905,0.17234993818243108
BOOK00320,Retail management,Open Library only,2.793588681615862,0.7503095414950899,0.13705425483848802
BOOK00321,Principles and Practice of Management,Open Library only,2.291182634924651,-2.552213562003401,0.013361699271914107
BOOK00322,Comprehensive stress management,Open Library only,2.2904326990850747,1.0142246011662208,0.6430134039481166
BOOK00323,Principles of management,Open Library only,3.8913130950144477,1.1434130478023639,-1.372382088624727
BOOK00324,Operations Management,Open Library only,1.604780197108844,-0.3909396870628115,0.7172404012313942
BOOK00325,Marketing management,Open Library only,1.5660800449365675,-1.087410182882114,0.3965372204033485
BOOK00326,Intermediate financial management,Open Library only,2.6856387568322777,0.7034094667001509,0.613532081794923
BOOK00327,Sales management,Open Library only,2.5266062908966793,0.6359247054669611,0.18908222822553122
BOOK00328,Strategic Management,Open Library only,2.6150708579981137,0.29440371423671463,0.5044357276364961
BOOK00329,Production & inventory management,Open Library only,2.2993399572284443,-0.15302890299476238,-0.7464767783955651
BOOK00330,Project management,Open Library only,2.16050168287797,-0.11190653103881591,1.2577096952120794
BOOK00331,Unraveling the mystery of health,Open Library only,2.152173251333685,-1.2691110406587411,-1.7953016798052228
BOOK00332,Mary Kay on people management,Open Library only,-0.47551622683558764,1.3584734350008447,-0.3563616175529555
BOOK00333,The 7 Habits of Highly Effective People,Open Library only,9.80376590262944,-2.7426019014758896,0.7756734047688815
BOOK00334,Armstrong's Handbook of Human Resource Management Practice,Open Library only,-0.9333243374470083,-0.5523909793517794,0.6245617394213208
BOOK00335,"People, Management and Organizations",Open Library only,-1.4339691974951911,-1.168399021077666,-0.22505232542635567
BOOK00336,Human resource management at work,Open Library only,-0.6323078962733896,0.5231603201054303,0.7895895493618851
BOOK00337,Supervisory management,Open Library only,1.4090941914352575,1.0413141740900873,0.3936639277622166
BOOK00339,Armstrong's Handbook of Strategic Human Resource Management,Open Library only,-1.2677305543657014,-0.2781785713991245,0.5519132783122709
BOOK00341,Hotel Management,Open Library only,-2.0512077130053448,-1.1257707190245447,0.07285868368850512
BOOK00343,Strategic People Management and Development,Open Library only,-1.9589442556485546,-0.5159933735610345,0.6297645571080098
BOOK00346,People management and development,Open Library only,-1.6863563241948747,0.2041745066744984,-0.3768999952213351
BOOK00350,Organizational Behavior,Open Library only,0.11334521301744319,-0.6009456015585066,0.59621801262912
BOOK00351,The People of the Abyss,Open Library only,5.214298137043785,4.90929430225293,-1.9252058463637682
BOOK00352,Olson People Management Skills Set,Open Library only,-1.5063046713668204,0.7637139639964728,-1.412496594115374
BOOK00354,Armstrong's Handbook of Human Resource Management Practice,Open Library only,-1.3983032813204241,-0.3328464252493755,0.310268787108747
BOOK00355,How to Be a Super-Effective Manager,Open Library only,-0.7979849217398269,1.0717761135447792,-0.9364908685479366
BOOK00356,Other People Manage,Open Library only,-2.257815413107402,-0.9130722703808455,-0.001735565591187608
BOOK00357,Team play,Open Library only,-1.5819798322864607,0.43706148367134817,-0.5728390269608054
BOOK00359,The people manager's pocketbook,Open Library only,-1.6524317600386003,0.4376721962008832,-1.1381819496801155
BOOK00361,Armstrong's Handbook of Strategic Human Resource Management,Open Library only,-1.4092072633802446,0.15870568326100823,0.5658906224609999
BOOK00363,Mastering people management,Open Library only,-1.7359329535653316,0.25136261460340337,-0.9814307242885391
BOOK00364,People management for small business,Open Library only,-1.339302284313358,1.1363331271914325,-1.7259990448985263
BOOK00365,Perspectives in People Management,Open Library only,-2.1951895179623535,-0.7733400841827357,-0.11929898463486976
BOOK00371,International human resource management,Open Library only,0.2713724760250062,0.2983820227936985,0.13291300127949227
BOOK00374,Management,Open Library only,2.275556573411234,1.0710078081993326,-0.3800850532577667
BOOK00381,Strategic management,Open Library only,2.0477881334771784,0.36725891282739037,0.9471939878706114
BOOK00382,Strategic management,Open Library only,0.774381571754115,-0.6459600493189717,0.841927581702978
BOOK00383,Strategic management,Open Library only,2.0297266952129465,-1.0778735971611262,-1.8841801278373607
BOOK00384,Strategic management,Open Library only,1.0507906925176327,1.2594303126759212,1.3186122636221045
BOOK00385,Strategic Management,Open Library only,0.9487420338594459,0.7811320558772904,1.5214287336687486
BOOK00386,Implanting strategic management,Open Library only,0.7676628161974537,0.6665865081924041,-0.543940206308141
BOOK00387,Strategic management and competitive advantage,Open Library only,0.12795289430742482,0.9013325707229625,1.8638704851999939
BOOK00388,Strategic Management,Open Library only,0.5304005700618968,0.941694597795102,2.7002641849919558
BOOK00389,Strategic management,Open Library only,-0.15686804373599447,1.2569463433587162,0.12156126620223305
BOOK00390,Strategic Management Theory,Open Library only,0.2724088358400006,1.081217972710492,0.5077408080773267
BOOK00391,Concepts of strategic management,Open Library only,0.021514434713806433,0.9682853778916356,-0.18008066129208597
BOOK00392,Strategic management of technological innovation,Open Library only,-0.0997817480814948,-0.1329842320719961,0.41856980304573643
BOOK00393,Strategic management,Open Library only,0.03064330232086402,-0.7475693940450523,-0.4913673992405202
BOOK00394,Strategic Management,Open Library only,-0.6533142581995787,0.7341745384698155,0.4988778725818284
BOOK00395,Strategic management,Open Library only,-0.9769239695438289,-0.34047700028423455,-0.837507083895242
BOOK00396,International business,Open Library only,1.3531827109402248,1.1005635474097133,0.4588522583709822
BOOK00397,Creating public value,Open Library only,0.6997120697418587,-0.41020024566221397,-0.6611991027606943
BOOK00398,Strategic Management,Open Library only,-0.9005818769953603,-0.2306720240972008,-0.3499937831509067
BOOK00399,Global Strategic Management,Open Library only,-0.6950648549629443,0.6410197476710756,0.5772534852776166
BOOK00400,Strategic Management : Theory & Cases,Open Library only,-0.4648435876341863,-0.29398622749608805,0.6991846186839047
BOOK00401,Strategic Management,Open Library only,-0.9842950480601746,-0.08241640133976372,1.4654574638205722
BOOK00402,Strategic management of health care organizations,Open Library only,-0.19560023138522745,0.660136605732106,0.9197931220675175
BOOK00403,Strategic management and business analysis,Open Library only,-0.7245235512538202,0.5066552639251631,0.5084910841810949
BOOK00404,Strategic management,Open Library only,-0.18407391318439448,0.09158851499217639,-0.550918703641371
BOOK00405,Strategic management,Open Library only,-0.7192676254028113,0.05775863449825849,0.8721582619178828
BOOK00406,Strategic management,Open Library only,-0.8645607360287493,-0.626248528358198,-0.7552584018989087
BOOK00407,Sustainable strategic management,Open Library only,-0.8843449368506945,0.6755015480907705,0.6190053279209858
BOOK00408,Strategic management in action,Open Library only,0.10535065861467348,0.07232489664437697,-0.13112944881680846
BOOK00409,Strategize!,Open Library only,-0.6470238824382615,0.18303225514139385,0.2106758301736738
BOOK00410,Strategy safari,Open Library only,-0.10386910845166374,0.38164520621139997,0.11063906241547154
BOOK00411,Strategic management,Open Library only,-0.9015414915204955,0.5961265825510198,0.8325587191258746
BOOK00412,Strategic Management,Open Library only,-0.8857766826961001,-0.47147827332749803,0.15320498236090602
BOOK00413,Understanding Strategic Management,Open Library only,-0.839780726558674,-0.5717214546674407,-0.2507330824048657
BOOK00414,Sustainable Strategic Management,Open Library only,-0.7995294111954453,0.7117153505497384,0.6428752061829364
BOOK00415,Strategic management,Open Library only,-0.9486830028711283,-0.928543293217729,-0.5625945436824275
BOOK00416,The Strategic Manager,Open Library only,-1.1680594330782685,0.6855132317899585,1.6344951467044617
BOOK00417,Strategic management,Open Library only,-1.2805152694081496,-0.19434773891571896,-0.8328847739130879
BOOK00418,Strategic Management,Open Library only,-0.5219869660044264,1.8085268023904315,0.3581364278241839
BOOK00419,Strategic Management,Open Library only,-1.3357668191358085,-0.3609545768110098,-0.11014807761826768
BOOK00420,Strategic Management Accounting,Open Library only,-0.6535637808050336,-0.15371838908637056,-0.1839333342410443
BOOK00421,Essentials of strategic management,Open Library only,-0.9351306187129549,0.6080279159759521,0.5116976686605039
BOOK00422,Global strategic management,Open Library only,-0.9667703382787918,-0.2606240370777871,-0.38163648617762935
BOOK00423,Strategic management,Open Library only,-1.3970942288286208,-0.21818468520565215,-0.18695428269797504
BOOK00424,Change management,Open Library only,-1.1639548567164397,-0.36370323404463284,-0.756919515399439
BOOK00425,Managing Change/Changing Managers,Open Library only,-0.8451771910119641,0.40389602973038435,0.4266660483549035
BOOK00426,Change management,Open Library only,-1.2596399710264667,-0.14777034351634902,-0.8720725802609819
BOOK00427,Change Management,Open Library only,-1.073506987758239,0.17404675814078224,0.6633622940583487
BOOK00428,"Managing change, changing managers",Open Library only,-0.8906620368982112,-0.24063224520197354,-0.4216652390915819
BOOK00429,Change management in information services,Open Library only,-0.814241143347986,1.1564432667992521,0.9067657166947009
BOOK00430,Making sense of change management,Open Library only,-0.5782599042975931,0.7585211553257617,0.990649206662414
BOOK00431,Changing Change Management,Open Library only,-1.4275402619843123,-0.22179863881457576,1.057452313337304
BOOK00432,Change Management,Open Library only,-1.46711301611982,-0.5242346611254284,0.04733160882333077
BOOK00433,Making sense of change management,Open Library only,-1.214062709013087,-0.30628424803816434,-0.18974101743467625
BOOK00434,The Theory and Practice of Change Management,Open Library only,-1.2223349583348597,0.019181271555749658,0.8211081481293192
BOOK00435,Effective Change Manager,Open Library only,-1.6971744387792718,-0.7299253220691867,-0.32123133559045036
BOOK00436,Making sense of change management,Open Library only,-0.9583416613085585,-0.8309352280996373,0.0069348917703179296
BOOK00437,Managing change,Open Library only,1.644617431198709,-0.32022383681625605,-0.3113275072937003
BOOK00438,Change Management,Open Library only,-1.358044513970096,0.04614638680364478,-0.381898685758051
BOOK00439,Lean Change Management,Open Library only,-1.5518941483700264,-0.7998538791075284,-0.3234432913904651
BOOK00440,Change Management,Open Library only,-0.9830284648769622,1.3458810173546938,0.19293814863086697
BOOK00441,Strategic Change Management Strategic Change Management,Open Library only,-1.6454525256940438,-0.0986410273606929,-0.1831729192818795
BOOK00442,Organizational Behaviour and Change Management,Open Library only,-1.5357575391225777,-0.4032607669386789,0.9953870846717537
BOOK00443,The Manager's Path,Open Library only,2.1897916021477797,-3.190799977144658,-0.7274995604516141
BOOK00444,Agile Change Management,Open Library only,-1.4053664781503932,0.10728083438826175,0.8238948828660204
BOOK00445,The Effective Change Manager's Handbook,Open Library only,-1.3799086567343908,-0.42698242278952153,0.2546952624179814
BOOK00447,Beyond change management,Open Library only,-1.4911223368672843,-0.09297508686493008,-0.8296781894336788
BOOK00448,Managing Change,Open Library only,0.9430640605476199,0.233365025495705,-0.11311898923686164
BOOK00449,Business process change management,Open Library only,-1.2743231123341734,-0.07943370574894838,-0.438466839128211
BOOK00450,Change Management,Open Library only,-1.8333302111291891,-0.5178375859550225,0.16951733784916698
BOOK00454,Change management,Open Library only,-1.7994056469729147,-0.2843398964286377,-0.5917646166096133
BOOK00455,The Theory and Practice of Change Management,Open Library only,-1.6790000223024297,-0.5121716454592598,-0.47698793230263214
BOOK00456,Appreciative inquiry for change management,Open Library only,-1.412130838638688,-0.70243611690298,-0.5137015832700899
BOOK00457,Leadership and change management,Open Library only,-1.7380782372801025,-0.4271097880339953,-0.5149584115299058
BOOK00458,Changing managers and managing change,Open Library only,-1.5489020663927209,0.2745888483638017,-1.062018292784342
BOOK00459,Managing innovation,Open Library only,1.8470100024134797,0.4570812409140126,1.0824610042202218
BOOK00460,Change Management During Unprecedented Times,Open Library only,-1.8049911343696836,-0.33029450449308967,1.0383562544357432
BOOK00461,"Change Management in schwierigen Zeiten, m. CD-ROM",Open Library only,-1.4675461565807606,-0.21757397267611717,-0.752297205417285
BOOK00462,Leadership and Change Management,Open Library only,-1.758352741402633,-0.1552755437910071,0.6371231567902278
BOOK00463,The complete idiot's guide to change management,Open Library only,-1.6950291550645005,-0.051452919431787966,-0.7877036483490836
BOOK00465,Enterprise Change Management,Open Library only,-1.8124549127475063,-0.4712601905556526,0.13032953150127302
BOOK00466,Switch,Open Library only,3.183349366448569,-1.073104678264426,0.39614312037112853
BOOK00467,Leading Change,Open Library only,2.837396557780996,-1.4658022170408336,-0.6619803343677672
BOOK00468,Employee Empowerment,Open Library only,-1.53061826844049,-0.17218353800795808,1.0590217209533848
BOOK00469,Change Management Masterclass,Open Library only,-1.769857517721606,0.017864925077018607,-0.22014876982975887
BOOK00471,Rework,Open Library only,5.405912729112943,-2.8331761029785025,0.5850884865817446
BOOK00472,Production and operations management,Open Library only,2.8905428905174806,0.5654914906500333,-0.3005779000948629
BOOK00473,Production and operations management,Open Library only,2.5276560015295644,0.9260307464358093,-0.49580466187623257
BOOK00474,Operations management,Open Library only,1.5503838353124664,1.4695303701914937,0.42171243654938795
BOOK00475,Operations management,Open Library only,0.3909960248508259,-0.3234583383359804,0.10032666898595045
BOOK00476,Operations management,Open Library only,1.3187012985429516,0.756373308508205,-0.9980051922958995
BOOK00477,Production/operations management,Open Library only,1.7812980812476091,0.8850446787838168,0.059441133464901104
BOOK00478,Production and operations management,Open Library only,1.6781451037237185,1.097833478939774,0.015616340663479836
BOOK00479,Operations Management,Open Library only,0.5924448557861002,-0.5565406158789986,-0.20269563439470797
BOOK00480,Operations management for MBAs,Open Library only,0.05981506679332101,0.6668688675895391,0.6416146111512468
BOOK00481,Operations management,Open Library only,-0.6302078086277011,0.03357239925251522,-0.20673542224606684
BOOK00482,Operations management,Open Library only,-0.26460990086860925,0.3409887820351857,0.712470764925913
BOOK00483,Operations Management,Open Library only,0.4267051067364895,0.18432838576783409,0.8485342953989309
BOOK00484,Principles of operations management,Open Library only,0.09865721800615886,0.9879252643261238,0.4078033975150431
BOOK00485,Operations management,Open Library only,0.04223226566199477,0.12921045703984826,-0.06568867153276202
BOOK00486,Slack,Open Library only,0.15631164091279057,-1.1180130707351295,0.079078480405638
BOOK00487,Operations management,Open Library only,0.1050486213061931,0.9828559892767789,0.8271708054202693
BOOK00488,Production and Operations Management,Open Library only,0.1595166979768706,-0.6567805107844978,-0.26130789022303264
BOOK00489,Production and operations management,Open Library only,-0.25585483421001515,1.325643875455199,-1.2230543509958374
BOOK00490,Operations Management,Open Library only,-0.5810473986929129,0.5475494724768971,1.9010185547802991
BOOK00491,Production and Operations Management,Open Library only,-0.10622779037379322,-0.47898148311788324,-0.22491721469519563
BOOK00492,Schaum's outline of theory and problems of operations management,Open Library only,-0.0858165348775756,0.44481669459486295,-1.2142855735478482
BOOK00493,Principles of operations management,Open Library only,-0.43822926803735984,0.2233742576115942,-0.15415619586064883
BOOK00494,Modern production/operations management,Open Library only,0.1357397107104621,1.019952257524004,-0.9432613345301916
BOOK00495,Restaurant operations management,Open Library only,-0.6255459396934365,-0.2003586417534413,-0.122846939989265
BOOK00496,Production and operations management,Open Library only,-0.17625281786845892,1.8502863073174658,-0.1405141353930621
BOOK00497,Fundamentals of operations management,Open Library only,-0.43956938407366947,0.366304131331626,0.013167390818122706
BOOK00498,Hotel operations management,Open Library only,-0.4824472041295493,-0.44015381799316616,-0.4697172529378609
BOOK00499,Operations management,Open Library only,-0.45714403964902073,1.0008356075240623,0.07685043541757372
BOOK00500,Strategic Operations Management,Open Library only,-0.7601064130900255,0.5846742794143861,0.7915353375325277
BOOK00501,Operations management,Open Library only,-0.07204394261021087,1.669498229638471,-0.039810289183500484
BOOK00502,Principles of operations management,Open Library only,-0.06394728558294685,-0.04206294901768216,-0.21514826083083824
BOOK00503,Operations management,Open Library only,-0.3441700298515762,1.5217535193152634,-0.513841303994554
BOOK00504,Operations Management,Open Library only,-0.2841719420135642,0.7645101324431895,1.1996874146007273
BOOK00505,Operations management,Open Library only,-0.7257893894219776,0.8861577465441965,0.9540254366099951
BOOK00506,Operations management,Open Library only,-0.9673149074512354,0.4789610884157272,-0.39595267371940457
BOOK00507,Operations Management,Open Library only,-1.4562090340599994,-1.015786769635812,-0.2082902265289223
BOOK00508,Operations Management,Open Library only,-0.8651376644639922,0.31323225913825725,1.1526834740874417
BOOK00509,Operations management,Open Library only,-0.8611077121300585,-0.5048306030363467,-0.2892783405688258
BOOK00510,Essentials of Operations Management,Open Library only,-0.872611166695622,-0.6434252491822645,0.5909869036860248
BOOK00511,Production and operations management,Open Library only,-0.2968125979172461,1.9083160058534694,-0.13867856014760924
BOOK00512,Production and operations management,Open Library only,-0.1591822492647507,1.090554266657873,-0.030378611204301038
BOOK00513,Operations Management,Open Library only,-0.9965474613662,0.5829574698215656,0.13203801789746394
BOOK00514,Casino operations management,Open Library only,-0.9107076401638964,0.8793993549986963,0.316975964041654
BOOK00515,"Foundations of Operations Management, Fourth Canadian Edition, 4/e",Open Library only,-1.2213331434301085,-1.0155900331584753,-0.28960625607474727
BOOK00516,Modern Hotel Operations Management,Open Library only,-1.1112723371443647,-0.008026082512855914,1.1666399881121081
BOOK00517,Cruise Operations Management,Open Library only,-0.953098783715156,1.1218495299979647,1.4223261561002303
BOOK00518,Operations management for competitive advantage,Open Library only,-1.2712397941753817,-0.3686886051036377,-0.7164160846003844
BOOK00519,Project management for dummies,Open Library only,0.8514389634108034,0.24620214916674066,1.4937613422514417
BOOK00520,Project Management,Open Library only,1.3693489547379003,0.03282268913611535,0.3526427920063079
BOOK00521,Project management,Open Library only,2.50502425184225,1.1132424767383025,0.38893436446729474
BOOK00522,Software project management,Open Library only,0.893362145141329,-0.9083560851112609,-0.7930159534294854
BOOK00523,Project management,Open Library only,1.161830018589161,1.3226517269466076,0.47788332281042245
BOOK00524,Project Management,Open Library only,0.26885333617528506,-1.5219243271402456,-0.6823361447563938
BOOK00525,PMBOK Guide,Open Library only,0.031161786805434397,-2.0985670140516532,-0.2346146931655663
BOOK00526,Construction project management,Open Library only,-0.03379194710682236,0.8912532498143827,0.9193227879321914
BOOK00527,Information Technology Project Management,Open Library only,0.3497290768089188,0.10365359908236588,0.10076603805219622
BOOK00528,Construction project management,Open Library only,0.2026660400963055,0.6570084830359316,1.3414068513296349
BOOK00529,A Guide to the Project Management Body of Knowledge (PMBOK® Guide),Open Library only,-0.07626563114245334,-0.9731424796983519,0.4981554597446301
BOOK00530,Agile Project Management For Dummies,Open Library only,0.6357585748738872,-0.36135227617358595,1.191970007984414
BOOK00531,Project Management for the Unofficial Project Manager,Open Library only,-0.004313472415203971,-0.9767734902909024,0.40586332151935656
BOOK00532,Project Management,Open Library only,-0.0577847968123416,-0.09354014350256784,0.42089717525194337
BOOK00533,Effective project management,Open Library only,-0.0925129646793431,1.0598097208821153,1.5069847436779926
BOOK00534,TOTAL PROJECT MANAGEMENT The Indian Context,Open Library only,1.157755664809259,-1.0989389108678507,-1.4764328052103695
BOOK00535,Project Management,Open Library only,0.4542586686321335,1.0478010347388187,1.6231208879526977
BOOK00536,Successful project management,Open Library only,0.46881923880551574,-0.07779032678371113,-0.09520807751280556
BOOK00537,Project management,Open Library only,0.19948050358383543,0.6603886332874096,0.29406207054452754
BOOK00538,Information technology project management,Open Library only,0.4195498269410211,0.17065330751024468,0.6176099577995355
BOOK00539,Successful Project Management,Open Library only,-0.457702169966438,-0.27688149680180013,0.1959700249749226
BOOK00540,Project management,Open Library only,-0.3372487429195932,0.08855904345082108,0.5865541175206183
BOOK00541,Process Groups,Open Library only,-0.7880147913901644,-0.22223968852572504,1.6200529415887823
BOOK00542,The Fast Forward MBA in Project Management,Open Library only,0.4755924529290684,0.4825764332965281,1.2483465509512153
BOOK00543,Project Management in Perspective,Open Library only,0.2602540412564107,-2.0795416746411437,-0.4491819159434398
BOOK00544,Project Management Techniques,Open Library only,-0.4432041453102233,-0.7441628450416171,0.14349982829646257
BOOK00545,Project Management,Open Library only,0.5032251678397538,-0.11213694344915509,0.08200550541996997
BOOK00546,Project Management in Practice,Open Library only,-0.45307378606027165,1.0868093004578696,1.023798797070566
BOOK00547,Construction project management,Open Library only,-0.594820965157049,-0.5549001637416661,0.10990508380874467
BOOK00548,Project management,Open Library only,-0.2857656242802718,-0.022921447056305336,-0.08170437381320865
BOOK00549,Contemporary Project Management,Open Library only,-0.4223288469285404,-0.6975854496422471,0.10431202194856849
BOOK00550,The Fast Forward MBA in Project Management,Open Library only,-0.5379443512709111,0.6433497447160255,0.35017045117343787
BOOK00551,"Project Management for Engineering, Business and Technology",Open Library only,-0.22932458283020257,0.1639576101478789,1.3723160198067932
BOOK00552,Project Management,Open Library only,-0.37790654940344126,0.08665080875441954,0.14506542327028066
BOOK00553,Project management for healthcare,Open Library only,-0.7379350712576804,0.6010435545883563,1.4557056134634594
BOOK00554,"Project management metrics, KPIs, and dashboards",Open Library only,-0.48872476480786986,0.4307235481959412,1.3926889884243498
BOOK00555,Project management,Open Library only,-1.1381619712781934,-0.22956713143506283,-0.2686365809247566
BOOK00556,Project Management,Open Library only,-0.45241648526401423,-0.821977337382039,0.13018339661799028
BOOK00557,Agile Project Management with Scrum (Microsoft Professional),Open Library only,-0.18242552471480664,-0.666813612753441,-0.4877419074645755
BOOK00558,The art of project management,Open Library only,-0.08659240417341302,-0.5949448871196317,-0.21869080095450347
BOOK00559,A guide to the project management body of knowledge (PMBOK guide),Open Library only,-0.5588025465060569,-0.17386632144945297,-0.5821978278992537
BOOK00560,The Deadline,Open Library only,-0.09504122604328373,-0.39259341850443563,-0.7449352037546569
BOOK00561,Project Management Absolute Beginner's Guide,Open Library only,-0.2410767911134999,-0.15197372488855287,0.8456838402037227
BOOK00562,Project management in construction,Open Library only,-0.4805660645572425,1.2952365438298679,-0.11714280815125389
BOOK00563,Project management,Open Library only,-0.5623827855865198,0.48909326907668416,0.1953600748228303
BOOK00564,Project management for dummies,Open Library only,-0.8645537912301114,0.37713940607663954,-0.03727482614009623
BOOK00565,Making Things Happen,Open Library only,-0.382598559644751,-0.25084326217780367,0.3783566861121922
BOOK00566,Performance management,Open Library only,1.0702442074446494,0.10092967867178537,0.03842087285109077
BOOK00567,Performance Management,Open Library only,-0.09942605331375631,-0.879552464563691,0.2969210591855568
BOOK00568,Performance Management,Open Library only,-0.8806048531009253,-1.1281546785462886,-0.4051843858085913
BOOK00569,Performance management systems,Open Library only,-0.5104675285404906,0.55203746472743,1.1415799754258005
BOOK00570,Performance management,Open Library only,-0.4306943886197968,-0.37942961714873763,-0.18110709836514746
BOOK00571,Financial planning & analysis and performance management,Open Library only,-1.0615413335796218,-1.267565200388488,-0.24694966566702248
BOOK00572,Performance management,Open Library only,-1.3418612258297231,-0.24477028872920858,-0.18779522926403358
BOOK00573,Managing performance,Open Library only,-0.7394036020073372,-0.4501602742635013,-0.3688712803852343
BOOK00574,Handbook of corporate performance management,Open Library only,-0.8276293646884654,-0.08621029264369291,0.6431952122993816
BOOK00575,Strategic Performance Management,Open Library only,-1.2774279259352925,0.015325079126115644,1.208039750260017
BOOK00576,Performance management,Open Library only,-1.1489916500854966,-0.6592180912667681,-0.6343179046798453
BOOK00577,Employee engagement through effective performance management,Open Library only,-0.6872500025045106,0.4660440035108741,1.1540080313459824
BOOK00578,Performance Management,Open Library only,-1.489119146155527,-0.2282418062365965,0.5941539870262383
BOOK00579,Performance management,Open Library only,-0.9032082119107758,0.44291881171399805,-0.4684491481732226
BOOK00580,ACCA Performance Management,Open Library only,-1.7546751832220697,-0.8388241257843844,0.36266963485193615
BOOK00581,Armstrong's Handbook of Performance Management,Open Library only,-1.22347486165987,-0.10057016078206082,0.6796726780885864
BOOK00582,Enterprise Performance Management Done Right,Open Library only,-1.2014596599531768,0.06575866695511957,0.7819203417814252
BOOK00583,Armstrong's handbook of performance management,Open Library only,-0.8865966168102447,-0.6109981732537546,-0.28267074127683334
BOOK00584,Performance Management,Open Library only,-1.59708494881539,-0.26049087533332144,0.9185808795920465
BOOK00586,Intranet performance management,Open Library only,-1.3248592715909786,0.7409855896924192,0.13703670843417987
BOOK00587,Performance management,Open Library only,-1.4493717401039186,0.00017970393380981747,-0.9080538021294668
BOOK00588,ACCA P5 Advanced Performance Management,Open Library only,-1.5849719142637662,-0.6373812437999817,0.16573597443307145
BOOK00589,Performance management,Open Library only,-1.1861959612970214,0.926061671425446,-1.045304658935549
BOOK00590,Performance Management in Nonprofit Organizations,Open Library only,-1.4930707111362447,0.25370468645373634,0.9477622290240545
BOOK00591,Performance Management in the Public Sector,Open Library only,-1.426241776532076,0.06070343898889174,0.8630826892139145
BOOK00592,Performance Management,Open Library only,-1.7498290176024578,-0.3315280043575427,0.01276611245759081
BOOK00593,Performance management,Open Library only,-1.800704132425151,-0.5668419742321053,-0.3973949924862237
BOOK00594,Performance management,Open Library only,-1.3765811846762064,0.10970129498392564,-0.0010217078743907288
BOOK00595,HBR guide to performance management,Open Library only,-1.9050806243335652,-0.7997289512289549,-0.20145596074675345
BOOK00596,Performance Management,Open Library only,-1.7785303485912318,-0.23776250102926777,-0.6309524229575073
BOOK00597,Strategic Planning and Performance Management,Open Library only,-1.4513201143728789,0.34685947725247623,0.8693866163282664
BOOK00598,Organizational behaviour,Open Library only,-1.3886942192278304,0.4865916634505861,0.7518231972845842
BOOK00599,Global Performance Management (Global HRM),Open Library only,-1.278116784518532,0.000496019359270144,-0.0351713225463732
BOOK00600,ACCA F5 Performance Management,Open Library only,-1.6675368765675298,-0.2598801628037863,0.3532379568727367
BOOK00601,ACCA F5 Performance Management,Open Library only,-1.4656322157244088,-0.7000091240252673,0.09239855341319492
BOOK00602,Case Studies in Performance Management,Open Library only,-1.2383640910969305,0.4798999975832214,0.510392432082868
BOOK00603,Performance management,Open Library only,-0.9035125187274706,1.621108648807072,-0.3887151581186808
BOOK00604,ACCA Performance Management,Open Library only,-1.8875327980100667,-1.2898352736030323,0.015073203197724752
BOOK00605,Performance Management for Dummies,Open Library only,-1.751038070094261,-0.44618974440126613,0.5099891822643129
BOOK00606,Performance Management (Acca),Open Library only,-1.4108323531864515,-0.4199340390995126,-0.7080712073934793
BOOK00609,Performance management,Open Library only,-1.2488218564420699,0.7863294852273361,-0.9277412398918666
BOOK00610,Teach Yourself Performance Management,Open Library only,-1.6128264469900055,-0.14764541563777558,-0.7500852496172702
BOOK00611,Innovative Corporate Performance Management,Open Library only,-1.5336122554078069,0.2752116356987197,0.5289147719131205
BOOK00612,HR networking,Open Library only,-1.7367797518278663,-0.14460771023052787,-0.7093280356532955
BOOK00613,Reengineering performance management,Open Library only,-1.3682349581605513,0.06919107653315858,-1.0585495087245114
BOOK00615,Human resource management,Open Library only,2.1688931848337054,-0.03400225800317729,0.1939616854249316
BOOK00616,Human resource management,Open Library only,1.6642681609108998,-0.5073389372593893,0.14806950405799144
BOOK00617,Fundamentals of human resource management,Open Library only,1.0803433878967441,0.000670492346571496,0.9347962074911136
BOOK00618,Human Resource Management,Open Library only,0.6273428379405294,0.4531301321240799,0.6645863378703667
BOOK00619,Human resource management,Open Library only,0.7770415073350714,-0.004481100338075243,1.2030096659091005
BOOK00620,Human resource management,Open Library only,0.8604730486651987,0.7957562375097438,0.7518466614055385
BOOK00621,Human resources management,Open Library only,1.0947347142409298,0.3460175889204321,-0.5035246767562707
BOOK00622,Human resource management,Open Library only,-0.1750235363809108,-0.6085655851162586,-0.45520415474159454
BOOK00623,Human resource management,Open Library only,0.06399553263088384,1.033119730856888,-0.12543399603346725
BOOK00624,Human resource management,Open Library only,1.1562415214250048,-0.025492477271881187,-0.30092497690292863
BOOK00625,Strategic Human Resource Management,Open Library only,0.4862495977194332,-1.4146435421509398,-0.9052999017233747
BOOK00626,Human resource management,Open Library only,0.36491046571643393,-0.9920767067849536,-0.5287257879187268
BOOK00627,Understanding Human Resources Management,Open Library only,-0.6741513083771703,-1.5106551776846062,-0.21397787697646475
BOOK00628,Human Resource Management,Open Library only,0.33697011157075796,-2.082741949499985,-0.4504255260515746
BOOK00629,Human Resource Management,Open Library only,-0.19966122472427011,1.0234511287549257,0.5616057896410808
BOOK00630,Human resource management,Open Library only,0.04795944308377605,0.1081680685263561,-0.01689845554212967
BOOK00631,Human resource management,Open Library only,0.19617645274979442,-1.3405372593340694,-0.8204825272528008
BOOK00632,Human resource management,Open Library only,0.7138613433077653,0.22828543314893882,-0.061572993344852535
BOOK00633,Fundamentals of Human Resource Management,Open Library only,-0.13825592010272178,-0.2481539334710188,0.516089288396815
BOOK00634,Human resource management,Open Library only,0.4060685304713196,0.5634228209160141,-0.10167035245384061
BOOK00635,Human Resource Management,Open Library only,-0.1777764506622704,-0.15952650381258007,1.125794612062342
BOOK00636,Human Resource Management,Open Library only,0.16232727253866316,-1.6090408752415124,-0.6486417378168097
BOOK00637,Human resource management,Open Library only,-0.1718252663483465,-0.13865670484980766,-0.3659416542261602
BOOK00638,Personnel and human resources management,Open Library only,0.3913232459238239,0.44165406130904183,-1.3770301181555347
BOOK00639,Human resources management,Open Library only,0.7701197809429808,1.510915185674603,-0.676454617135376
BOOK00640,Human resource management,Open Library only,-0.4365753971063526,-0.08109104237505188,0.543274339858387
BOOK00641,Armstrong's handbook of human resource management practice,Open Library only,-0.6077550397111438,-0.11381086648857697,0.47594822107569906
BOOK00642,Fundamentals of human resource management,Open Library only,-0.7220747136229245,-0.031193329770266953,0.19377569268592743
BOOK00643,Strategic Human Resource Management,Open Library only,-0.38825493327319166,-0.2714457665831523,0.9837283617454547
BOOK00644,International Human Resource Management,Open Library only,-0.07164692654736668,0.6570989003248583,0.8790359081035427
BOOK00645,"Human Resource Management, 16th edition",Open Library only,-0.3274982818337431,-1.5362919198736995,-0.43002916233250793
BOOK00646,Strategic human resource management,Open Library only,0.15210182281349202,-0.06039563705308879,-0.01226454910693239
BOOK00647,Human Resource Management,Open Library only,-0.5921417268299356,-0.5753946163133712,0.4085937435342257
BOOK00648,A Handbook of Human Resource Management Practice,Open Library only,0.17648690819653398,0.06458893541642191,-0.06773275703394492
BOOK00649,Human resource management,Open Library only,-0.0846130962552811,0.3332600419430159,-0.3957267753906534
BOOK00650,Human Resource Management,Open Library only,-0.23557313291602014,0.49262230165822785,0.2740462954168601
BOOK00651,Healthcare human resource management,Open Library only,-0.8867275750640305,0.04805993287380219,0.19628260433118733
BOOK00652,Human resource management,Open Library only,-0.614998609979775,-0.5666662267012129,-0.33189542983735504
BOOK00653,Human Resource Management,Open Library only,-0.8215256977448447,0.2468936352311326,1.309603393171703
BOOK00654,Human Resource Management,Open Library only,-0.9149625577181403,-1.0549916796233623,-0.44353124559042667
BOOK00655,Human resource management,Open Library only,-0.62293737421068,0.7428781843728259,-0.10687018360599593
BOOK00656,Fundamentals of Human Resource Management,Open Library only,-0.48955967124572053,-0.2891387740227115,0.48036816462677817
BOOK00657,Introduction to Human Resource Management,Open Library only,-0.6086036853500044,0.6729047345942578,1.611430922057532
BOOK00658,Human resource management,Open Library only,-0.9089906087533551,-0.628187972306519,-0.1492963828269661
BOOK00659,Strategic compensation,Open Library only,-0.2619090189637682,0.16981250082462862,0.8290395552902008
BOOK00660,Organizational Behavior,Open Library only,6.148958079991826,-0.09906026934912097,0.9120669776716259
BOOK00661,Organizational behavior,Open Library only,2.93967204161035,0.8609901787986995,-0.3122142579585004
BOOK00662,Essentials of Organizational Behavior,Open Library only,2.8284160745664026,0.2899926932119756,0.09402490851483258
BOOK00663,Organizational behavior,Open Library only,1.1922159597366568,0.7453386754216669,0.2376025328192327
BOOK00664,Organizational behavior,Open Library only,1.8766300275142433,1.0768539959274048,-0.26807851578049063
BOOK00665,Organizational behavior,Open Library only,0.6459456116689474,0.495405792197109,0.7817781805767934
BOOK00666,International dimensions of organizational behavior,Open Library only,0.6077728138771221,0.5931261515564424,-0.5796088937978086
BOOK00667,Organizational behavior,Open Library only,0.9103224522998317,0.28226573188793097,0.004646723163482686
BOOK00668,Human behavior at work,Open Library only,1.3517671171973007,1.4830479156218768,-0.7052387103545822
BOOK00669,Organizational behavior and management,Open Library only,0.6892503201542974,1.1585190151606535,0.23552393846794276
BOOK00670,Managing organizational behavior,Open Library only,0.7486221753133573,1.4652414257330655,0.08055541028535763
BOOK00671,Organizational behavior,Open Library only,0.673864172369777,-0.47240253753098016,0.7660239127757897
BOOK00672,Organizational behavior,Open Library only,0.09200799305001944,0.5422427138386016,0.4123082988718419
BOOK00673,Organizational behavior,Open Library only,-0.28828756895325186,0.8063081646745335,0.15201946363395274
BOOK00674,Organizational Behavior,Open Library only,-0.6957805896809729,-0.012542190926610691,1.1792556570408108
BOOK00675,Introduction to organizational behavior,Open Library only,0.6719777018874267,0.8825193987206879,-0.6590932711696837
BOOK00676,Understanding and Managing Organizational Behavior,Open Library only,-0.49749223995978176,0.45400245771129794,0.4661644626010392
BOOK00677,Organizational behavior in education,Open Library only,0.19150202270252933,1.89974683827277,0.33108619326640787
BOOK00678,Organizational behavior,Open Library only,-0.6739873919970147,-0.31376403151620447,-0.06701246338129606
BOOK00679,Organizational behavior,Open Library only,-0.3766503838661452,0.229817425033615,0.309142130450417
BOOK00680,Organizational behavior,Open Library only,-0.2736286691390036,1.6889831445454724,0.35435506440808845
BOOK00681,Organizational Behavior,Open Library only,-0.7326919656233644,-0.6017887947333466,0.1897441715834411
BOOK00682,Organizational behavior,Open Library only,-0.47153097945834777,1.2695553851459465,0.06854046380501609
BOOK00683,Managing organizational behavior,Open Library only,-0.15928776846215387,-1.4299767984014626,-0.6102306758349489
BOOK00684,Organizational behavior,Open Library only,-0.3611053482360967,-0.10417490443011279,-0.32418981158279103
BOOK00685,Organizational behavior,Open Library only,-0.4832878868997868,1.0354410882451153,0.5249501114711147
BOOK00686,Organizational behavior,Open Library only,-0.23954319633286708,0.8563072555821182,0.48858854099911747
BOOK00687,Organizational behavior in health care,Open Library only,-0.585365474516957,-0.08956966240685105,0.5617666972375203
BOOK00688,Organizational Behavior,Open Library only,-0.46942182014167316,1.2422891469190436,-0.2787144659071896
BOOK00689,Organizational behavior,Open Library only,-0.47436512175635803,0.5762539227417022,-0.7081982962427411
BOOK00690,Organizational behavior,Open Library only,-0.6940391907795438,1.372670748024495,0.9108576880090381
BOOK00691,Organizational behavior,Open Library only,-0.9976169529823369,-0.845330936386911,-0.5588827088340941
BOOK00692,"Work Motivation in Organizational Behavior, 2nd ed",Open Library only,-0.7523582115132438,-0.5337044500889931,-0.2682910918753869
BOOK00693,Organizational behavior,Open Library only,-0.8559917401113517,1.0632884760005121,0.9851413293904889
BOOK00694,Management of Organizational Behavior,Open Library only,-0.4968557958253311,0.19496786800639473,-0.11439361057606828
BOOK00695,International Organizational Behavior,Open Library only,-0.47552293483589164,-0.12137519816473862,0.8357966914458855
BOOK00696,Essentials of Organizational Behavior,Open Library only,-1.1412721535853751,-0.1967626569880485,0.7172910768203998
BOOK00697,Organizational behavior,Open Library only,-0.4537897034424465,1.7939697502051846,-0.8868449471477816
BOOK00698,Organizational Behaviour,Open Library only,0.04459130853929635,0.18455435560992958,-0.7325231219723655
BOOK00699,Organizational behavior,Open Library only,-0.9015831221045687,1.0215585340745188,0.8055126816812566
BOOK00700,Essentials of Organizational Behavior,Open Library only,-0.9612744659637209,0.6426333966970049,0.9597973447140448
BOOK00701,Loose Leaf Organizational Behavior,Open Library only,-1.1633540624572873,-0.04529159440227476,0.35597424657280063
BOOK00702,Managing organizational behavior,Open Library only,-0.7107169201771268,0.9217055451263655,-0.7885591982483675
BOOK00703,Organizational behavior,Open Library only,-0.96828369758729,0.8029040599715632,0.19532057368363465
BOOK00704,Organizational Behavior,Open Library only,-1.46711301611982,-0.5242346611254284,0.04733160882333077
BOOK00705,Organizational behavior,Open Library only,-0.6201625151119563,0.8566572043054158,-0.036980028527832866
BOOK00706,Organizational Behavior,Open Library only,-0.9592171269405363,0.0481819867445198,0.8292436824401737
BOOK00707,International organizational behavior,Open Library only,-0.8674548858462516,0.8109969933450388,0.1549154402151202
BOOK00708,Managerial Economics & Business Strategy,Open Library only,2.453045869112736,0.12483656147258587,0.754195728153905
BOOK00709,Your Next Five Moves,Open Library only,3.333797967684585,-3.1148896615839017,0.15265231179337635
BOOK00710,The brand gap,Open Library only,2.514080361287507,-1.6903956939764133,-0.35254773423530467
BOOK00711,Developing business strategies,Open Library only,0.294295140332745,0.9026539056119257,-0.4233757899551282
BOOK00712,Business strategy,Open Library only,-0.1768633359814186,0.7161828454171489,-0.9070777448322483
BOOK00713,International business strategy,Open Library only,-0.9151915515542395,0.09079464878164668,0.44175910526452095
BOOK00715,Corporate identity,Open Library only,-0.24148713446823147,0.9626998466442503,-0.1655749584635369
BOOK00716,Creating valuable business strategies,Open Library only,-0.8438033925791323,0.653994598845787,1.0378527850319197
BOOK00717,7 Powers,Open Library only,-0.5876704943004982,-1.0690111198239471,-0.0016755325631468835
BOOK00718,International Business Strategy,Open Library only,-0.9442699500909021,0.36459308068210367,0.8531375373289558
BOOK00719,Aligning human resources and business strategy,Open Library only,-0.7514002637071466,1.2210908149434263,1.1228417083818243
BOOK00720,Business strategy,Open Library only,-1.0150841320723105,0.6465123780018465,0.5129149957811243
BOOK00721,Acting as a business,Open Library only,-0.028742782703197328,0.28074437689332293,-0.4489040896842464
BOOK00722,Opening Digital Markets,Open Library only,0.03989929829798657,-0.15293971532229358,-0.49923185913045404
BOOK00723,International Business Strategy,Open Library only,-1.0585437811272957,-0.12146809908135314,0.7859639047779424
BOOK00724,Swipe to Unlock,Open Library only,-0.6753533273924562,-1.526809110532491,-0.30781715357971595
BOOK00725,Media Telecommunications And Business Strategy,Open Library only,-1.230900312719108,0.6208656836457843,1.4184191550173382
BOOK00726,Business strategy,Open Library only,-1.4466708581990777,-0.1709965772767472,-0.791485011765179
BOOK00727,Taxes and business strategy,Open Library only,-1.1269244023585474,0.27265971494243385,-0.19917269541387578
BOOK00728,Global Business Strategy,Open Library only,-1.0037910316348313,0.13010210960892973,-0.6758056330155899
BOOK00729,The New Positioning,Open Library only,-0.6815639019986511,0.7144717947676265,-0.06710759832141541
BOOK00730,Managerial Economics and Business Strategy,Open Library only,-1.3418612258297231,-0.24477028872920858,-0.18779522926403358
BOOK00731,Business Strategy,Open Library only,-1.5876727961686072,-0.4662049625894247,0.04916718406878363
BOOK00732,Business strategy and policy,Open Library only,-0.866449505456491,1.369717963644627,-0.45299234258424576
BOOK00733,Demand-Driven Business Strategy,Open Library only,-1.5357575391225777,-0.4032607669386789,0.9953870846717537
BOOK00734,The 33 Strategies of War,Open Library only,5.239810608652789,-1.9822067719473608,0.20759325590014222
BOOK00735,Taxes and business strategy,Open Library only,-1.0703146930696343,0.98580817955427,-0.38397176405503247
BOOK00736,Harvard business review on green business strategy,Open Library only,-1.3762189304469379,-0.17160728980628218,-0.2261420890458691
BOOK00737,Business strategy,Open Library only,-1.2177402671936504,0.37726433395521297,0.08471250450361544
BOOK00738,Developing Business Strategies,Open Library only,-1.4911223368672843,-0.09297508686493008,-0.8296781894336788
BOOK00739,International business,Open Library only,-0.3098605585280184,0.7956403311140541,1.4984706560774756
BOOK00740,International Business Strategy and Cross-Cultural Management,Open Library only,-1.6893484061721802,-0.8702682207968315,0.36167500617254184
BOOK00741,Think Like a UX Researcher,Open Library only,-0.9046646370423073,-0.22072453115655524,1.2412342373918008
BOOK00742,Love As a Business Strategy,Open Library only,-1.5047981927952192,-0.9877553799759492,0.26470171933386744
BOOK00743,Business Strategy,Open Library only,-1.7707043159841407,-0.3781053997569126,0.05195391880548484
BOOK00744,Understanding business strategy,Open Library only,-1.800704132425151,-0.5668419742321053,-0.3973949924862237
BOOK00745,Digital Business,Open Library only,-1.4643460814840896,-1.1771026669806768,0.3806957307614689
BOOK00746,Corporate strategy,Open Library only,2.217910754022439,1.6874063800539425,-0.5756513891828549
BOOK00748,Designing Identity,Open Library only,-1.1331082420128948,0.22100366526449094,-0.5796732927429742
BOOK00749,Managerial economics and business strategy,Open Library only,-1.53287293363065,-0.18612987766367,-0.7513025767378906
BOOK00751,Managing Health Care Business Strategy,Open Library only,-1.7093769062913284,-0.5208752913622703,0.1287601238851922
BOOK00752,Business strategies for the next-generation network,Open Library only,-1.3836443815061756,0.5498285546215629,0.5126043878828827
BOOK00753,European Business Strategy,Open Library only,-1.360623799409722,1.2748783526583318,0.006944268776355395
BOOK00754,Business strategy,Open Library only,-1.882906840499646,-0.47064947802611756,-0.435013391218037
BOOK00755,Learning Domain-Driven Design,Open Library only,-1.2925720122307374,-1.3262381907675331,-0.12682221032786525
BOOK00756,International Business and Global Strategy,Open Library only,1.0342553389427003,-2.263934008145572,-0.6264537505937277
BOOK00757,Instagram Business - Sell on Instagram Customer Psychology : How to Use Instagram for Business : Instagram Business Strategy : Start Business - Instagram,Open Library only,-1.349065607515855,-1.4357677984942108,-0.0708651363302545
BOOK00758,Financial Accounting,Open Library only,4.95109576953716,-0.6546165530491025,1.5873133646141795
BOOK00759,Managerial Accounting,Open Library only,4.369712412972228,-0.17510739530524017,1.9210072990261273
BOOK00760,Business Statistics,Open Library only,3.3375836226986046,0.10523391548717197,0.8016312971299304
BOOK00761,Statistical analysis for decision making,Open Library only,1.486204155441316,1.3096101878289357,-0.8684469988144462
BOOK00762,The managerial decision-making process,Open Library only,1.2657027061271664,1.122160203559903,-0.7762354391836342
BOOK00763,Judgment in managerial decision making,Open Library only,0.04683121081553522,1.272149500652862,0.04071991454151007
BOOK00764,Administrative behavior,Open Library only,2.4828861457592484,2.1259177279609087,-1.865057267734664
BOOK00765,Business ethics,Open Library only,0.7512296297481105,0.6395995704669897,0.08130415134000023
BOOK00766,Business Analytics,Open Library only,0.002449460112148476,-0.5785696577125451,0.6891030840648993
BOOK00767,Judgment and decision making,Open Library only,-0.25869780911786977,0.6830810346566909,0.5506813478584252
BOOK00768,Curriculum improvement,Open Library only,0.8303639125733956,2.3981660784482703,-0.5891134844229928
BOOK00769,The psychology of judgment and decision making,Open Library only,0.5551163837031083,-0.32187583982376183,-0.9846047123024584
BOOK00770,Financial accounting,Open Library only,0.47679158026870727,1.0492958793434335,1.0095315975799222
BOOK00771,Financial decision making,Open Library only,0.25885771061537516,1.2524144251574545,-0.8752488317797035
BOOK00772,Executive decision making,Open Library only,0.24432357221278292,2.737002540642724,-1.1861978003776164
BOOK00773,Policy paradox,Open Library only,0.41702742139011667,-1.7316370914003671,-0.6525196586960258
BOOK00774,Career decision making,Open Library only,-0.1434744215002585,0.9669628180500588,-0.2774576376473736
BOOK00775,An introduction to management science,Open Library only,1.421419457585997,1.298996284008094,-0.2193109713340643
BOOK00776,Argumentation and debate,Open Library only,1.451171714194526,2.500370885658385,-0.39840319506836713
BOOK00777,Sales management,Open Library only,-0.23155388391640763,0.16275721282798603,0.6315127824995103
BOOK00778,Financial Accounting,Open Library only,0.10454019191905747,1.3837963289044009,2.5237248255595777
BOOK00779,Decision making,Open Library only,-0.09974402848977659,0.5110331747950263,-1.839035289430762
BOOK00780,Data analysis & decision making with Microsoft Excel,Open Library only,-0.413144222522788,0.5832790159408292,0.34827031476918524
BOOK00781,Financial Accounting,Open Library only,-0.06159593826692462,0.33597964632057276,1.1347457096436315
BOOK00782,A primer on decision making,Open Library only,-0.2949317729236726,0.26035132539137135,-0.5972871288974291
BOOK00783,"Management Decision-Making, Big Data and Analytics",Open Library only,-1.0337014619983451,-0.673952159755719,0.7426999374016895
BOOK00784,Business ethics,Open Library only,-0.33959179734408934,-0.014521855099868293,0.46405778059654035
BOOK00785,DECISION MAKING,Open Library only,-0.6086790559442851,1.0444602185435643,-1.3261874015236041
BOOK00786,Data Analytics and Decision Making,Open Library only,-1.3610365959474016,-1.0282963406676853,0.3566763156358259
BOOK00787,Multiple criteria decision making,Open Library only,-0.7008530803406424,0.6025232108397981,-1.5802398292597764
BOOK00788,Nursing Fundamentals,Open Library only,-0.05918438910996529,0.270079018255438,0.5763096717393444
BOOK00789,Fear of Missing Out,Open Library only,0.5311126956277513,-2.37090100950062,-0.3782268581196002
BOOK00790,Accounting for Decision Making and Control,Open Library only,-0.5149777343808571,1.6482561391158734,1.1226131988545942
BOOK00791,Accounting for managers,Open Library only,-0.03935610170211629,0.18336739487871873,1.117983610746198
BOOK00792,Radical Uncertainty,Open Library only,-0.7040711709234377,-0.598686569915336,0.9522737514825047
BOOK00793,Managerial Accounting,Open Library only,-0.5656117475395922,0.7488661992373472,1.618974491971195
BOOK00794,Business ethics,Open Library only,-0.20833798078564825,-1.3701796255120295,-0.6291600781260192
BOOK00795,Judgment and Decision-Making,Open Library only,-1.3079338923531696,-0.7707294706130778,0.16151794969163166
BOOK00796,Holistic management,Open Library only,0.15574970683587455,-0.14107226655086452,-0.28970781396807355
BOOK00797,Creative decision making,Open Library only,-0.30449563894718373,0.6089735601817233,-0.5089888802239477
BOOK00798,Economics,Open Library only,1.3377068286248806,2.831063370450014,-0.8102182640149271
BOOK00799,The ethical decision-making manual for helping professionals,Open Library only,-0.9142980743987804,-0.2007448140861247,-0.9550705029389241
BOOK00800,AN INTRODUCTION TO MANAGEMENT SCIENCE,Open Library only,-0.8057522380742397,-1.4503442760950993,-0.25381096034454953
BOOK00801,Financial Accounting,Open Library only,-0.7194028273004937,0.5445400514370368,1.2940214701914872
BOOK00802,Accounting,Open Library only,-0.19419960370054287,0.7658100210291495,1.2507676502006047
BOOK00803,Decision making and problem solving strategies,Open Library only,-1.2558133057764527,-0.3994390388369043,-0.11136540473888808
BOOK00804,Managerial accounting,Open Library only,2.360798289467754,1.5640340964300319,0.37748533505111254
BOOK00805,An Introduction to Management Science,Open Library only,0.010657306546311073,0.9699413154202994,-0.8217801937795863
BOOK00806,Improve Your Communication Skills,Open Library only,3.6609265148252175,-1.8140419692765208,0.8414984954393657
BOOK00807,Effective business communications,Open Library only,4.366202253824847,-0.1385060730884076,-0.9324831561448672
BOOK00808,Theories of human communication,Open Library only,3.4539380225244813,0.14426327091546248,-0.3526971819712568
BOOK00809,Nonviolent Communication,Open Library only,5.1676710286204175,-1.3144032112584039,1.0955518446283914
BOOK00810,Introduction to communicative disorders,Open Library only,3.0972507517986165,-1.1544919067516621,-0.7320836469373164
BOOK00811,Wireless communications,Open Library only,2.227362213899526,-0.3623917287982961,0.15638804321043
BOOK00812,Data Communications and Networking,Open Library only,2.5145929266978713,-0.8232006226620877,0.26780100346096125
BOOK00813,Corporate communication,Open Library only,1.8057060754865628,0.19379124159099864,0.52550916098282
BOOK00814,Electronic communication,Open Library only,2.411084852319557,1.7066352404085998,-1.1176339754903588
BOOK00815,Introducing communication theory,Open Library only,1.8345730654940353,-0.4845292137382928,0.16866163522724975
BOOK00816,An introduction to communication studies,Open Library only,2.9460416601638273,-2.516925941436376,-0.7981216413605762
BOOK00817,Communication Skills,Open Library only,1.457013431988829,-1.914238675984797,-0.43902316209576225
BOOK00818,Looking out/looking in,Open Library only,5.339672482068603,0.28740769412064526,0.3810438019588775
BOOK00819,Electronic communications systems,Open Library only,2.6728043038254152,-0.4341295259765687,-0.4862259660239333
BOOK00820,The slave community,Open Library only,2.623474833340011,0.5480251054441572,-1.0403319051726103
BOOK00821,Human communication,Open Library only,2.3274208704310047,1.2950225808790965,-0.08046880872755698
BOOK00822,Business Communication,Open Library only,2.154501633091947,0.17026106798861823,0.5316671542872865
BOOK00823,Communicating effectively,Open Library only,1.5649183306658188,0.7622147930953621,0.19133780321216723
BOOK00824,Communication between cultures,Open Library only,1.7293935322083964,0.400399426513555,0.4100611402760321
BOOK00825,Imagined communities,Open Library only,3.405491850040617,0.05289662167371286,0.18957998883311686
BOOK00826,A First Look at Communication Theory,Open Library only,1.540737487180362,0.4106302438274815,0.40228278475992046
BOOK00827,Today's isms,Open Library only,2.8258376853629636,2.8246664952411282,-0.06358301398893933
BOOK00828,Interplay,Open Library only,1.9366281855765448,1.2240917468391637,0.333586221374205
BOOK00829,Interpersonal communication,Open Library only,1.5058128592279156,0.4555363403218529,0.06255416168773385
BOOK00830,Business communication today,Open Library only,1.6988786325703762,-0.19240549519082467,-0.6064254239672852
BOOK00831,Fashion as communication,Open Library only,1.2096842142579827,-0.5381507892320146,-0.4253311332025576
BOOK00832,Communication,Open Library only,1.588649237064368,0.6062878014745245,0.9490698133464229
BOOK00833,Visual Communication,Open Library only,1.6881398292833245,-0.21056164592167045,-0.0009763661252601524
BOOK00834,Electronic communication systems,Open Library only,1.795523114347729,-1.9200822755983076,-1.1988557558280397
BOOK00835,Digital communications,Open Library only,1.8793629779598031,0.4113902242867099,-0.3763067608222904
BOOK00836,"Communication Skills, Second Edition",Open Library only,1.954858087072521,-2.4462538382886034,-0.3737093222970292
BOOK00837,Digital and analog communication systems,Open Library only,2.329089939005509,0.5101948649825948,-0.02699391989372758
BOOK00838,Technical Communication,Open Library only,1.288129093482425,0.05495281037696098,0.7370706889745434
BOOK00839,Communicating with strangers,Open Library only,1.754336882735229,0.6210588874945454,-0.07596834905840055
BOOK00840,Communication Theories,Open Library only,1.4140161774141675,-0.8148926569499643,-0.11942165539719792
BOOK00841,Nonverbal communication in human interaction,Open Library only,2.278838339474073,1.3038282187120271,-0.3203788748154421
BOOK00842,Business and administrative communication,Open Library only,1.3381597647676227,1.0372174934658454,0.7333180390142467
BOOK00843,The media of mass communication 11th edition,Open Library only,0.6235442986291467,1.212336543795139,0.8152715150131702
BOOK00844,Nonverbal Communication,Open Library only,1.5897657973808987,0.8262625795374892,-1.217057648612836
BOOK00845,Modern digital and analogue communication systems,Open Library only,1.8012133623357791,0.6425419656450835,-0.1566567845242063
BOOK00846,Business communication,Open Library only,0.909443330724235,0.25110385635418536,0.9869677230999304
BOOK00847,Gendered Lives,Open Library only,2.1842390474570785,-0.12430868776895482,0.2612136261360872
BOOK00848,The dynamics of mass communication,Open Library only,2.4433707415102,0.7899205197583065,0.3794058729965817
BOOK00849,History Of Communication Study,Open Library only,1.915038294258833,-1.0466240334378738,-0.8388713404958283
BOOK00850,Satellite communications,Open Library only,1.707997573122143,0.2899669399380767,-0.26122426233276735
BOOK00851,Communication 2000,Open Library only,0.4991696193280037,0.7758353016113493,1.1843469786374088
BOOK00852,The changing face of western communism,Open Library only,2.786202630597965,-1.222828236513183,-2.15238176642069
BOOK00853,Communicating at work,Open Library only,2.282900393595684,1.1513570265322475,0.7069112605348091
BOOK00854,Multimedia communications,Open Library only,1.8352437799496435,-1.310967674293729,-0.6382447777917176
BOOK00855,Mass communication theory,Open Library only,1.611884212134903,0.17189506833819815,0.3284325312716659
BOOK00856,Emotional Intelligence,Open Library only,7.719229432816428,-2.463204310674274,0.6258697036951454
BOOK00857,Emotional Intelligence 2.0,Open Library only,4.144215451699623,-2.5643102630783474,0.0817567437685178
BOOK00858,Emotional Intelligence,Open Library only,1.6888194660720144,-2.860612928167162,-0.5791257814971211
BOOK00859,Working with Emotional Intelligence,Open Library only,3.3609156291033075,-0.6642393576201835,0.7151689406462884
BOOK00860,Emotional Intelligence,Open Library only,1.3992723846157227,-1.4337660497110618,-0.3066146430213715
BOOK00861,Emotional development and emotional intelligence,Open Library only,1.4924298434161232,-1.170103748028587,-0.9539827523504756
BOOK00862,Emotional Intelligence : How to Improve Emotional Intelligence,Open Library only,-0.8545982085001482,-1.6171470800040362,-0.11726358901487922
BOOK00863,Great emotional intelligence,Open Library only,0.33155715466340524,-1.1390008978564947,-0.03367425040009706
BOOK00864,Emotional intelligence,Open Library only,0.22974593237540827,-1.689709304688578,-0.6589883828705247
BOOK00865,The brain and emotional intelligence,Open Library only,0.16469474038339948,-1.5518856624067716,-0.6645233211553918
BOOK00866,Emotional Intelligence Habits,Both,-1.2742318761526874,-1.4431313325749677,0.022158916793492568
BOOK00867,Raising your emotional intelligence,Open Library only,-0.3683781345443727,-0.09564809456029881,-0.7017070351135785
BOOK00868,Building emotional intelligence,Open Library only,0.07320555845889223,-0.7948840804682141,-0.11400604734988361
BOOK00869,Emotional intelligence 101,Open Library only,-0.7993286152475446,-0.7610687416721683,-0.13473907097726423
BOOK00870,Emotional Intelligence : 3 Books in 1,Open Library only,-0.2069355843330434,-1.8238579845260539,-0.3182216636383419
BOOK00871,Primal leadership : realizing the power of emotional intelligence,Open Library only,-0.09632078027837021,-1.0189866685268325,-0.9404321155622092
BOOK00872,Emotional intelligence,Open Library only,-0.906311332792115,-0.7194033191569379,-0.6768827892031206
BOOK00873,Emotional Intelligence,Open Library only,-1.28857264487366,-1.214912394174623,-0.20462304408696685
BOOK00874,Emotional intelligence,Open Library only,-1.0651453054760334,0.01642157630661235,-0.04463342582231427
BOOK00875,Who's Talking?,Open Library only,-1.2130554236333153,-1.269401178916584,0.471033150200099
BOOK00876,Emotional Intelligence,Open Library only,-1.2061516701944865,-0.2717354039771038,1.0152116046233366
BOOK00877,Emotional Intelligence for Dummies,Open Library only,-0.8693999568497235,-0.13015671535020207,0.31262869625424916
BOOK00878,Emotional Intelligence at Work,Open Library only,-0.7519449435191192,0.6897304036380584,0.3922986743713689
BOOK00879,The emotional intelligence quick book,Open Library only,-0.2877725565579967,-0.7174330954785665,-0.4080921598379186
BOOK00880,Emotional intelligence at work,Open Library only,-0.6753629591977668,-0.004510826320539112,-0.6581630864129024
BOOK00881,The language of emotional intelligence,Open Library only,-0.5659483976562806,-0.626463399590646,-0.31296602754628466
BOOK00882,HBR's 10 must reads on emotional intelligence,Open Library only,-0.8352405234392948,-1.2918975687688659,-0.42229856520148495
BOOK00883,Selling with emotional intelligence,Open Library only,-0.6978989972609546,-0.0522817147331685,-0.1994852747701405
BOOK00884,Teaching with emotional intelligence,Open Library only,-0.5991352026792759,0.7119437599263917,1.029837013010308
BOOK00885,Emotional intelligence,Open Library only,-1.163772541773265,-0.8219797747479393,-0.5174829466861854
BOOK00886,Achieving emotional literacy,Open Library only,-0.06082935232307045,0.15193583140454092,-0.2794789807981318
BOOK00887,HBR Guide to Emotional Intelligence,Open Library only,-1.000092258071924,-0.924090018898377,0.085310504466106
BOOK00888,Manipulation Techniques,Open Library only,0.060616765600910484,-1.9291692758806294,-0.29965225760350744
BOOK00889,Emotional Intelligence,Open Library only,-0.26447180514084095,-0.8154667879753896,0.8740602373155539
BOOK00890,Emotional Intelligence (Life Balance),Open Library only,-0.47862882503750975,-0.5242404576254204,-0.4832320829984577
BOOK00891,Bedtime Stories For Kids,Open Library only,-1.4940069423592122,-0.3101059761399391,0.9170114719759657
BOOK00892,What we know about emotional intelligence,Open Library only,-0.12218550169891255,-0.4380001713070533,0.34174133247527483
BOOK00893,Applying emotional intelligence,Open Library only,-1.1426745500379798,0.25691570202597597,0.4063526623327224
BOOK00894,Change Your Life With Emotional Intelligence,Open Library only,-1.1633540624572873,-0.04529159440227476,0.35597424657280063
BOOK00895,Emotional Intelligence Mastery 2. 0,Open Library only,-1.746317927688788,-0.9893979025895929,-0.1261332504170386
BOOK00896,La iInteligencia emocional,Open Library only,-0.9104800862751382,-1.0601825460423633,-0.48543625810725965
BOOK00897,Emotional Intelligence,Open Library only,-1.2600916582161685,-0.03430209648588508,-0.9498056447728361
BOOK00898,Emotional Intelligence,Open Library only,-1.322717553361217,-0.17403428268399493,-0.832242225729154
BOOK00899,Emotional Intelligence,Open Library only,-1.1742604865186819,0.13355031607924192,1.509323788327269
BOOK00900,Master Your Emotions,Open Library only,-0.18521346204109815,-1.8343136124946324,-0.3185523924265137
BOOK00901,Emotional Intelligence,Open Library only,-1.3435928517428997,-0.22061167808336488,-0.7930544193812599
BOOK00902,Communicate with emotional intelligence,Open Library only,-1.322717553361217,-0.17403428268399493,-0.832242225729154
BOOK00903,Emotional Intelligence Secrets,Open Library only,-1.8015509306876858,-0.9628122990660365,-0.12529230385098
BOOK00904,The Science of Self Talk,Open Library only,0.6346904402297565,-2.2614405372738204,-0.47790730668105175
BOOK00905,Primal Leadership,Open Library only,-0.7727969432374212,-0.6938888418674496,-0.7792985529584209
BOOK00906,Innovation Management,Open Library only,0.015554540586707168,0.03292083598688732,-0.2940986524633128
BOOK00907,Innovation Management and New Product Development,Open Library only,-0.05425015916626644,0.47379255980676693,0.35672346017914974
BOOK00908,Strategic Innovation Management,Open Library only,-0.16198722240605265,-0.8472873984780213,0.32755723739133064
BOOK00909,Innovation Management,Open Library only,-1.2216631648049248,-0.4158767130325427,-0.11188535553318031
BOOK00910,Creativity and strategic innovation management,Open Library only,-0.6590952864058122,0.13449067208455523,0.9905667727772669
BOOK00911,Innovation Management,Open Library only,-1.2864630110341873,0.041006237810037094,1.022356478303747
BOOK00912,The Oxford Handbook Of Innovation Management,Open Library only,-1.2642659285368874,-0.9669561390932636,-0.4219859858452202
BOOK00913,Innovation management,Open Library only,-1.3160737090975392,-0.1725884965476883,-0.36009122643242286
BOOK00915,The Innovator's Dilemma,Open Library only,4.378429416167349,-1.2627070812673666,0.5536150099797211
BOOK00916,SAP Billing and Revenue Innovation Management,Open Library only,-1.772002801436377,-0.6606074775603802,0.24632354292887437
BOOK00917,Innovation Management:,Open Library only,-1.8984367800698874,-0.7982831650926482,0.2706950385499777
BOOK00919,Innovation management,Open Library only,-1.500534489514067,0.11273900039117338,0.03973550608958412
BOOK00920,Innovation Management,Open Library only,-1.6061826027263277,-0.14619962950146884,-0.27793425032053914
BOOK00922,Innovation management and new product development,Open Library only,-1.7798288340434683,-0.5202645788327352,-0.4365827988341177
BOOK00923,Global innovation management,Open Library only,-1.790732816103289,-0.02871247032235135,-0.1809609634818648
BOOK00924,Product Innovation Management,Open Library only,-2.0621116950651652,-0.6342186105141607,0.328480519040758
BOOK00929,Technology and Innovation Management,Open Library only,-2.0707845259347915,-0.8898460366204473,-0.08232313408699042
BOOK00930,Encyclopedia of technology and innovation management,Open Library only,-1.8324834128666545,-0.1218672611210913,-0.10258535078607663
BOOK00931,Information for Innovation,Open Library only,-1.3617220721506593,0.7296949687970219,-0.10744516381975934
BOOK00932,Innovation and Entrepreneurship,Open Library only,3.191524976323969,0.5009136635571827,0.7261820002348274
BOOK00934,Crest of the Innovation Management Research Wave,Open Library only,-1.917193658885189,-0.4228385827622946,0.5513889444122217
BOOK00935,Innovation Management,Open Library only,-2.269928447659026,-0.5361819019141849,0.7511093395677875
BOOK00941,Evolution of Innovation Management,Open Library only,-1.895109308011703,-0.26159944731920115,0.01497806825760552
BOOK00942,Collaborative Leadership and Innovation,Open Library only,-1.7841158359880007,-0.28371710909371967,0.9991684480878492
BOOK00943,The management of innovation,Open Library only,1.0989724053185672,2.173133303481158,-1.0604058517023223
BOOK00946,"Innovation Management and New Product Development for Engineers, Volume I",Open Library only,-1.854205509510872,-0.5644149813543925,0.2087051441970611
