query_book_id,recommendations_returned,recommendations_with_cluster,unique_topic_clusters,cluster_diversity_ratio
BOOK00001,10,10,7,0.7
BOOK00002,10,10,4,0.4
BOOK00003,10,10,5,0.5
BOOK00004,10,9,3,0.3333333333333333
BOOK00005,10,9,4,0.4444444444444444
BOOK00006,10,10,7,0.7
BOOK00007,10,10,3,0.3
BOOK00008,10,10,4,0.4
BOOK00009,10,10,3,0.3
BOOK00010,10,10,5,0.5
BOOK00011,10,10,3,0.3
BOOK00012,10,7,5,0.7142857142857143
BOOK00013,10,10,5,0.5
BOOK00014,10,10,6,0.6
BOOK00015,10,10,3,0.3
BOOK00016,10,10,6,0.6
BOOK00017,10,10,5,0.5
BOOK00018,10,7,3,0.42857142857142855
BOOK00019,10,10,6,0.6
BOOK00020,10,10,5,0.5
BOOK00021,10,10,2,0.2
BOOK00022,10,9,5,0.5555555555555556
BOOK00023,10,10,4,0.4
BOOK00024,10,10,3,0.3
BOOK00025,10,10,6,0.6
BOOK00026,10,10,4,0.4
BOOK00027,10,10,3,0.3
BOOK00028,10,10,4,0.4
BOOK00029,10,10,7,0.7
BOOK00030,10,10,3,0.3
BOOK00031,10,9,4,0.4444444444444444
BOOK00032,10,10,6,0.6
BOOK00033,10,10,3,0.3
BOOK00034,10,8,2,0.25
BOOK00035,10,10,4,0.4
BOOK00036,10,9,6,0.6666666666666666
BOOK00037,10,10,3,0.3
BOOK00038,10,9,5,0.5555555555555556
BOOK00039,10,9,4,0.4444444444444444
BOOK00040,10,10,7,0.7
BOOK00041,10,10,7,0.7
BOOK00042,10,10,4,0.4
BOOK00043,10,10,5,0.5
BOOK00044,10,10,7,0.7
BOOK00045,10,9,4,0.4444444444444444
BOOK00046,10,10,6,0.6
BOOK00047,10,10,5,0.5
BOOK00048,10,10,6,0.6
BOOK00049,10,10,3,0.3
BOOK00050,10,9,7,0.7777777777777778
BOOK00051,10,10,6,0.6
BOOK00052,10,10,5,0.5
BOOK00053,10,10,3,0.3
BOOK00054,10,10,3,0.3
BOOK00055,10,10,5,0.5
BOOK00056,10,10,3,0.3
BOOK00057,10,10,4,0.4
BOOK00058,10,10,4,0.4
BOOK00059,10,10,5,0.5
BOOK00060,10,10,3,0.3
BOOK00061,10,10,4,0.4
BOOK00062,10,10,6,0.6
BOOK00063,10,10,2,0.2
BOOK00064,10,9,5,0.5555555555555556
BOOK00065,10,10,4,0.4
BOOK00066,10,10,7,0.7
BOOK00067,10,10,5,0.5
BOOK00068,10,10,3,0.3
BOOK00069,10,10,2,0.2
BOOK00070,10,10,1,0.1
BOOK00071,10,10,4,0.4
BOOK00072,10,10,6,0.6
BOOK00073,10,10,5,0.5
BOOK00074,10,10,3,0.3
BOOK00075,10,10,3,0.3
BOOK00076,10,10,3,0.3
BOOK00077,10,10,6,0.6
BOOK00078,10,10,4,0.4
BOOK00079,10,10,4,0.4
BOOK00080,10,10,6,0.6
BOOK00081,10,10,2,0.2
BOOK00082,10,10,2,0.2
BOOK00083,10,10,3,0.3
BOOK00084,10,7,5,0.7142857142857143
BOOK00085,10,10,4,0.4
BOOK00086,10,10,5,0.5
BOOK00087,10,10,2,0.2
BOOK00088,10,10,2,0.2
BOOK00089,10,9,5,0.5555555555555556
BOOK00090,10,10,4,0.4
BOOK00091,10,10,6,0.6
BOOK00092,10,10,6,0.6
BOOK00093,10,10,3,0.3
BOOK00094,10,9,3,0.3333333333333333
BOOK00095,10,10,3,0.3
BOOK00096,10,10,3,0.3
BOOK00097,10,10,5,0.5
BOOK00098,10,10,3,0.3
BOOK00099,10,10,2,0.2
BOOK00100,10,10,5,0.5
BOOK00101,10,10,3,0.3
BOOK00102,10,10,3,0.3
BOOK00103,10,10,1,0.1
BOOK00104,10,10,4,0.4
BOOK00105,10,10,2,0.2
BOOK00106,10,10,2,0.2
BOOK00107,10,10,2,0.2
BOOK00108,10,10,1,0.1
BOOK00109,10,10,1,0.1
BOOK00110,10,10,3,0.3
BOOK00111,10,10,1,0.1
BOOK00112,10,10,1,0.1
BOOK00113,10,10,2,0.2
BOOK00114,10,10,2,0.2
BOOK00115,10,10,2,0.2
BOOK00116,10,9,4,0.4444444444444444
BOOK00117,8,8,6,0.75
BOOK00118,10,10,2,0.2
BOOK00119,10,9,5,0.5555555555555556
BOOK00120,10,10,4,0.4
BOOK00121,10,10,1,0.1
BOOK00122,10,9,4,0.4444444444444444
BOOK00123,10,10,6,0.6
BOOK00124,10,10,1,0.1
BOOK00125,10,10,2,0.2
BOOK00126,10,10,2,0.2
BOOK00127,10,10,3,0.3
BOOK00128,10,9,2,0.2222222222222222
BOOK00129,10,9,1,0.1111111111111111
BOOK00130,10,10,6,0.6
BOOK00131,10,10,7,0.7
BOOK00132,10,10,1,0.1
BOOK00133,10,10,2,0.2
BOOK00134,10,10,2,0.2
BOOK00135,10,10,3,0.3
BOOK00136,10,10,2,0.2
BOOK00137,10,10,3,0.3
BOOK00138,10,10,2,0.2
BOOK00139,10,10,2,0.2
BOOK00140,10,10,4,0.4
BOOK00141,10,8,4,0.5
BOOK00142,10,10,1,0.1
BOOK00143,10,10,1,0.1
BOOK00144,10,10,1,0.1
BOOK00145,10,10,4,0.4
BOOK00146,10,9,2,0.2222222222222222
BOOK00147,10,10,3,0.3
BOOK00148,10,10,3,0.3
BOOK00149,10,10,5,0.5
BOOK00150,10,10,4,0.4
BOOK00151,10,9,9,1.0
BOOK00152,10,9,5,0.5555555555555556
BOOK00153,10,10,3,0.3
BOOK00154,10,9,4,0.4444444444444444
BOOK00155,10,10,3,0.3
BOOK00156,10,10,2,0.2
BOOK00157,10,10,2,0.2
BOOK00158,10,10,5,0.5
BOOK00159,10,10,4,0.4
BOOK00160,10,9,6,0.6666666666666666
BOOK00161,10,10,4,0.4
BOOK00162,10,10,3,0.3
BOOK00163,10,10,4,0.4
BOOK00164,10,10,2,0.2
BOOK00165,10,10,1,0.1
BOOK00166,10,10,2,0.2
BOOK00167,10,10,7,0.7
BOOK00168,10,10,4,0.4
BOOK00169,10,10,2,0.2
BOOK00170,10,9,2,0.2222222222222222
BOOK00171,10,10,3,0.3
BOOK00172,10,10,3,0.3
BOOK00173,10,9,2,0.2222222222222222
BOOK00174,10,10,4,0.4
BOOK00175,10,10,1,0.1
BOOK00176,10,10,3,0.3
BOOK00177,10,10,3,0.3
BOOK00178,10,8,6,0.75
BOOK00179,10,10,2,0.2
BOOK00180,10,10,4,0.4
BOOK00181,10,10,2,0.2
BOOK00182,10,9,6,0.6666666666666666
BOOK00183,10,10,6,0.6
BOOK00184,10,10,3,0.3
BOOK00185,10,9,4,0.4444444444444444
BOOK00186,10,9,2,0.2222222222222222
BOOK00187,10,10,2,0.2
BOOK00188,10,10,3,0.3
BOOK00189,10,9,6,0.6666666666666666
BOOK00190,10,10,2,0.2
BOOK00191,10,10,2,0.2
BOOK00192,10,10,2,0.2
BOOK00193,10,10,3,0.3
BOOK00194,10,9,3,0.3333333333333333
BOOK00195,10,10,3,0.3
BOOK00196,10,10,3,0.3
BOOK00197,10,9,1,0.1111111111111111
BOOK00198,10,10,3,0.3
BOOK00199,10,10,1,0.1
BOOK00200,10,10,2,0.2
BOOK00201,10,8,3,0.375
BOOK00202,10,10,2,0.2
BOOK00203,10,9,3,0.3333333333333333
BOOK00204,10,9,1,0.1111111111111111
BOOK00205,10,10,1,0.1
BOOK00206,10,10,4,0.4
BOOK00207,10,10,2,0.2
BOOK00208,10,10,4,0.4
BOOK00209,10,10,6,0.6
BOOK00210,10,10,4,0.4
BOOK00211,10,10,7,0.7
BOOK00212,10,9,2,0.2222222222222222
BOOK00213,10,10,4,0.4
BOOK00214,10,8,4,0.5
BOOK00215,10,10,5,0.5
BOOK00216,10,10,1,0.1
BOOK00217,10,10,1,0.1
BOOK00218,10,10,3,0.3
BOOK00219,10,7,2,0.2857142857142857
BOOK00220,10,10,3,0.3
BOOK00221,10,10,1,0.1
BOOK00222,10,10,3,0.3
BOOK00223,10,10,1,0.1
BOOK00224,10,9,9,1.0
BOOK00225,10,10,5,0.5
BOOK00226,10,10,2,0.2
BOOK00227,10,10,3,0.3
BOOK00228,10,10,4,0.4
BOOK00229,10,9,3,0.3333333333333333
BOOK00230,10,10,7,0.7
BOOK00231,10,9,2,0.2222222222222222
BOOK00232,10,10,6,0.6
BOOK00233,10,10,2,0.2
BOOK00234,10,10,1,0.1
BOOK00235,10,10,2,0.2
BOOK00236,10,10,2,0.2
BOOK00237,10,10,2,0.2
BOOK00238,10,10,2,0.2
BOOK00239,10,6,5,0.8333333333333334
BOOK00240,10,10,5,0.5
BOOK00241,10,10,1,0.1
BOOK00242,10,10,2,0.2
BOOK00243,10,10,6,0.6
BOOK00244,10,10,1,0.1
BOOK00245,10,10,2,0.2
BOOK00246,10,10,1,0.1
BOOK00247,10,10,3,0.3
BOOK00248,10,7,6,0.8571428571428571
BOOK00249,10,10,2,0.2
BOOK00250,10,8,1,0.125
BOOK00251,10,9,2,0.2222222222222222
BOOK00252,10,10,6,0.6
BOOK00253,10,10,4,0.4
BOOK00254,10,10,2,0.2
BOOK00255,10,10,2,0.2
BOOK00256,10,10,1,0.1
BOOK00257,10,9,3,0.3333333333333333
BOOK00258,10,10,1,0.1
BOOK00259,10,10,2,0.2
BOOK00260,10,10,1,0.1
BOOK00261,10,10,8,0.8
BOOK00262,10,10,5,0.5
BOOK00263,10,10,2,0.2
BOOK00264,10,9,1,0.1111111111111111
BOOK00265,10,10,5,0.5
BOOK00266,10,10,1,0.1
BOOK00267,10,10,3,0.3
BOOK00268,10,10,2,0.2
BOOK00269,10,10,4,0.4
BOOK00270,10,10,8,0.8
BOOK00271,10,10,2,0.2
BOOK00272,10,10,1,0.1
BOOK00273,10,10,1,0.1
BOOK00274,10,10,1,0.1
BOOK00275,10,10,2,0.2
BOOK00276,10,9,3,0.3333333333333333
BOOK00277,10,10,1,0.1
BOOK00278,10,9,1,0.1111111111111111
BOOK00279,10,10,2,0.2
BOOK00280,10,10,3,0.3
BOOK00281,10,10,6,0.6
BOOK00282,10,9,1,0.1111111111111111
BOOK00283,10,10,6,0.6
BOOK00284,10,10,1,0.1
BOOK00285,10,10,1,0.1
BOOK00286,10,10,6,0.6
BOOK00287,10,10,1,0.1
BOOK00288,10,10,7,0.7
BOOK00289,10,9,6,0.6666666666666666
BOOK00290,10,10,2,0.2
BOOK00291,10,10,4,0.4
BOOK00292,10,9,5,0.5555555555555556
BOOK00293,10,10,7,0.7
BOOK00294,10,10,1,0.1
BOOK00295,10,8,4,0.5
BOOK00296,10,10,1,0.1
BOOK00297,10,10,2,0.2
BOOK00298,10,10,1,0.1
BOOK00299,10,10,1,0.1
BOOK00300,10,10,3,0.3
BOOK00301,10,10,2,0.2
BOOK00302,10,10,1,0.1
BOOK00303,10,7,5,0.7142857142857143
BOOK00304,10,10,1,0.1
BOOK00305,10,10,1,0.1
BOOK00306,10,7,6,0.8571428571428571
BOOK00307,10,10,6,0.6
BOOK00308,10,10,5,0.5
BOOK00309,10,10,3,0.3
BOOK00310,10,10,6,0.6
BOOK00311,10,10,4,0.4
BOOK00312,10,10,1,0.1
BOOK00313,10,8,6,0.75
BOOK00314,10,9,6,0.6666666666666666
BOOK00315,10,10,6,0.6
BOOK00316,10,10,4,0.4
BOOK00317,10,10,5,0.5
BOOK00318,10,10,5,0.5
BOOK00319,10,10,2,0.2
BOOK00320,10,9,4,0.4444444444444444
BOOK00321,10,10,5,0.5
BOOK00322,10,10,4,0.4
BOOK00323,10,10,4,0.4
BOOK00324,10,10,3,0.3
BOOK00325,10,8,6,0.75
BOOK00326,10,10,7,0.7
BOOK00327,10,9,6,0.6666666666666666
BOOK00328,10,10,1,0.1
BOOK00329,10,10,3,0.3
BOOK00330,10,10,3,0.3
BOOK00331,10,9,5,0.5555555555555556
BOOK00332,10,10,4,0.4
BOOK00333,10,10,8,0.8
BOOK00334,10,10,1,0.1
BOOK00335,10,10,3,0.3
BOOK00336,10,10,1,0.1
BOOK00337,10,10,4,0.4
BOOK00338,10,10,3,0.3
BOOK00339,10,10,2,0.2
BOOK00340,10,10,3,0.3
BOOK00341,10,10,5,0.5
BOOK00342,10,10,7,0.7
BOOK00343,10,9,3,0.3333333333333333
BOOK00344,10,10,5,0.5
BOOK00345,10,8,2,0.25
BOOK00346,10,10,5,0.5
BOOK00347,10,10,1,0.1
BOOK00348,10,10,2,0.2
BOOK00349,10,10,3,0.3
BOOK00350,10,10,1,0.1
BOOK00351,10,10,9,0.9
BOOK00352,10,9,2,0.2222222222222222
BOOK00353,10,10,2,0.2
BOOK00354,10,10,2,0.2
BOOK00355,10,10,6,0.6
BOOK00356,10,10,5,0.5
BOOK00357,10,10,3,0.3
BOOK00358,10,10,2,0.2
BOOK00359,10,9,5,0.5555555555555556
BOOK00360,10,10,1,0.1
BOOK00361,10,10,1,0.1
BOOK00362,10,10,2,0.2
BOOK00363,10,10,8,0.8
BOOK00364,10,10,5,0.5
BOOK00365,10,10,2,0.2
BOOK00366,10,10,4,0.4
BOOK00367,10,9,6,0.6666666666666666
BOOK00368,10,10,3,0.3
BOOK00369,10,10,2,0.2
BOOK00370,10,10,7,0.7
BOOK00371,10,10,4,0.4
BOOK00372,10,9,3,0.3333333333333333
BOOK00373,10,7,2,0.2857142857142857
BOOK00374,10,9,5,0.5555555555555556
BOOK00375,10,10,4,0.4
BOOK00376,10,10,2,0.2
BOOK00377,10,10,2,0.2
BOOK00378,10,10,5,0.5
BOOK00379,10,8,5,0.625
BOOK00380,10,10,7,0.7
BOOK00381,10,10,1,0.1
BOOK00382,10,10,1,0.1
BOOK00383,10,10,1,0.1
BOOK00384,10,10,1,0.1
BOOK00385,10,10,1,0.1
BOOK00386,10,10,1,0.1
BOOK00387,10,10,1,0.1
BOOK00388,10,10,1,0.1
BOOK00389,10,10,1,0.1
BOOK00390,10,10,2,0.2
BOOK00391,10,10,1,0.1
BOOK00392,10,10,2,0.2
BOOK00393,10,10,1,0.1
BOOK00394,10,9,1,0.1111111111111111
BOOK00395,10,10,1,0.1
BOOK00396,10,10,4,0.4
BOOK00397,10,9,6,0.6666666666666666
BOOK00398,10,10,1,0.1
BOOK00399,10,10,3,0.3
BOOK00400,10,10,2,0.2
BOOK00401,10,9,1,0.1111111111111111
BOOK00402,10,10,8,0.8
BOOK00403,10,10,1,0.1
BOOK00404,10,10,1,0.1
BOOK00405,10,10,1,0.1
BOOK00406,10,10,1,0.1
BOOK00407,10,10,2,0.2
BOOK00408,10,10,1,0.1
BOOK00409,10,10,3,0.3
BOOK00410,10,10,2,0.2
BOOK00411,10,10,1,0.1
BOOK00412,10,10,1,0.1
BOOK00413,10,10,1,0.1
BOOK00414,10,9,3,0.3333333333333333
BOOK00415,10,10,1,0.1
BOOK00416,10,10,1,0.1
BOOK00417,10,10,1,0.1
BOOK00418,10,10,1,0.1
BOOK00419,10,10,1,0.1
BOOK00420,10,9,2,0.2222222222222222
BOOK00421,10,10,2,0.2
BOOK00422,10,10,2,0.2
BOOK00423,10,10,1,0.1
BOOK00424,10,10,2,0.2
BOOK00425,10,10,4,0.4
BOOK00426,10,10,3,0.3
BOOK00427,10,10,2,0.2
BOOK00428,10,10,2,0.2
BOOK00429,10,10,4,0.4
BOOK00430,10,10,2,0.2
BOOK00431,10,10,5,0.5
BOOK00432,10,10,2,0.2
BOOK00433,10,10,3,0.3
BOOK00434,10,10,3,0.3
BOOK00435,10,10,4,0.4
BOOK00436,10,10,4,0.4
BOOK00437,10,10,6,0.6
BOOK00438,10,10,2,0.2
BOOK00439,10,10,4,0.4
BOOK00440,10,10,3,0.3
BOOK00441,10,10,1,0.1
BOOK00442,10,10,6,0.6
BOOK00443,10,10,7,0.7
BOOK00444,10,10,5,0.5
BOOK00445,10,10,5,0.5
BOOK00446,10,10,2,0.2
BOOK00447,10,10,3,0.3
BOOK00448,10,10,2,0.2
BOOK00449,10,10,1,0.1
BOOK00450,10,10,3,0.3
BOOK00451,10,10,3,0.3
BOOK00452,10,10,4,0.4
BOOK00453,10,9,3,0.3333333333333333
BOOK00454,10,10,3,0.3
BOOK00455,10,10,3,0.3
BOOK00456,10,10,4,0.4
BOOK00457,10,10,4,0.4
BOOK00458,10,10,2,0.2
BOOK00459,10,10,5,0.5
BOOK00460,10,10,1,0.1
BOOK00461,10,10,1,0.1
BOOK00462,10,10,5,0.5
BOOK00463,10,10,2,0.2
BOOK00464,10,9,7,0.7777777777777778
BOOK00465,10,10,2,0.2
BOOK00466,10,10,10,1.0
BOOK00467,10,10,5,0.5
BOOK00468,10,10,6,0.6
BOOK00469,10,10,2,0.2
BOOK00470,10,10,3,0.3
BOOK00471,10,10,7,0.7
BOOK00472,10,10,1,0.1
BOOK00473,10,10,1,0.1
BOOK00474,10,10,2,0.2
BOOK00475,10,10,1,0.1
BOOK00476,10,10,1,0.1
BOOK00477,10,10,1,0.1
BOOK00478,10,10,1,0.1
BOOK00479,10,10,1,0.1
BOOK00480,10,10,2,0.2
BOOK00481,10,10,1,0.1
BOOK00482,10,10,2,0.2
BOOK00483,10,10,2,0.2
BOOK00484,10,10,1,0.1
BOOK00485,10,10,1,0.1
BOOK00486,10,10,2,0.2
BOOK00487,10,10,2,0.2
BOOK00488,10,10,1,0.1
BOOK00489,10,10,1,0.1
BOOK00490,10,10,4,0.4
BOOK00491,10,10,1,0.1
BOOK00492,10,10,1,0.1
BOOK00493,10,10,1,0.1
BOOK00494,10,10,1,0.1
BOOK00495,10,10,2,0.2
BOOK00496,10,10,1,0.1
BOOK00497,10,10,1,0.1
BOOK00498,10,8,3,0.375
BOOK00499,10,10,2,0.2
BOOK00500,10,10,3,0.3
BOOK00501,10,10,1,0.1
BOOK00502,10,10,1,0.1
BOOK00503,10,10,2,0.2
BOOK00504,10,10,1,0.1
BOOK00505,10,9,2,0.2222222222222222
BOOK00506,10,10,2,0.2
BOOK00507,10,10,2,0.2
BOOK00508,10,9,2,0.2222222222222222
BOOK00509,10,10,1,0.1
BOOK00510,10,10,2,0.2
BOOK00511,10,10,1,0.1
BOOK00512,10,10,1,0.1
BOOK00513,10,10,1,0.1
BOOK00514,10,10,4,0.4
BOOK00515,10,9,3,0.3333333333333333
BOOK00516,10,10,3,0.3
BOOK00517,10,10,2,0.2
BOOK00518,10,10,1,0.1
BOOK00519,10,10,2,0.2
BOOK00520,10,10,1,0.1
BOOK00521,10,10,1,0.1
BOOK00522,10,10,1,0.1
BOOK00523,10,10,1,0.1
BOOK00524,10,10,2,0.2
BOOK00525,10,10,4,0.4
BOOK00526,10,10,3,0.3
BOOK00527,10,10,2,0.2
BOOK00528,10,10,1,0.1
BOOK00529,10,10,3,0.3
BOOK00530,10,10,1,0.1
BOOK00531,10,10,2,0.2
BOOK00532,10,10,1,0.1
BOOK00533,10,10,1,0.1
BOOK00534,10,10,2,0.2
BOOK00535,10,10,3,0.3
BOOK00536,10,10,2,0.2
BOOK00537,10,10,1,0.1
BOOK00538,10,10,2,0.2
BOOK00539,10,10,1,0.1
BOOK00540,10,10,1,0.1
BOOK00541,10,10,3,0.3
BOOK00542,10,10,2,0.2
BOOK00543,10,10,1,0.1
BOOK00544,10,10,1,0.1
BOOK00545,10,10,2,0.2
BOOK00546,10,10,3,0.3
BOOK00547,10,10,1,0.1
BOOK00548,10,10,2,0.2
BOOK00549,10,10,1,0.1
BOOK00550,10,10,1,0.1
BOOK00551,10,10,2,0.2
BOOK00552,10,10,1,0.1
BOOK00553,10,10,6,0.6
BOOK00554,10,10,1,0.1
BOOK00555,10,10,1,0.1
BOOK00556,10,10,2,0.2
BOOK00557,10,10,3,0.3
BOOK00558,10,10,1,0.1
BOOK00559,10,10,6,0.6
BOOK00560,10,10,3,0.3
BOOK00561,10,10,1,0.1
BOOK00562,10,10,1,0.1
BOOK00563,10,10,1,0.1
BOOK00564,10,10,1,0.1
BOOK00565,10,10,1,0.1
BOOK00566,10,10,1,0.1
BOOK00567,10,10,3,0.3
BOOK00568,10,9,1,0.1111111111111111
BOOK00569,10,10,2,0.2
BOOK00570,10,10,1,0.1
BOOK00571,10,10,6,0.6
BOOK00572,10,10,3,0.3
BOOK00573,10,10,1,0.1
BOOK00574,10,10,4,0.4
BOOK00575,10,10,3,0.3
BOOK00576,10,10,1,0.1
BOOK00577,10,10,7,0.7
BOOK00578,10,10,1,0.1
BOOK00579,10,10,1,0.1
BOOK00580,10,10,3,0.3
BOOK00581,10,10,2,0.2
BOOK00582,10,10,1,0.1
BOOK00583,10,10,2,0.2
BOOK00584,10,10,2,0.2
BOOK00585,10,10,1,0.1
BOOK00586,10,10,3,0.3
BOOK00587,10,10,1,0.1
BOOK00588,10,10,5,0.5
BOOK00589,10,8,1,0.125
BOOK00590,10,10,5,0.5
BOOK00591,10,10,6,0.6
BOOK00592,10,10,4,0.4
BOOK00593,10,10,1,0.1
BOOK00594,10,10,4,0.4
BOOK00595,10,10,1,0.1
BOOK00596,10,10,2,0.2
BOOK00597,10,10,2,0.2
BOOK00598,10,10,3,0.3
BOOK00599,10,10,3,0.3
BOOK00600,10,10,7,0.7
BOOK00601,10,10,5,0.5
BOOK00602,10,10,4,0.4
BOOK00603,10,10,2,0.2
BOOK00604,10,10,3,0.3
BOOK00605,10,10,2,0.2
BOOK00606,10,10,2,0.2
BOOK00607,10,10,4,0.4
BOOK00608,10,10,4,0.4
BOOK00609,10,10,1,0.1
BOOK00610,10,9,3,0.3333333333333333
BOOK00611,10,10,4,0.4
BOOK00612,10,7,5,0.7142857142857143
BOOK00613,10,10,4,0.4
BOOK00614,10,9,7,0.7777777777777778
BOOK00615,10,10,1,0.1
BOOK00616,10,10,2,0.2
BOOK00617,10,10,1,0.1
BOOK00618,10,10,1,0.1
BOOK00619,10,10,3,0.3
BOOK00620,10,10,1,0.1
BOOK00621,10,10,4,0.4
BOOK00622,10,10,1,0.1
BOOK00623,10,10,1,0.1
BOOK00624,10,10,1,0.1
BOOK00625,10,10,2,0.2
BOOK00626,10,10,1,0.1
BOOK00627,10,10,4,0.4
BOOK00628,10,9,1,0.1111111111111111
BOOK00629,10,10,1,0.1
BOOK00630,10,9,1,0.1111111111111111
BOOK00631,10,10,1,0.1
BOOK00632,10,10,1,0.1
BOOK00633,10,10,1,0.1
BOOK00634,10,10,1,0.1
BOOK00635,10,10,1,0.1
BOOK00636,10,10,1,0.1
BOOK00637,10,10,1,0.1
BOOK00638,10,10,5,0.5
BOOK00639,10,10,3,0.3
BOOK00640,10,10,1,0.1
BOOK00641,10,10,3,0.3
BOOK00642,10,10,1,0.1
BOOK00643,10,10,2,0.2
BOOK00644,10,10,3,0.3
BOOK00645,10,10,1,0.1
BOOK00646,10,10,1,0.1
BOOK00647,10,10,1,0.1
BOOK00648,10,10,1,0.1
BOOK00649,10,10,1,0.1
BOOK00650,10,10,1,0.1
BOOK00651,10,10,6,0.6
BOOK00652,10,10,1,0.1
BOOK00653,10,10,2,0.2
BOOK00654,10,10,1,0.1
BOOK00655,10,10,1,0.1
BOOK00656,10,10,1,0.1
BOOK00657,10,10,1,0.1
BOOK00658,10,10,1,0.1
BOOK00659,10,10,4,0.4
BOOK00660,10,10,2,0.2
BOOK00661,10,10,1,0.1
BOOK00662,10,10,1,0.1
BOOK00663,10,10,1,0.1
BOOK00664,10,10,2,0.2
BOOK00665,10,10,1,0.1
BOOK00666,10,10,2,0.2
BOOK00667,10,10,2,0.2
BOOK00668,10,10,3,0.3
BOOK00669,10,10,1,0.1
BOOK00670,10,10,1,0.1
BOOK00671,10,10,3,0.3
BOOK00672,10,10,1,0.1
BOOK00673,10,10,4,0.4
BOOK00674,10,10,1,0.1
BOOK00675,10,10,4,0.4
BOOK00676,10,10,2,0.2
BOOK00677,10,10,3,0.3
BOOK00678,10,10,1,0.1
BOOK00679,10,10,1,0.1
BOOK00680,10,10,4,0.4
BOOK00681,10,9,1,0.1111111111111111
BOOK00682,10,10,1,0.1
BOOK00683,10,10,3,0.3
BOOK00684,10,10,1,0.1
BOOK00685,10,10,1,0.1
BOOK00686,10,10,1,0.1
BOOK00687,10,10,7,0.7
BOOK00688,10,10,1,0.1
BOOK00689,10,10,1,0.1
BOOK00690,10,9,2,0.2222222222222222
BOOK00691,10,10,1,0.1
BOOK00692,10,10,3,0.3
BOOK00693,10,10,1,0.1
BOOK00694,10,10,1,0.1
BOOK00695,10,10,4,0.4
BOOK00696,10,10,1,0.1
BOOK00697,10,10,2,0.2
BOOK00698,10,9,5,0.5555555555555556
BOOK00699,10,10,2,0.2
BOOK00700,10,10,3,0.3
BOOK00701,10,10,1,0.1
BOOK00702,10,10,1,0.1
BOOK00703,10,10,1,0.1
BOOK00704,10,10,1,0.1
BOOK00705,10,10,1,0.1
BOOK00706,10,10,1,0.1
BOOK00707,10,10,2,0.2
BOOK00708,10,10,2,0.2
BOOK00709,10,8,5,0.625
BOOK00710,10,10,6,0.6
BOOK00711,10,10,1,0.1
BOOK00712,10,10,1,0.1
BOOK00713,10,10,3,0.3
BOOK00714,3,3,1,0.3333333333333333
BOOK00715,10,10,5,0.5
BOOK00716,10,10,2,0.2
BOOK00717,2,2,1,0.5
BOOK00718,10,10,5,0.5
BOOK00719,10,10,5,0.5
BOOK00720,10,10,3,0.3
BOOK00721,10,5,4,0.8
BOOK00722,10,10,3,0.3
BOOK00723,10,10,4,0.4
BOOK00724,2,2,2,1.0
BOOK00725,10,10,3,0.3
BOOK00726,10,10,2,0.2
BOOK00727,10,10,2,0.2
BOOK00728,10,10,5,0.5
BOOK00729,10,10,2,0.2
BOOK00730,10,8,2,0.25
BOOK00731,10,10,1,0.1
BOOK00732,10,10,1,0.1
BOOK00733,10,10,3,0.3
BOOK00734,10,10,7,0.7
BOOK00735,10,10,2,0.2
BOOK00736,10,10,5,0.5
BOOK00737,10,10,2,0.2
BOOK00738,10,7,5,0.7142857142857143
BOOK00739,10,10,3,0.3
BOOK00740,10,9,3,0.3333333333333333
BOOK00741,10,8,4,0.5
BOOK00742,10,9,6,0.6666666666666666
BOOK00743,10,10,3,0.3
BOOK00744,10,10,1,0.1
BOOK00745,10,10,6,0.6
BOOK00746,10,10,2,0.2
BOOK00747,10,10,3,0.3
BOOK00748,10,10,5,0.5
BOOK00749,10,10,3,0.3
BOOK00750,10,10,3,0.3
BOOK00751,10,10,8,0.8
BOOK00752,10,10,3,0.3
BOOK00753,10,10,1,0.1
BOOK00754,10,10,1,0.1
BOOK00755,10,10,4,0.4
BOOK00756,10,10,4,0.4
BOOK00757,10,10,2,0.2
BOOK00758,10,10,4,0.4
BOOK00759,10,10,3,0.3
BOOK00760,10,9,5,0.5555555555555556
BOOK00761,10,10,3,0.3
BOOK00762,10,10,3,0.3
BOOK00763,10,10,2,0.2
BOOK00764,10,9,3,0.3333333333333333
BOOK00765,10,10,3,0.3
BOOK00766,10,10,3,0.3
BOOK00767,10,10,1,0.1
BOOK00768,10,10,5,0.5
BOOK00769,10,10,1,0.1
BOOK00770,10,9,2,0.2222222222222222
BOOK00771,10,10,4,0.4
BOOK00772,10,10,3,0.3
BOOK00773,10,9,8,0.8888888888888888
BOOK00774,10,10,4,0.4
BOOK00775,10,10,3,0.3
BOOK00776,10,10,6,0.6
BOOK00777,10,10,4,0.4
BOOK00778,10,9,4,0.4444444444444444
BOOK00779,10,10,2,0.2
BOOK00780,10,10,2,0.2
BOOK00781,10,10,3,0.3
BOOK00782,10,10,2,0.2
BOOK00783,10,7,4,0.5714285714285714
BOOK00784,10,8,5,0.625
BOOK00785,10,10,2,0.2
BOOK00786,10,10,4,0.4
BOOK00787,10,10,1,0.1
BOOK00788,10,10,6,0.6
BOOK00789,10,10,8,0.8
BOOK00790,10,10,2,0.2
BOOK00791,10,10,3,0.3
BOOK00792,10,10,7,0.7
BOOK00793,10,9,3,0.3333333333333333
BOOK00794,10,10,2,0.2
BOOK00795,10,10,3,0.3
BOOK00796,10,10,5,0.5
BOOK00797,10,10,2,0.2
BOOK00798,10,10,5,0.5
BOOK00799,10,10,6,0.6
BOOK00800,10,10,6,0.6
BOOK00801,10,9,4,0.4444444444444444
BOOK00802,10,9,5,0.5555555555555556
BOOK00803,10,10,3,0.3
BOOK00804,10,9,5,0.5555555555555556
BOOK00805,10,10,7,0.7
BOOK00806,10,10,2,0.2
BOOK00807,10,10,1,0.1
BOOK00808,10,10,4,0.4
BOOK00809,10,10,4,0.4
BOOK00810,10,10,3,0.3
BOOK00811,10,10,3,0.3
BOOK00812,10,10,5,0.5
BOOK00813,10,10,4,0.4
BOOK00814,10,9,5,0.5555555555555556
BOOK00815,10,7,3,0.42857142857142855
BOOK00816,10,10,6,0.6
BOOK00817,10,10,1,0.1
BOOK00818,10,10,2,0.2
BOOK00819,10,10,5,0.5
BOOK00820,10,10,7,0.7
BOOK00821,10,10,3,0.3
BOOK00822,10,10,2,0.2
BOOK00823,10,10,3,0.3
BOOK00824,10,10,3,0.3
BOOK00825,10,10,5,0.5
BOOK00826,10,10,2,0.2
BOOK00827,10,9,6,0.6666666666666666
BOOK00828,10,10,3,0.3
BOOK00829,10,10,3,0.3
BOOK00830,10,10,2,0.2
BOOK00831,10,10,5,0.5
BOOK00832,10,8,2,0.25
BOOK00833,10,9,3,0.3333333333333333
BOOK00834,10,10,3,0.3
BOOK00835,10,10,5,0.5
BOOK00836,10,10,1,0.1
BOOK00837,10,10,5,0.5
BOOK00838,10,10,3,0.3
BOOK00839,10,9,4,0.4444444444444444
BOOK00840,10,9,2,0.2222222222222222
BOOK00841,10,10,1,0.1
BOOK00842,10,10,6,0.6
BOOK00843,10,9,4,0.4444444444444444
BOOK00844,10,10,1,0.1
BOOK00845,10,10,4,0.4
BOOK00846,10,10,2,0.2
BOOK00847,10,10,4,0.4
BOOK00848,10,10,6,0.6
BOOK00849,10,10,5,0.5
BOOK00850,10,7,5,0.7142857142857143
BOOK00851,10,10,4,0.4
BOOK00852,10,10,8,0.8
BOOK00853,10,10,1,0.1
BOOK00854,10,10,5,0.5
BOOK00855,10,10,2,0.2
BOOK00856,10,10,1,0.1
BOOK00857,10,10,1,0.1
BOOK00858,10,10,1,0.1
BOOK00859,10,10,1,0.1
BOOK00860,10,10,1,0.1
BOOK00861,10,10,1,0.1
BOOK00862,10,10,1,0.1
BOOK00863,10,10,1,0.1
BOOK00864,10,10,1,0.1
BOOK00865,10,10,2,0.2
BOOK00866,10,10,1,0.1
BOOK00867,10,10,1,0.1
BOOK00868,10,10,1,0.1
BOOK00869,10,10,3,0.3
BOOK00870,10,10,1,0.1
BOOK00871,10,10,2,0.2
BOOK00872,10,10,1,0.1
BOOK00873,10,10,1,0.1
BOOK00874,10,10,1,0.1
BOOK00875,10,8,3,0.375
BOOK00876,10,10,1,0.1
BOOK00877,10,10,1,0.1
BOOK00878,10,10,1,0.1
BOOK00879,10,10,1,0.1
BOOK00880,10,10,1,0.1
BOOK00881,10,10,1,0.1
BOOK00882,10,10,3,0.3
BOOK00883,10,10,1,0.1
BOOK00884,10,10,1,0.1
BOOK00885,10,10,1,0.1
BOOK00886,10,10,1,0.1
BOOK00887,10,10,2,0.2
BOOK00888,10,9,5,0.5555555555555556
BOOK00889,10,10,1,0.1
BOOK00890,10,10,1,0.1
BOOK00891,10,10,1,0.1
BOOK00892,10,10,2,0.2
BOOK00893,10,10,1,0.1
BOOK00894,10,10,1,0.1
BOOK00895,10,10,1,0.1
BOOK00896,10,10,2,0.2
BOOK00897,10,10,1,0.1
BOOK00898,10,10,1,0.1
BOOK00899,10,9,1,0.1111111111111111
BOOK00900,10,8,7,0.875
BOOK00901,10,10,2,0.2
BOOK00902,10,10,1,0.1
BOOK00903,10,10,1,0.1
BOOK00904,10,9,3,0.3333333333333333
BOOK00905,10,10,3,0.3
BOOK00906,10,10,4,0.4
BOOK00907,10,10,1,0.1
BOOK00908,10,10,2,0.2
BOOK00909,10,10,4,0.4
BOOK00910,10,10,3,0.3
BOOK00911,10,10,2,0.2
BOOK00912,10,10,3,0.3
BOOK00913,10,10,1,0.1
BOOK00914,10,10,3,0.3
BOOK00915,10,10,5,0.5
BOOK00916,10,9,2,0.2222222222222222
BOOK00917,10,10,3,0.3
BOOK00918,10,10,4,0.4
BOOK00919,10,10,2,0.2
BOOK00920,10,10,1,0.1
BOOK00921,10,10,3,0.3
BOOK00922,10,10,1,0.1
BOOK00923,10,10,2,0.2
BOOK00924,10,10,1,0.1
BOOK00925,10,9,1,0.1111111111111111
BOOK00926,10,10,3,0.3
BOOK00927,10,10,3,0.3
BOOK00928,10,10,1,0.1
BOOK00929,10,10,1,0.1
BOOK00930,10,10,2,0.2
BOOK00931,10,10,2,0.2
BOOK00932,10,10,4,0.4
BOOK00933,10,7,6,0.8571428571428571
BOOK00934,10,9,4,0.4444444444444444
BOOK00935,10,10,2,0.2
BOOK00936,10,10,5,0.5
BOOK00937,10,8,6,0.75
BOOK00938,10,9,4,0.4444444444444444
BOOK00939,10,10,1,0.1
BOOK00940,10,10,6,0.6
BOOK00941,10,10,2,0.2
BOOK00942,10,10,5,0.5
BOOK00943,10,10,3,0.3
BOOK00944,10,10,2,0.2
BOOK00945,10,10,3,0.3
BOOK00946,10,8,3,0.375
BOOK00947,10,10,1,0.1
BOOK00948,10,10,3,0.3
BOOK00949,10,10,6,0.6
BOOK00950,10,10,6,0.6
BOOK00951,8,8,5,0.625
BOOK00952,10,6,2,0.3333333333333333
BOOK00953,10,10,4,0.4
BOOK00954,10,10,3,0.3
BOOK00955,10,8,3,0.375
BOOK00956,10,10,7,0.7
BOOK00957,10,9,5,0.5555555555555556
BOOK00958,1,1,1,1.0
BOOK00959,10,10,8,0.8
BOOK00960,10,9,4,0.4444444444444444
BOOK00961,10,10,2,0.2
BOOK00962,1,1,1,1.0
BOOK00964,8,8,3,0.375
BOOK00965,10,10,6,0.6
BOOK00966,8,8,5,0.625
BOOK00967,10,9,5,0.5555555555555556
BOOK00968,7,6,4,0.6666666666666666
BOOK00969,10,8,4,0.5
BOOK00970,5,5,2,0.4
BOOK00971,4,4,3,0.75
BOOK00972,10,8,5,0.625
BOOK00973,10,8,4,0.5
BOOK00974,10,10,7,0.7
BOOK00975,10,9,4,0.4444444444444444
BOOK00976,6,4,4,1.0
BOOK00977,10,10,4,0.4
BOOK00978,10,10,6,0.6
BOOK00979,10,8,4,0.5
BOOK00980,10,9,6,0.6666666666666666
BOOK00981,10,9,5,0.5555555555555556
BOOK00982,10,5,4,0.8
BOOK00983,10,5,3,0.6
BOOK00984,10,9,8,0.8888888888888888
BOOK00985,10,7,5,0.7142857142857143
BOOK00986,10,10,8,0.8
BOOK00987,3,3,3,1.0
BOOK00988,10,8,6,0.75
BOOK00989,10,5,5,1.0
BOOK00990,10,8,6,0.75
BOOK00991,9,9,7,0.7777777777777778
BOOK00992,10,10,5,0.5
BOOK00993,10,10,3,0.3
BOOK00994,10,10,5,0.5
BOOK00995,10,7,4,0.5714285714285714
BOOK00996,10,8,5,0.625
BOOK00997,10,8,6,0.75
BOOK00998,10,7,5,0.7142857142857143
BOOK00999,10,10,3,0.3
BOOK01000,2,2,2,1.0
BOOK01001,10,8,6,0.75
BOOK01003,10,10,2,0.2
BOOK01004,10,10,6,0.6
BOOK01005,10,9,7,0.7777777777777778
BOOK01006,10,9,7,0.7777777777777778
BOOK01007,10,6,5,0.8333333333333334
BOOK01008,10,10,6,0.6
BOOK01009,10,9,4,0.4444444444444444
BOOK01010,7,7,3,0.42857142857142855
BOOK01011,3,2,1,0.5
BOOK01012,6,6,6,1.0
BOOK01013,10,8,4,0.5
BOOK01014,10,8,4,0.5
BOOK01015,7,6,6,1.0
BOOK01016,5,5,2,0.4
BOOK01017,10,9,4,0.4444444444444444
BOOK01018,10,10,6,0.6
BOOK01019,10,9,6,0.6666666666666666
BOOK01020,10,8,7,0.875
BOOK01021,10,10,8,0.8
BOOK01022,10,10,5,0.5
BOOK01023,10,7,5,0.7142857142857143
BOOK01024,10,8,3,0.375
BOOK01025,10,9,6,0.6666666666666666
BOOK01026,10,7,6,0.8571428571428571
BOOK01027,10,9,3,0.3333333333333333
BOOK01028,10,10,7,0.7
BOOK01029,10,10,9,0.9
BOOK01031,10,9,7,0.7777777777777778
BOOK01032,10,9,5,0.5555555555555556
BOOK01033,10,9,6,0.6666666666666666
BOOK01034,10,6,5,0.8333333333333334
BOOK01035,2,2,2,1.0
BOOK01036,10,8,5,0.625
BOOK01037,10,7,6,0.8571428571428571
BOOK01038,10,9,5,0.5555555555555556
BOOK01039,10,10,4,0.4
BOOK01040,10,8,5,0.625
BOOK01041,10,10,6,0.6
BOOK01042,4,4,4,1.0
BOOK01043,10,10,4,0.4
BOOK01044,10,6,5,0.8333333333333334
BOOK01045,10,9,6,0.6666666666666666
BOOK01046,10,10,4,0.4
BOOK01047,5,5,5,1.0
BOOK01048,10,7,5,0.7142857142857143
BOOK01049,10,9,5,0.5555555555555556
BOOK01050,10,10,8,0.8
BOOK01051,10,10,6,0.6
BOOK01052,10,8,4,0.5
BOOK01053,2,2,2,1.0
BOOK01054,10,7,5,0.7142857142857143
BOOK01055,10,10,3,0.3
BOOK01056,10,10,3,0.3
BOOK01057,10,10,7,0.7
BOOK01058,10,10,1,0.1
BOOK01059,10,7,5,0.7142857142857143
BOOK01060,2,2,2,1.0
BOOK01061,10,5,2,0.4
BOOK01063,10,8,3,0.375
BOOK01064,7,7,6,0.8571428571428571
BOOK01065,10,8,4,0.5
BOOK01066,10,8,2,0.25
BOOK01067,10,10,7,0.7
BOOK01068,1,1,1,1.0
BOOK01069,10,9,7,0.7777777777777778
BOOK01070,10,8,6,0.75
BOOK01071,10,10,7,0.7
BOOK01073,10,8,6,0.75
BOOK01074,10,9,8,0.8888888888888888
BOOK01075,10,9,4,0.4444444444444444
BOOK01076,10,7,5,0.7142857142857143
BOOK01077,10,10,2,0.2
BOOK01078,10,7,6,0.8571428571428571
BOOK01079,10,10,6,0.6
BOOK01080,10,10,3,0.3
BOOK01081,10,9,3,0.3333333333333333
BOOK01082,10,10,4,0.4
BOOK01083,10,10,6,0.6
BOOK01084,9,9,5,0.5555555555555556
BOOK01085,10,9,6,0.6666666666666666
BOOK01086,10,7,5,0.7142857142857143
BOOK01087,5,5,4,0.8
BOOK01088,10,7,6,0.8571428571428571
BOOK01089,10,10,7,0.7
BOOK01090,10,8,3,0.375
BOOK01091,10,8,4,0.5
BOOK01092,10,8,7,0.875
BOOK01093,10,7,3,0.42857142857142855
BOOK01094,10,8,7,0.875
BOOK01095,10,9,6,0.6666666666666666
BOOK01096,10,6,5,0.8333333333333334
BOOK01097,10,8,4,0.5
BOOK01098,9,8,7,0.875
BOOK01099,2,1,1,1.0
BOOK01100,10,9,6,0.6666666666666666
BOOK01101,10,8,4,0.5
BOOK01102,10,8,5,0.625
BOOK01103,10,10,5,0.5
BOOK01104,10,10,8,0.8
BOOK01105,10,9,7,0.7777777777777778
BOOK01106,10,8,5,0.625
BOOK01107,10,8,6,0.75
BOOK01108,5,5,5,1.0
BOOK01109,10,7,3,0.42857142857142855
BOOK01110,10,8,4,0.5
BOOK01111,10,10,5,0.5
BOOK01112,10,10,6,0.6
BOOK01113,8,7,6,0.8571428571428571
BOOK01114,2,2,2,1.0
BOOK01115,4,4,4,1.0
BOOK01116,10,10,4,0.4
BOOK01117,10,9,9,1.0
BOOK01118,1,1,1,1.0
BOOK01119,8,7,6,0.8571428571428571
BOOK01120,10,10,3,0.3
BOOK01121,10,8,4,0.5
BOOK01122,3,3,2,0.6666666666666666
BOOK01123,9,8,4,0.5
BOOK01124,10,10,6,0.6
BOOK01125,10,9,8,0.8888888888888888
BOOK01126,10,10,6,0.6
BOOK01127,10,10,4,0.4
BOOK01128,10,8,4,0.5
BOOK01129,10,8,6,0.75
BOOK01130,10,7,5,0.7142857142857143
BOOK01131,9,9,4,0.4444444444444444
BOOK01132,2,2,2,1.0
BOOK01133,10,9,6,0.6666666666666666
BOOK01134,10,10,3,0.3
BOOK01135,10,7,5,0.7142857142857143
BOOK01136,10,10,7,0.7
BOOK01137,10,9,4,0.4444444444444444
BOOK01138,9,8,6,0.75
BOOK01139,10,8,4,0.5
BOOK01140,10,9,7,0.7777777777777778
BOOK01141,10,7,5,0.7142857142857143
BOOK01142,10,10,5,0.5
BOOK01143,10,10,3,0.3
BOOK01144,10,8,6,0.75
BOOK01145,10,8,7,0.875
BOOK01146,10,6,5,0.8333333333333334
BOOK01147,10,10,5,0.5
BOOK01148,10,10,5,0.5
BOOK01149,10,8,3,0.375
BOOK01150,10,7,6,0.8571428571428571
BOOK01151,2,2,2,1.0
BOOK01152,10,10,3,0.3
BOOK01153,10,9,2,0.2222222222222222
BOOK01154,6,6,5,0.8333333333333334
BOOK01155,10,9,4,0.4444444444444444
BOOK01156,2,2,2,1.0
BOOK01157,7,7,4,0.5714285714285714
BOOK01158,10,8,5,0.625
BOOK01159,10,10,8,0.8
BOOK01160,4,4,3,0.75
BOOK01161,10,8,5,0.625
BOOK01162,10,9,4,0.4444444444444444
BOOK01163,10,10,5,0.5
BOOK01164,10,10,7,0.7
BOOK01165,10,8,3,0.375
BOOK01166,10,10,8,0.8
BOOK01167,2,2,2,1.0
BOOK01168,5,5,3,0.6
BOOK01169,10,10,2,0.2
BOOK01171,10,9,6,0.6666666666666666
BOOK01172,10,6,4,0.6666666666666666
BOOK01174,10,7,6,0.8571428571428571
BOOK01175,10,10,6,0.6
BOOK01176,10,6,5,0.8333333333333334
BOOK01177,10,6,5,0.8333333333333334
BOOK01178,10,9,2,0.2222222222222222
BOOK01179,3,3,3,1.0
BOOK01181,10,7,4,0.5714285714285714
BOOK01182,10,4,4,1.0
BOOK01183,10,10,2,0.2
BOOK01184,10,6,4,0.6666666666666666
BOOK01185,5,4,4,1.0
BOOK01186,10,10,2,0.2
BOOK01187,10,7,2,0.2857142857142857
BOOK01188,5,5,4,0.8
BOOK01189,10,9,1,0.1111111111111111
BOOK01190,10,10,7,0.7
BOOK01191,10,9,4,0.4444444444444444
BOOK01192,10,10,4,0.4
BOOK01193,10,10,7,0.7
BOOK01194,10,10,5,0.5
BOOK01195,10,8,5,0.625
BOOK01196,10,10,6,0.6
BOOK01197,10,6,2,0.3333333333333333
BOOK01198,10,10,6,0.6
BOOK01199,10,9,5,0.5555555555555556
BOOK01200,7,7,6,0.8571428571428571
BOOK01201,10,9,8,0.8888888888888888
BOOK01202,10,5,3,0.6
BOOK01203,5,5,4,0.8
BOOK01204,7,7,4,0.5714285714285714
BOOK01205,10,7,2,0.2857142857142857
BOOK01206,10,7,5,0.7142857142857143
BOOK01207,10,6,4,0.6666666666666666
BOOK01208,10,10,4,0.4
BOOK01209,10,9,2,0.2222222222222222
BOOK01210,10,6,4,0.6666666666666666
BOOK01211,10,6,5,0.8333333333333334
BOOK01212,10,6,5,0.8333333333333334
BOOK01213,10,10,8,0.8
BOOK01214,10,6,4,0.6666666666666666
BOOK01215,10,10,5,0.5
BOOK01216,10,8,4,0.5
BOOK01217,10,8,5,0.625
BOOK01218,10,7,4,0.5714285714285714
BOOK01219,10,9,6,0.6666666666666666
BOOK01220,10,7,6,0.8571428571428571
BOOK01221,6,6,3,0.5
BOOK01222,10,10,4,0.4
BOOK01223,10,6,5,0.8333333333333334
BOOK01224,7,7,3,0.42857142857142855
BOOK01225,10,10,2,0.2
BOOK01226,10,10,3,0.3
BOOK01227,10,5,3,0.6
BOOK01228,10,10,4,0.4
BOOK01229,10,9,2,0.2222222222222222
BOOK01230,3,3,2,0.6666666666666666
BOOK01231,8,8,7,0.875
BOOK01232,10,10,7,0.7
BOOK01233,10,10,4,0.4
BOOK01234,10,9,5,0.5555555555555556
BOOK01235,10,9,4,0.4444444444444444
BOOK01236,10,9,3,0.3333333333333333
BOOK01237,10,9,3,0.3333333333333333
BOOK01238,10,8,4,0.5
BOOK01239,10,10,7,0.7
BOOK01240,10,9,5,0.5555555555555556
BOOK01241,7,7,3,0.42857142857142855
BOOK01242,10,10,6,0.6
BOOK01243,10,6,4,0.6666666666666666
BOOK01244,10,10,5,0.5
BOOK01245,10,10,4,0.4
BOOK01246,10,9,5,0.5555555555555556
BOOK01247,5,5,4,0.8
BOOK01248,10,5,1,0.2
BOOK01249,10,10,7,0.7
BOOK01250,7,7,4,0.5714285714285714
BOOK01251,10,9,7,0.7777777777777778
BOOK01252,8,8,4,0.5
BOOK01253,6,6,5,0.8333333333333334
BOOK01254,2,2,2,1.0
BOOK01255,10,9,5,0.5555555555555556
BOOK01256,5,4,4,1.0
BOOK01257,10,10,7,0.7
BOOK01258,2,2,2,1.0
BOOK01259,10,10,5,0.5
BOOK01260,10,10,4,0.4
BOOK01261,10,10,7,0.7
BOOK01262,1,1,1,1.0
BOOK01263,10,10,6,0.6
BOOK01264,10,7,4,0.5714285714285714
BOOK01265,10,10,7,0.7
BOOK01266,10,6,6,1.0
BOOK01267,10,10,5,0.5
BOOK01268,10,10,7,0.7
BOOK01269,10,10,6,0.6
BOOK01270,1,1,1,1.0
BOOK01271,10,8,6,0.75
BOOK01272,10,9,6,0.6666666666666666
BOOK01273,8,8,6,0.75
BOOK01274,10,5,3,0.6
BOOK01275,10,9,6,0.6666666666666666
BOOK01276,1,1,1,1.0
BOOK01277,4,4,2,0.5
BOOK01278,10,10,1,0.1
BOOK01279,10,10,4,0.4
BOOK01280,10,9,4,0.4444444444444444
BOOK01281,10,9,5,0.5555555555555556
BOOK01282,10,7,5,0.7142857142857143
BOOK01283,10,10,4,0.4
BOOK01284,10,10,5,0.5
BOOK01285,10,9,4,0.4444444444444444
BOOK01286,10,10,5,0.5
BOOK01287,10,9,7,0.7777777777777778
BOOK01288,10,6,4,0.6666666666666666
BOOK01289,10,7,5,0.7142857142857143
BOOK01290,8,8,3,0.375
BOOK01291,5,5,4,0.8
BOOK01292,10,7,4,0.5714285714285714
BOOK01293,10,10,4,0.4
BOOK01294,10,8,3,0.375
BOOK01295,7,6,6,1.0
BOOK01296,10,8,6,0.75
BOOK01297,10,10,5,0.5
BOOK01298,10,10,2,0.2
BOOK01299,6,6,5,0.8333333333333334
BOOK01300,10,10,8,0.8
BOOK01301,10,9,6,0.6666666666666666
BOOK01302,10,10,5,0.5
BOOK01303,10,7,5,0.7142857142857143
BOOK01304,2,2,1,0.5
BOOK01305,10,7,6,0.8571428571428571
BOOK01307,9,9,8,0.8888888888888888
BOOK01308,10,10,4,0.4
BOOK01309,10,10,5,0.5
BOOK01310,10,7,5,0.7142857142857143
BOOK01311,5,5,3,0.6
BOOK01312,10,7,6,0.8571428571428571
BOOK01313,10,4,4,1.0
BOOK01314,10,9,3,0.3333333333333333
BOOK01315,10,10,5,0.5
BOOK01316,10,9,2,0.2222222222222222
BOOK01317,10,9,3,0.3333333333333333
BOOK01318,10,7,5,0.7142857142857143
BOOK01319,10,8,3,0.375
BOOK01320,10,6,4,0.6666666666666666
BOOK01321,9,9,8,0.8888888888888888
BOOK01322,3,3,2,0.6666666666666666
BOOK01323,7,7,7,1.0
BOOK01324,10,7,4,0.5714285714285714
BOOK01325,10,10,6,0.6
BOOK01326,10,10,6,0.6
BOOK01327,10,7,6,0.8571428571428571
BOOK01328,2,2,2,1.0
BOOK01329,10,9,5,0.5555555555555556
BOOK01330,8,8,8,1.0
BOOK01331,7,7,4,0.5714285714285714
BOOK01332,10,7,4,0.5714285714285714
BOOK01333,10,6,4,0.6666666666666666
BOOK01334,7,7,4,0.5714285714285714
BOOK01335,10,10,4,0.4
BOOK01336,10,7,3,0.42857142857142855
BOOK01337,10,6,4,0.6666666666666666
BOOK01338,10,8,5,0.625
BOOK01339,10,7,4,0.5714285714285714
BOOK01340,10,9,5,0.5555555555555556
BOOK01341,10,10,5,0.5
BOOK01342,8,8,5,0.625
BOOK01343,10,10,6,0.6
BOOK01344,10,10,7,0.7
BOOK01345,10,10,2,0.2
BOOK01346,10,10,6,0.6
BOOK01347,10,10,2,0.2
BOOK01348,10,10,2,0.2
BOOK01349,6,6,4,0.6666666666666666
BOOK01350,10,10,2,0.2
BOOK01351,10,10,3,0.3
BOOK01352,10,8,5,0.625
BOOK01353,7,7,6,0.8571428571428571
BOOK01354,5,5,5,1.0
BOOK01355,10,9,7,0.7777777777777778
BOOK01356,10,10,7,0.7
BOOK01357,10,9,4,0.4444444444444444
BOOK01358,1,1,1,1.0
BOOK01359,10,10,4,0.4
BOOK01360,10,9,5,0.5555555555555556
BOOK01361,10,10,7,0.7
BOOK01362,10,9,1,0.1111111111111111
BOOK01363,10,8,8,1.0
BOOK01364,10,7,7,1.0
BOOK01365,10,9,6,0.6666666666666666
BOOK01366,3,1,1,1.0
BOOK01367,6,6,6,1.0
BOOK01368,10,10,6,0.6
BOOK01369,10,9,8,0.8888888888888888
BOOK01370,10,10,5,0.5
BOOK01371,9,9,7,0.7777777777777778
BOOK01372,10,8,8,1.0
BOOK01373,4,4,2,0.5
BOOK01374,10,9,6,0.6666666666666666
BOOK01375,10,10,4,0.4
BOOK01376,10,9,5,0.5555555555555556
BOOK01377,10,9,5,0.5555555555555556
BOOK01378,10,9,7,0.7777777777777778
BOOK01379,10,10,4,0.4
BOOK01380,10,9,5,0.5555555555555556
BOOK01381,10,9,5,0.5555555555555556
BOOK01382,10,7,3,0.42857142857142855
BOOK01383,2,2,2,1.0
BOOK01384,10,8,3,0.375
BOOK01385,10,10,8,0.8
BOOK01386,6,6,5,0.8333333333333334
BOOK01387,10,8,4,0.5
BOOK01388,10,10,6,0.6
BOOK01389,10,7,3,0.42857142857142855
BOOK01390,10,10,5,0.5
BOOK01391,10,9,5,0.5555555555555556
BOOK01392,10,9,6,0.6666666666666666
BOOK01393,8,8,5,0.625
BOOK01394,10,10,4,0.4
BOOK01395,10,10,3,0.3
BOOK01396,10,10,2,0.2
BOOK01397,10,9,5,0.5555555555555556
BOOK01398,10,9,7,0.7777777777777778
BOOK01400,10,9,4,0.4444444444444444
BOOK01401,10,5,4,0.8
BOOK01402,10,7,5,0.7142857142857143
BOOK01403,4,4,1,0.25
BOOK01404,10,8,4,0.5
BOOK01405,10,9,6,0.6666666666666666
BOOK01406,10,9,3,0.3333333333333333
BOOK01407,10,10,3,0.3
BOOK01408,10,10,2,0.2
BOOK01409,10,10,7,0.7
BOOK01410,10,9,7,0.7777777777777778
BOOK01411,10,6,4,0.6666666666666666
BOOK01412,10,9,6,0.6666666666666666
BOOK01413,10,9,3,0.3333333333333333
BOOK01414,10,8,4,0.5
BOOK01415,10,9,2,0.2222222222222222
BOOK01416,7,7,7,1.0
BOOK01417,10,9,6,0.6666666666666666
BOOK01418,10,10,6,0.6
BOOK01419,8,8,4,0.5
BOOK01420,10,8,6,0.75
BOOK01421,10,8,7,0.875
BOOK01422,10,8,5,0.625
BOOK01423,10,5,5,1.0
BOOK01424,10,10,4,0.4
BOOK01425,10,10,6,0.6
BOOK01426,10,9,6,0.6666666666666666
BOOK01427,10,8,7,0.875
BOOK01428,10,7,4,0.5714285714285714
BOOK01429,10,8,6,0.75
BOOK01430,10,6,4,0.6666666666666666
BOOK01431,10,9,6,0.6666666666666666
BOOK01432,10,10,6,0.6
BOOK01433,10,10,4,0.4
BOOK01434,10,7,4,0.5714285714285714
BOOK01435,10,10,6,0.6
BOOK01436,10,8,6,0.75
BOOK01437,10,10,1,0.1
BOOK01438,3,3,3,1.0
BOOK01439,10,9,5,0.5555555555555556
BOOK01440,10,10,6,0.6
BOOK01441,10,9,4,0.4444444444444444
BOOK01442,10,9,5,0.5555555555555556
BOOK01443,10,9,6,0.6666666666666666
BOOK01444,10,10,3,0.3
BOOK01445,10,10,9,0.9
BOOK01446,6,5,2,0.4
BOOK01447,10,9,7,0.7777777777777778
BOOK01448,10,9,5,0.5555555555555556
BOOK01449,6,4,4,1.0
BOOK01451,10,9,5,0.5555555555555556
BOOK01452,4,4,3,0.75
BOOK01453,9,9,6,0.6666666666666666
BOOK01454,10,10,5,0.5
BOOK01455,10,10,3,0.3
BOOK01456,10,10,6,0.6
BOOK01457,10,8,2,0.25
BOOK01458,10,6,4,0.6666666666666666
BOOK01459,7,7,5,0.7142857142857143
BOOK01460,10,5,1,0.2
BOOK01461,10,8,6,0.75
BOOK01462,10,9,4,0.4444444444444444
BOOK01463,10,10,6,0.6
BOOK01464,10,8,6,0.75
BOOK01465,4,4,4,1.0
BOOK01466,10,9,6,0.6666666666666666
BOOK01467,10,10,7,0.7
BOOK01468,9,9,7,0.7777777777777778
BOOK01469,1,1,1,1.0
BOOK01470,7,6,3,0.5
BOOK01471,10,8,4,0.5
BOOK01472,10,7,3,0.42857142857142855
BOOK01473,10,9,4,0.4444444444444444
BOOK01474,10,10,5,0.5
BOOK01475,10,6,3,0.5
BOOK01476,10,8,2,0.25
BOOK01477,10,9,4,0.4444444444444444
BOOK01478,10,9,5,0.5555555555555556
BOOK01479,5,4,4,1.0
BOOK01480,10,6,5,0.8333333333333334
BOOK01481,2,2,2,1.0
BOOK01482,10,10,7,0.7
BOOK01483,10,9,5,0.5555555555555556
BOOK01484,10,9,7,0.7777777777777778
BOOK01485,10,10,6,0.6
BOOK01486,10,9,5,0.5555555555555556
BOOK01487,10,9,5,0.5555555555555556
BOOK01488,10,10,5,0.5
BOOK01489,2,2,2,1.0
BOOK01490,10,10,7,0.7
BOOK01491,7,6,3,0.5
BOOK01492,10,9,9,1.0
BOOK01493,10,9,3,0.3333333333333333
BOOK01494,10,10,6,0.6
BOOK01495,10,10,2,0.2
BOOK01496,10,9,5,0.5555555555555556
BOOK01497,10,9,4,0.4444444444444444
BOOK01498,10,6,6,1.0
BOOK01499,10,10,5,0.5
BOOK01500,10,10,4,0.4
BOOK01501,10,9,5,0.5555555555555556
BOOK01502,5,5,4,0.8
BOOK01503,10,10,7,0.7
BOOK01504,10,10,7,0.7
BOOK01505,10,10,5,0.5
BOOK01506,10,10,4,0.4
BOOK01507,10,9,6,0.6666666666666666
BOOK01508,6,6,5,0.8333333333333334
BOOK01509,10,9,4,0.4444444444444444
BOOK01510,10,10,3,0.3
BOOK01511,10,8,2,0.25
BOOK01512,10,10,2,0.2
BOOK01513,10,8,6,0.75
BOOK01514,10,7,3,0.42857142857142855
BOOK01515,5,5,2,0.4
BOOK01516,10,9,5,0.5555555555555556
BOOK01517,10,8,5,0.625
BOOK01518,10,6,4,0.6666666666666666
BOOK01519,10,10,4,0.4
BOOK01520,6,6,6,1.0
BOOK01521,10,10,1,0.1
BOOK01522,10,8,7,0.875
BOOK01523,10,10,8,0.8
BOOK01524,10,10,4,0.4
BOOK01525,10,9,4,0.4444444444444444
BOOK01526,10,10,7,0.7
BOOK01527,6,6,5,0.8333333333333334
BOOK01528,10,7,5,0.7142857142857143
BOOK01529,8,6,4,0.6666666666666666
BOOK01530,10,7,4,0.5714285714285714
BOOK01531,10,10,9,0.9
BOOK01532,10,8,5,0.625
BOOK01533,2,2,2,1.0
BOOK01534,10,8,2,0.25
BOOK01535,10,7,3,0.42857142857142855
BOOK01536,10,7,4,0.5714285714285714
BOOK01537,10,9,8,0.8888888888888888
BOOK01538,10,9,6,0.6666666666666666
BOOK01539,10,9,4,0.4444444444444444
BOOK01540,6,6,3,0.5
BOOK01541,8,8,5,0.625
BOOK01542,6,6,2,0.3333333333333333
BOOK01543,10,9,6,0.6666666666666666
BOOK01544,10,7,6,0.8571428571428571
BOOK01545,10,10,5,0.5
BOOK01546,10,7,5,0.7142857142857143
BOOK01547,10,5,4,0.8
BOOK01548,10,9,3,0.3333333333333333
BOOK01549,3,2,2,1.0
BOOK01550,10,9,3,0.3333333333333333
BOOK01551,5,5,4,0.8
BOOK01552,6,6,4,0.6666666666666666
BOOK01553,10,5,3,0.6
BOOK01554,10,9,4,0.4444444444444444
BOOK01555,10,9,5,0.5555555555555556
BOOK01556,6,6,5,0.8333333333333334
BOOK01557,10,10,4,0.4
BOOK01558,10,9,6,0.6666666666666666
BOOK01559,1,1,1,1.0
BOOK01560,10,10,8,0.8
BOOK01562,10,7,4,0.5714285714285714
BOOK01563,10,8,2,0.25
BOOK01564,10,7,4,0.5714285714285714
BOOK01565,10,5,3,0.6
BOOK01566,10,9,5,0.5555555555555556
BOOK01567,10,9,2,0.2222222222222222
BOOK01568,10,8,7,0.875
BOOK01569,10,8,6,0.75
BOOK01570,10,10,4,0.4
BOOK01571,10,10,7,0.7
BOOK01572,10,10,4,0.4
BOOK01573,10,10,3,0.3
BOOK01574,10,8,6,0.75
BOOK01575,10,8,6,0.75
BOOK01576,10,8,4,0.5
BOOK01577,10,10,3,0.3
BOOK01578,10,9,4,0.4444444444444444
BOOK01579,10,8,6,0.75
BOOK01580,10,10,1,0.1
BOOK01581,10,10,4,0.4
BOOK01582,10,7,3,0.42857142857142855
BOOK01583,10,10,2,0.2
BOOK01584,10,9,6,0.6666666666666666
BOOK01585,10,9,5,0.5555555555555556
BOOK01586,10,10,4,0.4
BOOK01587,8,7,4,0.5714285714285714
BOOK01588,8,8,6,0.75
BOOK01589,10,10,2,0.2
BOOK01590,10,9,3,0.3333333333333333
BOOK01591,10,10,3,0.3
BOOK01592,10,10,7,0.7
BOOK01593,10,10,3,0.3
BOOK01594,10,10,2,0.2
BOOK01595,10,10,4,0.4
BOOK01596,10,10,8,0.8
BOOK01597,10,10,6,0.6
BOOK01598,10,10,7,0.7
BOOK01599,10,9,5,0.5555555555555556
BOOK01600,10,7,6,0.8571428571428571
BOOK01601,10,10,5,0.5
BOOK01602,10,10,3,0.3
BOOK01603,10,7,5,0.7142857142857143
BOOK01604,10,10,9,0.9
BOOK01605,10,6,5,0.8333333333333334
BOOK01606,10,10,6,0.6
BOOK01607,10,10,1,0.1
BOOK01608,10,10,2,0.2
BOOK01609,10,10,5,0.5
BOOK01610,10,10,6,0.6
BOOK01611,10,10,2,0.2
BOOK01612,10,9,6,0.6666666666666666
BOOK01613,10,6,3,0.5
BOOK01614,10,7,5,0.7142857142857143
BOOK01615,10,7,6,0.8571428571428571
BOOK01616,10,7,6,0.8571428571428571
BOOK01617,10,8,7,0.875
BOOK01618,10,8,4,0.5
BOOK01619,1,1,1,1.0
BOOK01620,10,9,6,0.6666666666666666
BOOK01621,10,4,3,0.75
BOOK01622,10,10,6,0.6
BOOK01623,2,2,2,1.0
BOOK01624,6,6,5,0.8333333333333334
BOOK01625,10,10,8,0.8
BOOK01626,10,8,4,0.5
BOOK01627,10,10,2,0.2
BOOK01628,10,10,5,0.5
BOOK01629,10,8,7,0.875
BOOK01630,10,7,5,0.7142857142857143
BOOK01631,10,10,2,0.2
BOOK01632,10,10,7,0.7
BOOK01633,10,5,5,1.0
BOOK01634,7,7,7,1.0
BOOK01635,10,7,3,0.42857142857142855
BOOK01636,10,10,5,0.5
BOOK01637,10,10,4,0.4
BOOK01638,10,7,6,0.8571428571428571
BOOK01639,10,9,5,0.5555555555555556
BOOK01640,6,6,5,0.8333333333333334
BOOK01641,10,10,5,0.5
BOOK01642,10,9,6,0.6666666666666666
BOOK01643,10,8,7,0.875
BOOK01644,10,10,8,0.8
BOOK01645,10,10,3,0.3
BOOK01646,10,9,4,0.4444444444444444
BOOK01647,4,4,4,1.0
BOOK01648,10,10,6,0.6
BOOK01649,10,9,9,1.0
BOOK01650,10,10,2,0.2
BOOK01651,10,10,5,0.5
BOOK01652,10,10,5,0.5
BOOK01653,10,8,5,0.625
BOOK01654,10,6,4,0.6666666666666666
BOOK01655,10,7,4,0.5714285714285714
BOOK01656,10,10,5,0.5
BOOK01657,10,5,3,0.6
BOOK01658,10,10,4,0.4
BOOK01660,10,9,7,0.7777777777777778
BOOK01661,10,9,5,0.5555555555555556
BOOK01662,10,7,5,0.7142857142857143
BOOK01663,10,10,2,0.2
BOOK01664,10,9,2,0.2222222222222222
BOOK01665,5,4,4,1.0
BOOK01666,10,7,4,0.5714285714285714
BOOK01667,10,10,5,0.5
BOOK01668,10,10,7,0.7
BOOK01669,10,6,5,0.8333333333333334
BOOK01670,10,9,3,0.3333333333333333
BOOK01671,7,6,6,1.0
BOOK01672,10,9,7,0.7777777777777778
BOOK01673,10,10,5,0.5
BOOK01674,10,4,4,1.0
BOOK01675,10,10,7,0.7
BOOK01676,10,10,2,0.2
BOOK01677,10,10,4,0.4
BOOK01678,10,6,5,0.8333333333333334
BOOK01679,10,9,4,0.4444444444444444
BOOK01680,10,10,5,0.5
BOOK01681,10,9,4,0.4444444444444444
BOOK01682,10,9,3,0.3333333333333333
BOOK01683,10,10,4,0.4
BOOK01684,10,10,7,0.7
BOOK01685,3,3,2,0.6666666666666666
BOOK01686,10,10,4,0.4
BOOK01687,10,8,5,0.625
BOOK01688,10,9,4,0.4444444444444444
BOOK01689,10,10,8,0.8
BOOK01690,10,6,5,0.8333333333333334
BOOK01691,10,7,6,0.8571428571428571
BOOK01692,10,6,5,0.8333333333333334
BOOK01693,4,4,4,1.0
BOOK01694,10,9,6,0.6666666666666666
BOOK01695,10,7,6,0.8571428571428571
BOOK01696,10,7,2,0.2857142857142857
BOOK01697,10,8,5,0.625
BOOK01698,10,9,6,0.6666666666666666
BOOK01699,6,6,4,0.6666666666666666
BOOK01700,2,1,1,1.0
BOOK01701,10,10,7,0.7
BOOK01702,10,10,4,0.4
BOOK01703,3,2,2,1.0
BOOK01704,10,5,1,0.2
BOOK01705,8,8,6,0.75
BOOK01706,10,7,4,0.5714285714285714
BOOK01707,10,9,6,0.6666666666666666
BOOK01708,10,7,3,0.42857142857142855
BOOK01709,10,9,4,0.4444444444444444
BOOK01710,10,9,6,0.6666666666666666
BOOK01711,10,10,3,0.3
BOOK01712,10,6,4,0.6666666666666666
BOOK01713,10,7,3,0.42857142857142855
BOOK01714,10,9,6,0.6666666666666666
BOOK01715,7,6,6,1.0
BOOK01716,10,10,3,0.3
BOOK01717,10,10,5,0.5
BOOK01718,4,4,4,1.0
BOOK01719,10,8,6,0.75
BOOK01721,9,7,6,0.8571428571428571
BOOK01722,10,6,5,0.8333333333333334
BOOK01723,10,7,6,0.8571428571428571
BOOK01724,8,8,5,0.625
BOOK01725,6,5,5,1.0
BOOK01726,10,10,3,0.3
BOOK01727,8,6,5,0.8333333333333334
BOOK01728,10,10,3,0.3
BOOK01729,2,2,2,1.0
BOOK01730,10,10,6,0.6
BOOK01731,10,9,2,0.2222222222222222
BOOK01732,10,9,6,0.6666666666666666
BOOK01734,10,7,5,0.7142857142857143
BOOK01735,2,2,2,1.0
BOOK01736,10,10,6,0.6
BOOK01737,10,10,3,0.3
BOOK01738,10,9,5,0.5555555555555556
BOOK01739,10,6,4,0.6666666666666666
BOOK01740,10,9,6,0.6666666666666666
BOOK01741,10,10,5,0.5
BOOK01742,7,6,4,0.6666666666666666
BOOK01743,10,8,4,0.5
BOOK01744,10,9,5,0.5555555555555556
BOOK01745,10,9,6,0.6666666666666666
BOOK01746,4,4,4,1.0
BOOK01747,10,10,5,0.5
BOOK01748,10,9,7,0.7777777777777778
BOOK01749,10,10,5,0.5
BOOK01750,10,10,5,0.5
BOOK01752,6,6,6,1.0
BOOK01753,10,9,7,0.7777777777777778
BOOK01754,10,10,6,0.6
BOOK01755,10,10,6,0.6
BOOK01756,10,10,2,0.2
BOOK01757,10,10,7,0.7
BOOK01758,10,9,6,0.6666666666666666
BOOK01759,7,7,5,0.7142857142857143
BOOK01760,10,9,5,0.5555555555555556
BOOK01761,10,8,6,0.75
BOOK01762,10,7,5,0.7142857142857143
BOOK01763,5,5,4,0.8
BOOK01764,10,8,5,0.625
BOOK01765,10,10,5,0.5
BOOK01766,10,9,3,0.3333333333333333
BOOK01767,10,10,4,0.4
BOOK01768,10,10,3,0.3
BOOK01769,10,10,5,0.5
BOOK01770,10,10,4,0.4
BOOK01771,10,10,4,0.4
BOOK01772,10,10,9,0.9
BOOK01773,10,10,6,0.6
BOOK01774,10,10,6,0.6
BOOK01775,7,7,4,0.5714285714285714
BOOK01776,10,8,7,0.875
BOOK01777,10,7,2,0.2857142857142857
BOOK01778,5,5,3,0.6
BOOK01779,2,2,2,1.0
BOOK01780,10,9,5,0.5555555555555556
BOOK01781,10,10,8,0.8
BOOK01782,10,10,8,0.8
BOOK01783,10,10,5,0.5
BOOK01784,10,10,5,0.5
BOOK01785,10,6,4,0.6666666666666666
BOOK01786,10,8,4,0.5
BOOK01787,10,6,5,0.8333333333333334
BOOK01788,10,9,7,0.7777777777777778
BOOK01789,10,10,6,0.6
BOOK01790,9,9,5,0.5555555555555556
BOOK01791,10,10,4,0.4
BOOK01792,10,8,5,0.625
BOOK01793,10,6,4,0.6666666666666666
BOOK01794,10,8,5,0.625
BOOK01795,10,6,4,0.6666666666666666
BOOK01796,10,10,6,0.6
BOOK01797,10,10,6,0.6
BOOK01798,10,10,5,0.5
BOOK01800,10,10,8,0.8
BOOK01801,7,7,6,0.8571428571428571
BOOK01802,10,10,8,0.8
BOOK01803,10,9,5,0.5555555555555556
BOOK01804,6,6,4,0.6666666666666666
BOOK01805,10,9,3,0.3333333333333333
BOOK01806,9,7,7,1.0
BOOK01807,10,9,5,0.5555555555555556
BOOK01808,4,4,4,1.0
BOOK01809,10,8,5,0.625
BOOK01810,10,8,6,0.75
BOOK01811,10,8,3,0.375
BOOK01812,10,7,6,0.8571428571428571
BOOK01813,6,5,1,0.2
BOOK01814,10,10,1,0.1
BOOK01815,10,10,4,0.4
BOOK01816,10,9,6,0.6666666666666666
BOOK01817,9,8,6,0.75
BOOK01818,10,5,3,0.6
BOOK01819,10,9,5,0.5555555555555556
BOOK01820,10,10,3,0.3
BOOK01821,10,7,3,0.42857142857142855
BOOK01822,10,8,4,0.5
BOOK01823,3,3,3,1.0
BOOK01824,10,8,5,0.625
BOOK01825,10,10,5,0.5
BOOK01826,10,9,6,0.6666666666666666
BOOK01827,10,10,2,0.2
BOOK01828,10,10,7,0.7
BOOK01829,10,10,6,0.6
BOOK01831,10,9,6,0.6666666666666666
BOOK01832,10,9,5,0.5555555555555556
BOOK01833,10,10,4,0.4
BOOK01834,10,10,5,0.5
BOOK01835,10,8,5,0.625
BOOK01836,10,10,3,0.3
BOOK01837,10,7,5,0.7142857142857143
BOOK01838,10,9,5,0.5555555555555556
BOOK01839,8,8,3,0.375
BOOK01840,10,9,7,0.7777777777777778
BOOK01841,10,10,5,0.5
BOOK01842,10,10,10,1.0
BOOK01843,10,9,7,0.7777777777777778
BOOK01844,10,9,7,0.7777777777777778
BOOK01845,10,9,5,0.5555555555555556
BOOK01846,10,9,5,0.5555555555555556
BOOK01847,1,1,1,1.0
BOOK01848,7,7,5,0.7142857142857143
BOOK01849,1,1,1,1.0
BOOK01850,10,9,3,0.3333333333333333
BOOK01851,10,9,7,0.7777777777777778
BOOK01852,8,8,2,0.25
BOOK01853,10,10,6,0.6
BOOK01854,10,10,6,0.6
BOOK01855,3,3,2,0.6666666666666666
BOOK01856,3,3,3,1.0
BOOK01857,10,10,8,0.8
BOOK01858,10,8,3,0.375
BOOK01859,10,6,2,0.3333333333333333
BOOK01860,10,10,5,0.5
BOOK01861,2,2,2,1.0
BOOK01862,10,10,4,0.4
BOOK01863,10,10,8,0.8
BOOK01864,2,2,2,1.0
BOOK01865,5,5,5,1.0
BOOK01866,10,9,6,0.6666666666666666
BOOK01867,10,9,4,0.4444444444444444
BOOK01868,10,9,5,0.5555555555555556
BOOK01869,10,10,8,0.8
BOOK01870,10,6,5,0.8333333333333334
BOOK01871,10,10,4,0.4
BOOK01872,5,5,5,1.0
BOOK01873,10,9,4,0.4444444444444444
BOOK01874,10,9,4,0.4444444444444444
BOOK01875,10,9,6,0.6666666666666666
BOOK01876,10,8,7,0.875
BOOK01877,3,3,3,1.0
BOOK01878,10,10,6,0.6
BOOK01879,10,10,5,0.5
BOOK01880,10,4,3,0.75
BOOK01881,5,5,1,0.2
BOOK01882,10,10,9,0.9
BOOK01883,10,7,5,0.7142857142857143
BOOK01884,10,10,5,0.5
BOOK01885,10,9,7,0.7777777777777778
BOOK01886,10,9,5,0.5555555555555556
BOOK01887,10,9,8,0.8888888888888888
BOOK01888,10,5,4,0.8
BOOK01889,10,8,3,0.375
BOOK01890,10,10,8,0.8
BOOK01891,10,9,5,0.5555555555555556
BOOK01892,10,8,7,0.875
BOOK01893,10,8,7,0.875
BOOK01894,10,10,5,0.5
BOOK01895,10,7,5,0.7142857142857143
BOOK01896,10,10,3,0.3
BOOK01897,10,8,6,0.75
BOOK01898,2,2,1,0.5
BOOK01899,10,9,4,0.4444444444444444
BOOK01900,2,2,2,1.0
BOOK01901,7,7,3,0.42857142857142855
BOOK01902,10,10,2,0.2
BOOK01903,10,10,4,0.4
BOOK01904,10,7,4,0.5714285714285714
BOOK01905,10,5,3,0.6
BOOK01906,10,10,4,0.4
BOOK01907,10,9,3,0.3333333333333333
BOOK01908,10,10,3,0.3
BOOK01909,10,10,8,0.8
BOOK01910,10,7,5,0.7142857142857143
BOOK01911,10,9,3,0.3333333333333333
BOOK01912,5,5,4,0.8
BOOK01913,10,10,8,0.8
BOOK01914,10,7,5,0.7142857142857143
BOOK01915,10,10,3,0.3
BOOK01916,10,10,4,0.4
BOOK01917,10,7,4,0.5714285714285714
BOOK01918,8,8,3,0.375
BOOK01919,10,10,8,0.8
BOOK01920,10,10,8,0.8
BOOK01921,10,9,6,0.6666666666666666
BOOK01922,10,10,6,0.6
BOOK01923,10,8,6,0.75
BOOK01924,10,10,2,0.2
BOOK01925,10,10,7,0.7
BOOK01926,10,10,2,0.2
BOOK01927,10,6,5,0.8333333333333334
BOOK01928,10,10,5,0.5
BOOK01929,10,10,3,0.3
BOOK01930,9,9,6,0.6666666666666666
BOOK01931,10,6,4,0.6666666666666666
BOOK01932,10,8,2,0.25
BOOK01933,10,10,5,0.5
BOOK01934,10,9,5,0.5555555555555556
BOOK01935,10,8,5,0.625
BOOK01936,10,10,2,0.2
BOOK01937,10,6,4,0.6666666666666666
BOOK01938,10,10,6,0.6
BOOK01939,10,9,4,0.4444444444444444
BOOK01941,10,9,5,0.5555555555555556
BOOK01942,10,10,6,0.6
BOOK01943,10,9,6,0.6666666666666666
BOOK01944,10,9,6,0.6666666666666666
BOOK01945,10,9,7,0.7777777777777778
BOOK01946,10,8,4,0.5
BOOK01948,10,10,4,0.4
BOOK01949,10,9,4,0.4444444444444444
BOOK01950,10,9,6,0.6666666666666666
BOOK01951,8,8,3,0.375
BOOK01952,10,9,5,0.5555555555555556
BOOK01953,10,10,4,0.4
BOOK01954,10,8,5,0.625
BOOK01955,10,5,3,0.6
BOOK01956,10,10,5,0.5
BOOK01957,2,2,2,1.0
BOOK01958,10,10,3,0.3
BOOK01959,10,7,4,0.5714285714285714
BOOK01960,10,10,3,0.3
BOOK01961,10,10,3,0.3
BOOK01962,9,8,6,0.75
BOOK01963,10,8,7,0.875
BOOK01964,10,10,3,0.3
BOOK01965,10,10,4,0.4
BOOK01966,10,10,2,0.2
BOOK01968,10,7,5,0.7142857142857143
BOOK01969,10,9,5,0.5555555555555556
BOOK01970,3,3,3,1.0
BOOK01971,6,5,5,1.0
BOOK01972,3,3,3,1.0
BOOK01973,10,5,3,0.6
BOOK01974,1,1,1,1.0
BOOK01975,10,10,7,0.7
BOOK01976,5,5,4,0.8
BOOK01977,10,10,5,0.5
BOOK01978,10,10,1,0.1
BOOK01979,10,10,3,0.3
BOOK01980,10,10,6,0.6
BOOK01981,10,10,1,0.1
BOOK01982,10,10,4,0.4
BOOK01983,10,10,7,0.7
BOOK01984,7,7,3,0.42857142857142855
BOOK01985,10,10,5,0.5
BOOK01986,10,7,5,0.7142857142857143
BOOK01987,10,10,5,0.5
BOOK01989,10,10,4,0.4
BOOK01990,10,10,4,0.4
BOOK01992,10,9,8,0.8888888888888888
BOOK01993,10,9,6,0.6666666666666666
BOOK01994,10,10,7,0.7
BOOK01995,7,7,6,0.8571428571428571
BOOK01996,2,2,2,1.0
BOOK01997,9,9,5,0.5555555555555556
BOOK01998,10,10,3,0.3
BOOK01999,10,10,6,0.6
BOOK02000,10,9,6,0.6666666666666666
BOOK02001,10,10,3,0.3
BOOK02002,10,7,3,0.42857142857142855
BOOK02003,10,9,5,0.5555555555555556
BOOK02004,10,10,4,0.4
BOOK02005,10,9,8,0.8888888888888888
BOOK02006,10,6,4,0.6666666666666666
BOOK02007,10,8,5,0.625
BOOK02008,10,10,5,0.5
BOOK02010,10,9,2,0.2222222222222222
BOOK02011,10,9,2,0.2222222222222222
BOOK02013,10,10,7,0.7
BOOK02014,10,9,5,0.5555555555555556
BOOK02015,10,10,5,0.5
BOOK02016,10,10,8,0.8
BOOK02017,10,9,7,0.7777777777777778
BOOK02018,10,9,2,0.2222222222222222
BOOK02019,9,9,4,0.4444444444444444
BOOK02020,10,9,6,0.6666666666666666
BOOK02022,10,10,5,0.5
BOOK02023,10,8,7,0.875
BOOK02024,10,10,4,0.4
BOOK02025,10,9,6,0.6666666666666666
BOOK02026,10,7,2,0.2857142857142857
BOOK02027,10,10,5,0.5
BOOK02028,10,9,2,0.2222222222222222
BOOK02029,10,8,4,0.5
BOOK02030,10,7,6,0.8571428571428571
BOOK02031,10,10,8,0.8
BOOK02032,10,9,3,0.3333333333333333
BOOK02033,10,8,3,0.375
BOOK02034,10,9,6,0.6666666666666666
BOOK02035,10,10,6,0.6
BOOK02036,10,10,5,0.5
BOOK02037,10,10,6,0.6
BOOK02038,10,9,5,0.5555555555555556
BOOK02039,10,10,2,0.2
BOOK02040,10,9,5,0.5555555555555556
BOOK02041,10,7,5,0.7142857142857143
BOOK02042,10,9,5,0.5555555555555556
BOOK02043,10,7,5,0.7142857142857143
BOOK02044,7,7,3,0.42857142857142855
BOOK02045,10,9,4,0.4444444444444444
BOOK02046,10,10,5,0.5
BOOK02047,10,9,8,0.8888888888888888
BOOK02048,10,10,9,0.9
BOOK02049,10,8,7,0.875
BOOK02050,10,10,5,0.5
BOOK02051,10,10,7,0.7
BOOK02052,2,2,2,1.0
BOOK02053,10,9,7,0.7777777777777778
BOOK02054,4,3,3,1.0
BOOK02055,10,10,4,0.4
BOOK02056,10,6,4,0.6666666666666666
BOOK02057,10,8,5,0.625
BOOK02058,10,8,4,0.5
BOOK02059,10,7,6,0.8571428571428571
BOOK02060,10,10,3,0.3
BOOK02061,10,10,6,0.6
BOOK02062,10,9,5,0.5555555555555556
BOOK02063,10,8,6,0.75
BOOK02064,5,5,3,0.6
BOOK02066,5,4,3,0.75
BOOK02067,10,6,4,0.6666666666666666
