wikidata_geo_qid,wikidata_geo_label,wikidata_geo_description
Q1013879,Garden City,"city in Wayne County, Michigan, United States"
Q1027,Mauritius,island sovereign state off of East Africa in the Indian Ocean
Q1058775,Flushing,"neighborhood in Queens, New York City, United States"
Q1065503,Watertown,"city in and county seat of Codington County, South Dakota, United States"
Q107126,Arlington County,"county in Virginia, United States; part of Washington metropolitan area"
Q1085,Prague,capital city of the Czech Republic
Q1087121,Orange,"township in Essex County, New Jersey, United States"
Q1186937,Hazleton,"city in Luzerne County, Pennsylvania, United States"
Q12029472,Klucké Chvalovice,village in Kutná Hora District of Central Bohemian region
Q1206012,German Reich,"official name for the German nation state from 1871 to 1945, and name of Germany until 1949"
Q124184,Mayfair,"area of central London, England"
Q12439,Detroit,"city in and county seat of Wayne County, and largest city in State of Michigan, United States"
Q128114,Yonkers,"city in Westchester County, New York, United States"
Q129286,British Raj,British colonial rule on the Indian subcontinent (1858–1947)
Q1297,Chicago,"city and county seat of Cook County, and largest city in State of Illinois, United States of America"
Q133123,Patras,city in Greece
Q1342,Pittsburgh,"city and county seat in Allegheny County, Pennsylvania, United States"
Q138391,Paterson,"city in and the county seat of Passaic County, New Jersey, United States"
Q1408,New Jersey,state of the United States of America
Q142,France,"country in Western Europe and other continents (through its overseas territories in America, Africa and Oceania)"
Q145,United Kingdom,island country in north-west Europe
Q1456,South Carolina,state of the United States of America
Q146705,Sidcup,"suburban district of south-east London, England, primarily in the London Borough of Bexley"
Q1479,Bordeaux,"city and commune in Gironde, New Aquitaine, France"
Q15180,Soviet Union,former country in Eurasia (1922–1991)
Q16,Canada,country in North America
Q1612,Arkansas,state of the United States of America
Q16552,San Diego,"seat of San Diego County, California, United States; second-largest city in California"
Q172,Toronto,"capital and largest city of the province of Ontario, Canada"
Q1726,Munich,"capital and most populous city of Bavaria, Germany"
Q1741,Vienna,capital of and state in Austria
Q1748,Copenhagen,capital and largest city of Denmark
Q1754096,Weybridge,"town in the Elmbridge district of Surrey, England"
Q1761,Dublin,capital and largest city of Ireland
Q1775277,Dominion of India,period of Indian history between 1947 and 1950
Q1781,Budapest,capital and largest city of Hungary
Q182805,Lübbecke,"town in the Minden-Lübbecke district, in North Rhine-Westphalia, Germany"
Q182852,Kunming,"capital of Yunnan province, China"
Q183,Germany,country in Central Europe
Q18389,New England,region of the northeasternmost United States
Q1840466,Zeeland,"city in Michigan, United States"
Q18419,Brooklyn,"borough of New York City, New York, United States"
Q18426,The Bronx,"borough of New York City, New York, United States"
Q184983,Zeiskam,municipality of Germany
Q1903180,Carroll,"city in Carroll County, Iowa, United States"
Q193250,Bulawayo,city in Zimbabwe
Q203349,Poole,"town, seaport and civil parish in Bournemouth, Christchurch and Poole, Dorset, England"
Q211907,Slough,"town in Berkshire, England, UK"
Q213,Czech Republic,country in Central Europe
Q2141,Halifax,"municipality in the province of Nova Scotia, Canada"
Q2168889,Valley Station,"human settlement in Louisville, Kentucky, United States of America"
Q2229506,Tiruchengode,"Village in Namakkal District, Tamil Nadu, India"
Q2233616,Manning,"city in Carroll County, Iowa, United States"
Q2326975,Port Hawkesbury,"town in Inverness County, Nova Scotia, Canada"
Q23337,Salt Lake City,capital city of the U.S. state of Utah and seat of Salt Lake County
Q239870,Columbus,"consolidated city-county in Muscogee County, Georgia, United States"
Q249906,Águeda,municipality in Portugal
Q25395,Newark,"city in Essex County, and largest city in New Jersey, United States"
Q2655674,Kiryat Chaim,quarter in the city of Haifa
Q27,Ireland,country in Northwestern Europe
Q279890,Germantown,"neighborhood in Philadelphia, Pennsylvania, United States"
Q28,Hungary,country in Central Europe
Q28260,Lincoln,capital city of the U.S. state of Nebraska and seat of Lancaster County
Q29999,Kingdom of the Netherlands,transcontinental sovereign state and constitutional monarchy
Q30,United States,country located primarily in North America
Q30096,Frederiksberg,town area in Copenhagen Urban Area (and capital of Frederiksberg Municipality)
Q3075,Fürth,"town in Bavaria, Germany"
Q31,Belgium,country in western Europe
Q3141,Melbourne,"capital city of Victoria, Australia"
Q3246744,Halifax,"settlement, former incorporated city in Nova Scotia, Canada"
Q33946,Czechoslovakia,country in Central Europe (1918–1992)
Q34109,Fargo,"city in and the county seat of Cass County, North Dakota, United States of America"
Q34217,Oxford,"city in Oxfordshire, England"
Q34647,Johannesburg,largest city in South Africa
Q34739,Dayton,"city ​​and county seat of Montgomery County, Ohio, United States"
Q3616,Tehran,capital city of Iran
Q36379,Cypress,"unincorporated community of Harris County, Texas, United States"
Q37100,Auckland,"city on the North Island, New Zealand"
Q37320,Cleveland,"city in and county seat of Cuyahoga County, Ohio, United States"
Q37836,Milwaukee,"city in and county seat of Milwaukee County, and largest city in State of Wisconsin, United States"
Q39,Switzerland,country in Central Europe
Q39709,Des Moines,capital city of the U.S. state of Iowa and seat of Polk County
Q40,Austria,country in Central Europe
Q40435,Buffalo,"city and county seat of Erie County, New York, United States"
Q408,Australia,country in Oceania
Q41,Greece,country in Southeast Europe
Q414,Argentina,country in South America
Q43,Turkey,country in West Asia and Southeast Europe
Q43196,Cincinnati,"city in and seat of Hamilton County, Ohio, United States"
Q45,Portugal,country in Southwestern Europe
Q485708,Duluth,"city in Minnesota, United States; county seat of St. Louis County"
Q486877,South Bend,"city and county seat of St. Joseph County, Indiana, United States of America"
Q49111,Cambridge,"city in Middlesex County, Massachusetts, United States of America"
Q491239,Canton,"city in Stark County, Ohio, United States"
Q49145,New Haven,"city in Connecticut, United States"
Q49240,Stockton,"county seat of San Joaquin County, California, United States"
Q49247,Anaheim,"most populous city in Orange County, California, United States"
Q493261,Walnut Creek,"city in Contra Costa County, California, United States"
Q506707,Veurne,"city in West Flanders, Belgium"
Q523240,Concord,"town in Middlesex County, Massachusetts, United States"
Q5351493,El Kouif,commune of Algeria
Q54143,Melrose,"city in Middlesex County, Massachusetts, United States"
Q569680,Butzbach,"town in Wetteraukreis in Hesse, Germany"
Q575315,Wheaton,"city and county seat of DuPage County, Illinois, United States"
Q590191,Findlay,"city in Ohio, United States"
Q590879,Fort Leavenworth,"United States Army post in Leavenworth, Kansas"
Q60,New York City,most populous city in the United States
Q62,San Francisco,"city and county in California, US"
Q621549,Inglewood,"city in southwestern Los Angeles County, California, United States"
Q623464,Bad Kötzting,municipality of Germany
Q65,Los Angeles,"seat of Los Angeles County, and largest city in California, United States"
Q664,New Zealand,island country in the southwest Pacific Ocean
Q668,India,country in South Asia
Q676421,Clinton,"city in, and the county seat of, Clinton County, Iowa, United States"
Q6809717,Mehoopany Township,"township in Wyoming County, Pennsylvania"
Q71,Geneva,"capital of the canton of Geneva, Switzerland"
Q727,Amsterdam,capital and most populous city of the Netherlands
Q736742,Wimbledon,suburb of London
Q7440408,Seaforth,"human settlement in Huron East, Ontario, Canada"
Q756617,Kingdom of Denmark,transcontinental sovereign state and constitutional monarchy
Q794,Iran,country in Western Asia
Q801,Israel,country in West Asia
Q84,London,capital and largest city of England and the United Kingdom
Q8684,Seoul,capital and largest city of South Korea
Q90,Paris,capital and most populous city in France
Q954,Zimbabwe,sovereign state in southern Africa
Q954505,Dubroŭna,city in Belarus
Q983451,Río Cuarto,"city in Cordoba, Argentina"
Q983974,Lima,"city in and county seat of Allen County, Ohio, United States"
Q987,New Delhi,capital city of India
Q991310,Timmins,"city in Ontario, Canada"
Q998893,East Liverpool,"city in Columbiana County, Ohio, United States"
