cluster,cluster_label,cluster_size,cluster_share_pct,top_terms,representative_titles,average_centroid_distance,mean_distance_to_centroid,median_distance_to_centroid,max_distance_to_centroid,cohesion_group,leadershipnow_books,openlibrary_books,both_source_books,leadershipnow_share_pct,openlibrary_share_pct,both_source_share_pct
0,Entrepreneurial and Growth Mindset,82,4.35244161358811,"mindset, art, new, advantage, startup, entrepreneurs, kind, commanders, entrepreneurship, breaking",A Platform Mindset | Unstoppable Mindset | The Hacker Mindset | Aliveness Mindset | The Entrepreneurial Mindset Advantage,0.409,0.7945081179082609,0.8366191955143266,1.0,Broadest,72,10,0,87.8048780487805,12.195121951219512,0.0
1,Organizational Behavior,56,2.9723991507431,"behavior, organizational behavior, organizational, behavior organizational, management, economics, industrial, comportement organisationnel, comportement, organisationsverhalten",Organizational Behavior | Organizational behavior | Organizational Behavior | Organizational behavior | Organizational Behavior,0.093,0.3964427613408779,0.4133533580456104,0.6932451879706902,Moderately compact,0,56,0,0.0,100.0,0.0
2,Team Leadership,33,1.7515923566878981,"team, team leadership, leadership, effective team, nursing, remote team, effective, remote, elevate, unicorn",Team leadership | Team Leadership | Team Leadership | Team Leadership Questionnaire | Strategic Team Leadership,0.118,0.4469140610416011,0.4930520557232468,0.710623296267958,Moderately compact,11,22,0,33.33333333333333,66.66666666666666,0.0
3,Future Thinking and Personal Development,70,3.715498938428875,"future, think, self, excellence, war, want, states, century, united states, united",Stewards of the Future | Future Tense | Inventor of the Future | Be Your Future Self Now | Your Future Self,0.497,0.7758387657501972,0.8023435513528191,0.9331483370853904,Broadest,50,19,1,71.42857142857143,27.142857142857142,1.4285714285714286
4,Decision Making,33,1.7515923566878981,"decision, making, decision making, prise, judgment, judgment decision, statistics, décision, search, management",DECISION MAKING | Creative decision making | Judgment and decision making | The managerial decision-making process | The psychology of judgment and decision making,0.242,0.5108348744291733,0.4604451858936637,0.9302475867626534,Moderately broad,8,25,0,24.242424242424242,75.75757575757575,0.0
5,Leader Identity and Practice,33,1.7515923566878981,"leader, driven leader, strong leader, strong, driven, visionary, toolbox, steady, turnaround, ice",You're the Leader. Now What? | We the Leader | Reinventing the Leader | The Relatable Leader | The Secure Leader,0.027,0.3806519588083015,0.4455157042815516,0.5997451406010406,Moderately compact,32,1,0,96.96969696969697,3.0303030303030303,0.0
6,Communication,47,2.494692144373673,"communication, language, communication communication, business, business communication, interpersonal, mass, media, interpersonal communication, communication skills",InCredible Communication | Communication | Corporate communication | Communication between cultures | Business communication today,0.293,0.5342478691642155,0.5438053284638319,0.7756279902971666,Moderately broad,5,42,0,10.638297872340425,89.36170212765957,0.0
7,Broad Leadership and Success,185,9.819532908704884,"right, win, time, man, success, digital, build, code, organization, leader","Right Leader, Right Time | Get Pay Right | The Right Call | Left and Right of the Boom | Servant-leadership across cultures",0.684,0.877948349828548,0.8913223023865855,1.0,Broadest,142,42,1,76.75675675675676,22.702702702702705,0.5405405405405406
8,Servant Leadership,42,2.229299363057325,"servant, servant leadership, leadership, leadership leadership, leadership servant, christianity, christian, religion, leadership christianity, leadership organizational",Servant Leadership | Servant Leadership | Servant leadership | Servant Leadership | The spirit of servant-leadership,0.1,0.3998670424800926,0.3686861368207911,0.7720926485375916,Moderately compact,1,41,0,2.380952380952381,97.61904761904762,0.0
9,Change Management,42,2.229299363057325,"change, change management, management, organizational, organizational change, management organizational, changement organisationnel, changement, change organizational, organisationnel",Change management | Change Management | Change | Change Proof | Strategic Change Management Strategic Change Management,0.207,0.4782476738889371,0.4810778063335658,0.832631933584548,Moderately broad,11,31,0,26.190476190476193,73.80952380952381,0.0
10,Leadership Development,53,2.813163481953291,"leadership, leadership development, development, teams, workplace, teams workplace, development leadership, team, leadership teams, team leadership",Leadership development | Leadership Development | Leadership development | Leadership Development | Future of Leadership Development,0.257,0.5751434797799236,0.6149408731696114,0.8983883153893875,Moderately broad,3,50,0,5.660377358490567,94.33962264150944,0.0
11,Organizational Culture and Trust,184,9.766454352441615,"culture, way, trust, world, shift, matters, good, big, office, conflict",Culture Is the Way | Curative Culture | Conquer Your Culture | For the Culture | Culture Matters,0.6,0.8744492872363038,0.89726504151299,1.0,Broadest,164,20,0,89.13043478260869,10.869565217391305,0.0
12,Information Technology Management,18,0.9554140127388535,"information, information technology, technology, management, change, management information, technology management, change management, management organizational, computer",Information Technology Project Management | Project management | Information for Innovation | Enterprise Performance Management Done Right | Making sense of change management,0.244,0.3685499123747233,0.3509974698304653,0.6016579533945364,Most compact,0,18,0,0.0,100.0,0.0
13,General Business and Management,72,3.821656050955414,"management, business, economics, accounting, business economics, industrial, management management, leadership, industrial management, organizational",Leadership | Full range leadership development | Agile Change Management | Managing change | Routledge Companion to Innovation Management,0.371,0.6491375969629188,0.6625621388932197,0.9184865693034302,Broadest,3,69,0,4.166666666666666,95.83333333333334,0.0
14,Performance Management,41,2.176220806794055,"performance, performance management, management, employees, rating, management performance, employees rating, personnel, performance standards, management employees",Performance Management | Managing performance | Performance management systems | Performance management | Performance management,0.27,0.4531558425295817,0.4348344298330426,0.742806903528577,Moderately broad,4,37,0,9.75609756097561,90.2439024390244,0.0
15,Workplace and Generational Dynamics,27,1.4331210191082804,"work, world work, world, relationships, people, jobs, meaningful, love, resilience, works",Five Generations at Work | Work Here Now | Over Work | How to Work with (Almost) Anyone | Rethinking Work,0.036,0.3802998435181811,0.4212539700748831,0.6945714870277151,Most compact,25,2,0,92.5925925925926,7.4074074074074066,0.0
16,Leading Self and Others,23,1.2208067940552019,"leading, inflation, significance, inclusion, lightly, wellness, wisely, greatness, light, disruption",Leading Giants | Leading Through | Leading with Vulnerability | Leading Yourself | Leading Relationships,0.091,0.3409940795081406,0.3915537402601398,0.5285094313091209,Most compact,23,0,0,100.0,0.0,0.0
17,People Management,28,1.48619957537155,"people, people management, management, personnel, personnel management, management personnel, people managers, effective people, successful people, mastering people",People Management | People Management | People management | Effective people management | Sustainable People Management,0.191,0.4487438691813343,0.4039161624852123,0.7114229333748623,Moderately compact,1,27,0,3.571428571428571,96.42857142857143,0.0
18,Emotional Intelligence,50,2.6539278131634823,"intelligence, emotional, emotional intelligence, emotions, intelligence emotional, psychology, aspects, psychological, psychological aspects, cognition",Emotional Intelligence | Emotional Intelligence | Emotional Intelligence | Emotional Intelligence | Emotional Intelligence,0.045,0.3615695628122973,0.3923932631446515,0.7218187490168888,Most compact,5,44,1,10.0,88.0,2.0
19,Executive Leadership,39,2.0700636942675157,"executive, executive leadership, leadership, executives, leadership executives, executive ability, leadership leadership, ability, development executive, management",Executive leadership | Police Executive Leadership | Executive leadership | Executive Leadership | Executive leadership,0.151,0.4375470317220294,0.4382164712848697,0.715369031249095,Moderately compact,1,38,0,2.564102564102564,97.43589743589743,0.0
20,Human Resource Management,57,3.0254777070063694,"human, management, personnel, human resource, resource management, resource, management personnel, personnel management, direction, personnel direction",Human Resource management | Human resource management | Human Resource Management | Human resource management | Human Resource Management,0.042,0.342663999618498,0.3354388128835405,0.6825880565995011,Most compact,3,54,0,5.263157894736842,94.73684210526315,0.0
21,Innovation Management,45,2.388535031847134,"innovation, innovation management, management, innovations, technological, technological innovations, management technological, innovations management, product, business",Innovation Management | Innovation Management | Innovation management | Innovation Management in Robot Society | Revolution of Innovation Management,0.275,0.4937325549740252,0.4882333513031943,0.7263322257375318,Moderately broad,6,39,0,13.333333333333334,86.66666666666667,0.0
22,Power and Influence,27,1.4331210191082804,"power, power change, prediction, ownership, hold, going, middle, conscious, failure, change",The Power of Mattering | On Power | You to the Power of Two | Untold Power | The Power of Regret,0.023,0.3185501276768387,0.3714248279996527,0.7061638257806211,Most compact,26,1,0,96.29629629629629,3.7037037037037033,0.0
23,Project Management,47,2.494692144373673,"project, project management, management, management project, construction, projektmanagement, projets, engineering, guide project, business",Project management | Project Management | Project Management | Contemporary Project Management | Project Management Absolute Beginner's Guide,0.103,0.3656208888439535,0.3427166004325708,0.6955866794349266,Most compact,1,46,0,2.127659574468085,97.87234042553192,0.0
24,Operations Management,49,2.6008492569002124,"operations, production, operations management, management, production management, management production, production operations, produktion, management operations, operations research",Operations Management | Operations management | Restaurant operations management | Production and operations management | Production and operations management,0.099,0.3406698168429441,0.3346485498412069,0.6663376598144202,Most compact,1,48,0,2.0408163265306123,97.95918367346938,0.0
25,Transformational Leadership,108,5.7324840764331215,"leadership, transformational leadership, transformational, leadership leadership, transformative leadership, transformative, transforming leadership, transforming, educational, christian leadership",Kepemimpinan = | Leadership Is Overrated | The Soil of Leadership | Leadership Starts with You | On Leadership,0.09,0.5964228853139637,0.6539335643386357,0.8117305484239313,Broadest,47,61,0,43.51851851851852,56.481481481481474,0.0
26,Contemporary Leadership Practice,26,1.3800424628450108,"lead, ai, lead like, like, heal, conviction, live, day, confident, women",Lead With AI | Formed to Lead | Never Lead Alone | Lead Boldly | Lead Well,0.14,0.4262801379490647,0.450612960537807,0.7027077910367258,Moderately compact,26,0,0,100.0,0.0,0.0
27,Strategic Management and Planning,82,4.35244161358811,"strategic, planning, business, management, strategic planning, strategic management, strategy, business strategy, economics, business planning",Strategic management | Strategic management | Strategic management | Strategic management | Strategic Management,0.257,0.5000452569933072,0.5031302624258562,0.8111263297493028,Moderately broad,1,81,0,1.2195121951219512,98.78048780487805,0.0
28,CEO and Executive Transformation,285,15.127388535031846,"ceo, transformation, life, edge, thinking, rules, influence, factor, metaverse, smart",Sideline CEO | How To Be A CEO | From Welfare To CEO | The Detour CEO | A CEO for All Seasons,0.687,0.8968008477929671,0.909211588139608,1.0,Broadest,262,23,0,91.9298245614035,8.070175438596491,0.0
