book_id,author_id
BOOK00001,AUTHOR02055
BOOK00002,AUTHOR00679
BOOK00003,AUTHOR01157
BOOK00004,AUTHOR00828
BOOK00005,AUTHOR01667
BOOK00006,AUTHOR01030
BOOK00007,AUTHOR01665
BOOK00008,AUTHOR00189
BOOK00009,AUTHOR00862
BOOK00009,AUTHOR00855
BOOK00010,AUTHOR02129
BOOK00010,AUTHOR00521
BOOK00011,AUTHOR00586
BOOK00012,AUTHOR01801
BOOK00012,AUTHOR01831
BOOK00012,AUTHOR00724
BOOK00012,AUTHOR01798
BOOK00012,AUTHOR01842
BOOK00012,AUTHOR00723
BOOK00013,AUTHOR00540
BOOK00014,AUTHOR00873
BOOK00015,AUTHOR01862
BOOK00016,AUTHOR00871
BOOK00016,AUTHOR00173
BOOK00016,AUTHOR00583
BOOK00016,AUTHOR00171
BOOK00017,AUTHOR01966
BOOK00017,AUTHOR01679
BOOK00018,AUTHOR01801
BOOK00019,AUTHOR00545
BOOK00020,AUTHOR01471
BOOK00020,AUTHOR00379
BOOK00021,AUTHOR00189
BOOK00021,AUTHOR01892
BOOK00022,AUTHOR00466
BOOK00022,AUTHOR00433
BOOK00022,AUTHOR01047
BOOK00022,AUTHOR00759
BOOK00022,AUTHOR01221
BOOK00022,AUTHOR01048
BOOK00023,AUTHOR01002
BOOK00024,AUTHOR00873
BOOK00025,AUTHOR01911
BOOK00026,AUTHOR00189
BOOK00026,AUTHOR01892
BOOK00027,AUTHOR01603
BOOK00028,AUTHOR01041
BOOK00029,AUTHOR00871
BOOK00029,AUTHOR00173
BOOK00029,AUTHOR00195
BOOK00029,AUTHOR00689
BOOK00029,AUTHOR01379
BOOK00030,AUTHOR01262
BOOK00031,AUTHOR01074
BOOK00032,AUTHOR00437
BOOK00032,AUTHOR00622
BOOK00033,AUTHOR00269
BOOK00033,AUTHOR02053
BOOK00033,AUTHOR01116
BOOK00034,AUTHOR02019
BOOK00035,AUTHOR00999
BOOK00036,AUTHOR00785
BOOK00037,AUTHOR00189
BOOK00037,AUTHOR00248
BOOK00038,AUTHOR01665
BOOK00039,AUTHOR00116
BOOK00039,AUTHOR01303
BOOK00040,AUTHOR01281
BOOK00041,AUTHOR00976
BOOK00041,AUTHOR01273
BOOK00042,AUTHOR01966
BOOK00043,AUTHOR01198
BOOK00043,AUTHOR01598
BOOK00043,AUTHOR00553
BOOK00044,AUTHOR01782
BOOK00044,AUTHOR01127
BOOK00044,AUTHOR01684
BOOK00045,AUTHOR01423
BOOK00046,AUTHOR00405
BOOK00047,AUTHOR01873
BOOK00048,AUTHOR00446
BOOK00049,AUTHOR01375
BOOK00050,AUTHOR01667
BOOK00051,AUTHOR00068
BOOK00051,AUTHOR00646
BOOK00051,AUTHOR00249
BOOK00052,AUTHOR00189
BOOK00053,AUTHOR00248
BOOK00054,AUTHOR00248
BOOK00055,AUTHOR01044
BOOK00056,AUTHOR01208
BOOK00057,AUTHOR01154
BOOK00058,AUTHOR01901
BOOK00059,AUTHOR00385
BOOK00059,AUTHOR00594
BOOK00060,AUTHOR00028
BOOK00061,AUTHOR00248
BOOK00062,AUTHOR00580
BOOK00063,AUTHOR01506
BOOK00063,AUTHOR02088
BOOK00064,AUTHOR00831
BOOK00065,AUTHOR00998
BOOK00066,AUTHOR02122
BOOK00067,AUTHOR02206
BOOK00068,AUTHOR00594
BOOK00069,AUTHOR00647
BOOK00070,AUTHOR00527
BOOK00070,AUTHOR01144
BOOK00071,AUTHOR01632
BOOK00072,AUTHOR02066
BOOK00072,AUTHOR02086
BOOK00073,AUTHOR00698
BOOK00074,AUTHOR01327
BOOK00075,AUTHOR00814
BOOK00076,AUTHOR02011
BOOK00076,AUTHOR01868
BOOK00076,AUTHOR02271
BOOK00077,AUTHOR02094
BOOK00077,AUTHOR02235
BOOK00078,AUTHOR02089
BOOK00078,AUTHOR01892
BOOK00079,AUTHOR00274
BOOK00080,AUTHOR02094
BOOK00081,AUTHOR01327
BOOK00082,AUTHOR00897
BOOK00083,AUTHOR00248
BOOK00084,AUTHOR01075
BOOK00085,AUTHOR01350
BOOK00086,AUTHOR02041
BOOK00086,AUTHOR02114
BOOK00087,AUTHOR01261
BOOK00088,AUTHOR00272
BOOK00089,AUTHOR01297
BOOK00089,AUTHOR00489
BOOK00089,AUTHOR01373
BOOK00090,AUTHOR00762
BOOK00091,AUTHOR00194
BOOK00092,AUTHOR00074
BOOK00093,AUTHOR00810
BOOK00094,AUTHOR00344
BOOK00094,AUTHOR02158
BOOK00095,AUTHOR00836
BOOK00096,AUTHOR00006
BOOK00097,AUTHOR00945
BOOK00098,AUTHOR00927
BOOK00099,AUTHOR00043
BOOK00100,AUTHOR00596
BOOK00100,AUTHOR02043
BOOK00101,AUTHOR00314
BOOK00102,AUTHOR01106
BOOK00103,AUTHOR00253
BOOK00104,AUTHOR01661
BOOK00104,AUTHOR01094
BOOK00104,AUTHOR00981
BOOK00104,AUTHOR02152
BOOK00104,AUTHOR02275
BOOK00105,AUTHOR01305
BOOK00106,AUTHOR01542
BOOK00107,AUTHOR00641
BOOK00108,AUTHOR02131
BOOK00109,AUTHOR01385
BOOK00110,AUTHOR01529
BOOK00111,AUTHOR00007
BOOK00112,AUTHOR01104
BOOK00113,AUTHOR00864
BOOK00114,AUTHOR01385
BOOK00115,AUTHOR01698
BOOK00116,AUTHOR01581
BOOK00117,AUTHOR00284
BOOK00117,AUTHOR01122
BOOK00117,AUTHOR01728
BOOK00117,AUTHOR00849
BOOK00118,AUTHOR01733
BOOK00119,AUTHOR00263
BOOK00119,AUTHOR01339
BOOK00120,AUTHOR02212
BOOK00121,AUTHOR02258
BOOK00122,AUTHOR01493
BOOK00124,AUTHOR00571
BOOK00125,AUTHOR01685
BOOK00126,AUTHOR01096
BOOK00127,AUTHOR01833
BOOK00127,AUTHOR01787
BOOK00128,AUTHOR00032
BOOK00129,AUTHOR00537
BOOK00130,AUTHOR01298
BOOK00131,AUTHOR00468
BOOK00132,AUTHOR01390
BOOK00133,AUTHOR01385
BOOK00134,AUTHOR02047
BOOK00135,AUTHOR00007
BOOK00136,AUTHOR01576
BOOK00137,AUTHOR00170
BOOK00138,AUTHOR01732
BOOK00139,AUTHOR00584
BOOK00140,AUTHOR01570
BOOK00141,AUTHOR01436
BOOK00143,AUTHOR01686
BOOK00144,AUTHOR00864
BOOK00145,AUTHOR02198
BOOK00146,AUTHOR01023
BOOK00147,AUTHOR02148
BOOK00148,AUTHOR01585
BOOK00149,AUTHOR00728
BOOK00150,AUTHOR00545
BOOK00151,AUTHOR00544
BOOK00151,AUTHOR00642
BOOK00151,AUTHOR01371
BOOK00152,AUTHOR01200
BOOK00153,AUTHOR01218
BOOK00154,AUTHOR00301
BOOK00155,AUTHOR02029
BOOK00156,AUTHOR00444
BOOK00157,AUTHOR00555
BOOK00158,AUTHOR00871
BOOK00158,AUTHOR00173
BOOK00159,AUTHOR01583
BOOK00160,AUTHOR00710
BOOK00160,AUTHOR00333
BOOK00160,AUTHOR00598
BOOK00161,AUTHOR01745
BOOK00162,AUTHOR00534
BOOK00163,AUTHOR01669
BOOK00164,AUTHOR01472
BOOK00165,AUTHOR00601
BOOK00166,AUTHOR00730
BOOK00167,AUTHOR02017
BOOK00168,AUTHOR00366
BOOK00169,AUTHOR00743
BOOK00170,AUTHOR01678
BOOK00171,AUTHOR00548
BOOK00171,AUTHOR02095
BOOK00172,AUTHOR00702
BOOK00172,AUTHOR01352
BOOK00172,AUTHOR00067
BOOK00173,AUTHOR00871
BOOK00174,AUTHOR01803
BOOK00175,AUTHOR00601
BOOK00176,AUTHOR01532
BOOK00177,AUTHOR01592
BOOK00177,AUTHOR01541
BOOK00178,AUTHOR01663
BOOK00178,AUTHOR01421
BOOK00179,AUTHOR01628
BOOK00179,AUTHOR00778
BOOK00180,AUTHOR02198
BOOK00181,AUTHOR01903
BOOK00182,AUTHOR01931
BOOK00183,AUTHOR00132
BOOK00184,AUTHOR01603
BOOK00185,AUTHOR01253
BOOK00186,AUTHOR00477
BOOK00187,AUTHOR00389
BOOK00187,AUTHOR00117
BOOK00188,AUTHOR01603
BOOK00189,AUTHOR02034
BOOK00189,AUTHOR02110
BOOK00189,AUTHOR00486
BOOK00189,AUTHOR00318
BOOK00190,AUTHOR01803
BOOK00191,AUTHOR01260
BOOK00192,AUTHOR02234
BOOK00193,AUTHOR00189
BOOK00194,AUTHOR02046
BOOK00194,AUTHOR02108
BOOK00195,AUTHOR00280
BOOK00196,AUTHOR01267
BOOK00197,AUTHOR00722
BOOK00198,AUTHOR01505
BOOK00199,AUTHOR00280
BOOK00200,AUTHOR00512
BOOK00201,AUTHOR00296
BOOK00203,AUTHOR01031
BOOK00204,AUTHOR00679
BOOK00205,AUTHOR00760
BOOK00206,AUTHOR00843
BOOK00206,AUTHOR01167
BOOK00207,AUTHOR00423
BOOK00208,AUTHOR00800
BOOK00209,AUTHOR01155
BOOK00210,AUTHOR01166
BOOK00211,AUTHOR01394
BOOK00212,AUTHOR01949
BOOK00212,AUTHOR01495
BOOK00213,AUTHOR02121
BOOK00214,AUTHOR01031
BOOK00215,AUTHOR02120
BOOK00216,AUTHOR01427
BOOK00216,AUTHOR00995
BOOK00217,AUTHOR00185
BOOK00218,AUTHOR00026
BOOK00218,AUTHOR00818
BOOK00219,AUTHOR01797
BOOK00220,AUTHOR00612
BOOK00221,AUTHOR01744
BOOK00222,AUTHOR00721
BOOK00223,AUTHOR00820
BOOK00223,AUTHOR01516
BOOK00224,AUTHOR02262
BOOK00225,AUTHOR02120
BOOK00226,AUTHOR00127
BOOK00227,AUTHOR01309
BOOK00228,AUTHOR01992
BOOK00229,AUTHOR01700
BOOK00230,AUTHOR01032
BOOK00230,AUTHOR00706
BOOK00230,AUTHOR01865
BOOK00231,AUTHOR01115
BOOK00232,AUTHOR01194
BOOK00233,AUTHOR00819
BOOK00234,AUTHOR01851
BOOK00235,AUTHOR01201
BOOK00236,AUTHOR01851
BOOK00238,AUTHOR00581
BOOK00239,AUTHOR00704
BOOK00239,AUTHOR01768
BOOK00239,AUTHOR01567
BOOK00239,AUTHOR01484
BOOK00239,AUTHOR00630
BOOK00240,AUTHOR00059
BOOK00241,AUTHOR00881
BOOK00242,AUTHOR00840
BOOK00243,AUTHOR01244
BOOK00244,AUTHOR01611
BOOK00246,AUTHOR00527
BOOK00248,AUTHOR01244
BOOK00248,AUTHOR01473
BOOK00248,AUTHOR01188
BOOK00249,AUTHOR01188
BOOK00249,AUTHOR01775
BOOK00250,AUTHOR01465
BOOK00250,AUTHOR00797
BOOK00251,AUTHOR00888
BOOK00252,AUTHOR01876
BOOK00253,AUTHOR01389
BOOK00254,AUTHOR00824
BOOK00255,AUTHOR00533
BOOK00256,AUTHOR00859
BOOK00257,AUTHOR00789
BOOK00258,AUTHOR02201
BOOK00259,AUTHOR02101
BOOK00260,AUTHOR02082
BOOK00261,AUTHOR01696
BOOK00261,AUTHOR00992
BOOK00261,AUTHOR01996
BOOK00262,AUTHOR01391
BOOK00263,AUTHOR01734
BOOK00263,AUTHOR01563
BOOK00264,AUTHOR00268
BOOK00265,AUTHOR00112
BOOK00266,AUTHOR01589
BOOK00267,AUTHOR00859
BOOK00267,AUTHOR00868
BOOK00268,AUTHOR01777
BOOK00269,AUTHOR00415
BOOK00270,AUTHOR01876
BOOK00271,AUTHOR01946
BOOK00272,AUTHOR01986
BOOK00273,AUTHOR00292
BOOK00274,AUTHOR02270
BOOK00274,AUTHOR01991
BOOK00275,AUTHOR01852
BOOK00276,AUTHOR01702
BOOK00277,AUTHOR01404
BOOK00278,AUTHOR01072
BOOK00279,AUTHOR00668
BOOK00280,AUTHOR00255
BOOK00281,AUTHOR01695
BOOK00282,AUTHOR01196
BOOK00282,AUTHOR00891
BOOK00282,AUTHOR00892
BOOK00282,AUTHOR00889
BOOK00283,AUTHOR01695
BOOK00283,AUTHOR01210
BOOK00284,AUTHOR00683
BOOK00285,AUTHOR00907
BOOK00285,AUTHOR00908
BOOK00285,AUTHOR00172
BOOK00286,AUTHOR00712
BOOK00287,AUTHOR00661
BOOK00288,AUTHOR01799
BOOK00289,AUTHOR01050
BOOK00290,AUTHOR00745
BOOK00290,AUTHOR00669
BOOK00290,AUTHOR00030
BOOK00290,AUTHOR00718
BOOK00290,AUTHOR01989
BOOK00290,AUTHOR01349
BOOK00291,AUTHOR02054
BOOK00292,AUTHOR00104
BOOK00293,AUTHOR00634
BOOK00293,AUTHOR01451
BOOK00294,AUTHOR01725
BOOK00294,AUTHOR01860
BOOK00294,AUTHOR01995
BOOK00294,AUTHOR01895
BOOK00294,AUTHOR01103
BOOK00295,AUTHOR00462
BOOK00296,AUTHOR02141
BOOK00296,AUTHOR00823
BOOK00296,AUTHOR02176
BOOK00297,AUTHOR01661
BOOK00298,AUTHOR00683
BOOK00299,AUTHOR00511
BOOK00300,AUTHOR00302
BOOK00301,AUTHOR00663
BOOK00302,AUTHOR01621
BOOK00302,AUTHOR00206
BOOK00303,AUTHOR01458
BOOK00304,AUTHOR00141
BOOK00304,AUTHOR00076
BOOK00304,AUTHOR00140
BOOK00304,AUTHOR00002
BOOK00304,AUTHOR00075
BOOK00305,AUTHOR01263
BOOK00306,AUTHOR00673
BOOK00306,AUTHOR00954
BOOK00307,AUTHOR00439
BOOK00307,AUTHOR01216
BOOK00307,AUTHOR02239
BOOK00307,AUTHOR00493
BOOK00307,AUTHOR01214
BOOK00308,AUTHOR00764
BOOK00309,AUTHOR01713
BOOK00310,AUTHOR01832
BOOK00311,AUTHOR00437
BOOK00312,AUTHOR01646
BOOK00312,AUTHOR01018
BOOK00312,AUTHOR01784
BOOK00313,AUTHOR01458
BOOK00313,AUTHOR00174
BOOK00314,AUTHOR00538
BOOK00315,AUTHOR01198
BOOK00315,AUTHOR02030
BOOK00315,AUTHOR01195
BOOK00316,AUTHOR01834
BOOK00317,AUTHOR00634
BOOK00317,AUTHOR01013
BOOK00318,AUTHOR00860
BOOK00319,AUTHOR00854
BOOK00320,AUTHOR00167
BOOK00320,AUTHOR01015
BOOK00321,AUTHOR01240
BOOK00322,AUTHOR00969
BOOK00322,AUTHOR00968
BOOK00322,AUTHOR00717
BOOK00323,AUTHOR00764
BOOK00323,AUTHOR00388
BOOK00324,AUTHOR02254
BOOK00325,AUTHOR01695
BOOK00325,AUTHOR01314
BOOK00325,AUTHOR01318
BOOK00325,AUTHOR02184
BOOK00325,AUTHOR01210
BOOK00326,AUTHOR00634
BOOK00327,AUTHOR00549
BOOK00327,AUTHOR02247
BOOK00327,AUTHOR02255
BOOK00327,AUTHOR02139
BOOK00328,AUTHOR00305
BOOK00329,AUTHOR00541
BOOK00329,AUTHOR02145
BOOK00330,AUTHOR00763
BOOK00331,AUTHOR00004
BOOK00332,AUTHOR01395
BOOK00333,AUTHOR02055
BOOK00334,AUTHOR01448
BOOK00334,AUTHOR02113
BOOK00335,AUTHOR00118
BOOK00336,AUTHOR01479
BOOK00336,AUTHOR00021
BOOK00337,AUTHOR00535
BOOK00337,AUTHOR01119
BOOK00337,AUTHOR01620
BOOK00337,AUTHOR01269
BOOK00337,AUTHOR01619
BOOK00338,AUTHOR01059
BOOK00339,AUTHOR01448
BOOK00340,AUTHOR02091
BOOK00341,AUTHOR00295
BOOK00341,AUTHOR00635
BOOK00342,AUTHOR00275
BOOK00342,AUTHOR02273
BOOK00343,AUTHOR00691
BOOK00343,AUTHOR01760
BOOK00344,AUTHOR00134
BOOK00345,AUTHOR00480
BOOK00345,AUTHOR01808
BOOK00346,AUTHOR00450
BOOK00346,AUTHOR01634
BOOK00347,AUTHOR01649
BOOK00348,AUTHOR01059
BOOK00348,AUTHOR01545
BOOK00348,AUTHOR01121
BOOK00348,AUTHOR00250
BOOK00348,AUTHOR02092
BOOK00349,AUTHOR01644
BOOK00350,AUTHOR01821
BOOK00350,AUTHOR00914
BOOK00350,AUTHOR02037
BOOK00351,AUTHOR00837
BOOK00352,AUTHOR01569
BOOK00353,AUTHOR01623
BOOK00354,AUTHOR01448
BOOK00354,AUTHOR02113
BOOK00355,AUTHOR00365
BOOK00356,AUTHOR00593
BOOK00357,AUTHOR02005
BOOK00358,AUTHOR01912
BOOK00359,AUTHOR00806
BOOK00360,AUTHOR00150
BOOK00360,AUTHOR00324
BOOK00361,AUTHOR01448
BOOK00362,AUTHOR00491
BOOK00362,AUTHOR00877
BOOK00363,AUTHOR02143
BOOK00364,AUTHOR02256
BOOK00365,AUTHOR01963
BOOK00366,AUTHOR00733
BOOK00367,AUTHOR00447
BOOK00367,AUTHOR01674
BOOK00368,AUTHOR01579
BOOK00369,AUTHOR01564
BOOK00370,AUTHOR01153
BOOK00371,AUTHOR01660
BOOK00371,AUTHOR01671
BOOK00371,AUTHOR00506
BOOK00371,AUTHOR01742
BOOK00372,AUTHOR01510
BOOK00373,AUTHOR01785
BOOK00374,AUTHOR01661
BOOK00375,AUTHOR00519
BOOK00375,AUTHOR00271
BOOK00376,AUTHOR01597
BOOK00377,AUTHOR00715
BOOK00378,AUTHOR00716
BOOK00379,AUTHOR01027
BOOK00380,AUTHOR00276
BOOK00381,AUTHOR01447
BOOK00381,AUTHOR01837
BOOK00381,AUTHOR01722
BOOK00381,AUTHOR00556
BOOK00381,AUTHOR01721
BOOK00382,AUTHOR00655
BOOK00383,AUTHOR01723
BOOK00384,AUTHOR00661
BOOK00385,AUTHOR00658
BOOK00386,AUTHOR00752
BOOK00386,AUTHOR00578
BOOK00387,AUTHOR00905
BOOK00387,AUTHOR00906
BOOK00387,AUTHOR02261
BOOK00388,AUTHOR00938
BOOK00388,AUTHOR01618
BOOK00388,AUTHOR01848
BOOK00388,AUTHOR00442
BOOK00389,AUTHOR01942
BOOK00389,AUTHOR00829
BOOK00390,AUTHOR00673
BOOK00391,AUTHOR00661
BOOK00392,AUTHOR01437
BOOK00393,AUTHOR01646
BOOK00393,AUTHOR01018
BOOK00393,AUTHOR01784
BOOK00394,AUTHOR00677
BOOK00394,AUTHOR00093
BOOK00394,AUTHOR01014
BOOK00395,AUTHOR00677
BOOK00396,AUTHOR00035
BOOK00396,AUTHOR01806
BOOK00397,AUTHOR01358
BOOK00398,AUTHOR02150
BOOK00399,AUTHOR01697
BOOK00400,AUTHOR00305
BOOK00400,AUTHOR00673
BOOK00400,AUTHOR01437
BOOK00401,AUTHOR01058
BOOK00402,AUTHOR01673
BOOK00402,AUTHOR01279
BOOK00402,AUTHOR02219
BOOK00403,AUTHOR00373
BOOK00403,AUTHOR00494
BOOK00403,AUTHOR02268
BOOK00403,AUTHOR01180
BOOK00404,AUTHOR01494
BOOK00405,AUTHOR00073
BOOK00406,AUTHOR01049
BOOK00406,AUTHOR00651
BOOK00407,AUTHOR02218
BOOK00407,AUTHOR00909
BOOK00407,AUTHOR01366
BOOK00408,AUTHOR01393
BOOK00409,AUTHOR00256
BOOK00409,AUTHOR01134
BOOK00410,AUTHOR00787
BOOK00411,AUTHOR01401
BOOK00411,AUTHOR01400
BOOK00411,AUTHOR02251
BOOK00412,AUTHOR00652
BOOK00413,AUTHOR00130
BOOK00414,AUTHOR02218
BOOK00414,AUTHOR00909
BOOK00414,AUTHOR01366
BOOK00415,AUTHOR00661
BOOK00416,AUTHOR00767
BOOK00417,AUTHOR00661
BOOK00418,AUTHOR01274
BOOK00419,AUTHOR01723
BOOK00420,AUTHOR02276
BOOK00421,AUTHOR00823
BOOK00421,AUTHOR02141
BOOK00422,AUTHOR01146
BOOK00422,AUTHOR00918
BOOK00422,AUTHOR01617
BOOK00423,AUTHOR01802
BOOK00424,AUTHOR00942
BOOK00424,AUTHOR02163
BOOK00425,AUTHOR01132
BOOK00426,AUTHOR01867
BOOK00426,AUTHOR02049
BOOK00427,AUTHOR02142
BOOK00428,AUTHOR01132
BOOK00429,AUTHOR01300
BOOK00430,AUTHOR00629
BOOK00430,AUTHOR01487
BOOK00431,AUTHOR00426
BOOK00432,AUTHOR01226
BOOK00432,AUTHOR00338
BOOK00433,AUTHOR00629
BOOK00434,AUTHOR01040
BOOK00435,AUTHOR02130
BOOK00436,AUTHOR00629
BOOK00437,AUTHOR02170
BOOK00437,AUTHOR01420
BOOK00437,AUTHOR02168
BOOK00438,AUTHOR00922
BOOK00439,AUTHOR00904
BOOK00440,AUTHOR00874
BOOK00441,AUTHOR00528
BOOK00442,AUTHOR00375
BOOK00442,AUTHOR01126
BOOK00442,AUTHOR01306
BOOK00442,AUTHOR02266
BOOK00442,AUTHOR02081
BOOK00443,AUTHOR00262
BOOK00444,AUTHOR01434
BOOK00445,AUTHOR00136
BOOK00446,AUTHOR00184
BOOK00446,AUTHOR01170
BOOK00447,AUTHOR00496
BOOK00448,AUTHOR00188
BOOK00449,AUTHOR00157
BOOK00450,AUTHOR00656
BOOK00450,AUTHOR00753
BOOK00451,AUTHOR00058
BOOK00452,AUTHOR02081
BOOK00452,AUTHOR02117
BOOK00452,AUTHOR00120
BOOK00453,AUTHOR01376
BOOK00454,AUTHOR01334
BOOK00455,AUTHOR01040
BOOK00456,AUTHOR01958
BOOK00457,AUTHOR00119
BOOK00458,AUTHOR01313
BOOK00458,AUTHOR02016
BOOK00458,AUTHOR00801
BOOK00458,AUTHOR00319
BOOK00459,AUTHOR01110
BOOK00459,AUTHOR01010
BOOK00459,AUTHOR01026
BOOK00459,AUTHOR01181
BOOK00460,AUTHOR01234
BOOK00461,AUTHOR00522
BOOK00462,AUTHOR00421
BOOK00462,AUTHOR01099
BOOK00462,AUTHOR01543
BOOK00462,AUTHOR01638
BOOK00463,AUTHOR00943
BOOK00464,AUTHOR00467
BOOK00464,AUTHOR01457
BOOK00464,AUTHOR00589
BOOK00465,AUTHOR00471
BOOK00465,AUTHOR00156
BOOK00466,AUTHOR00310
BOOK00466,AUTHOR00312
BOOK00467,AUTHOR01057
BOOK00468,AUTHOR00406
BOOK00469,AUTHOR01487
BOOK00470,AUTHOR02186
BOOK00471,AUTHOR00901
BOOK00471,AUTHOR00454
BOOK00472,AUTHOR00636
BOOK00472,AUTHOR01894
BOOK00473,AUTHOR01783
BOOK00474,AUTHOR01877
BOOK00475,AUTHOR02254
BOOK00476,AUTHOR01102
BOOK00477,AUTHOR02254
BOOK00478,AUTHOR01565
BOOK00479,AUTHOR01565
BOOK00479,AUTHOR00744
BOOK00480,AUTHOR00839
BOOK00480,AUTHOR01975
BOOK00481,AUTHOR02254
BOOK00482,AUTHOR00099
BOOK00483,AUTHOR00908
BOOK00484,AUTHOR00172
BOOK00484,AUTHOR00908
BOOK00485,AUTHOR00908
BOOK00486,AUTHOR01559
BOOK00486,AUTHOR00066
BOOK00486,AUTHOR01849
BOOK00487,AUTHOR01870
BOOK00487,AUTHOR00193
BOOK00487,AUTHOR01869
BOOK00488,AUTHOR01147
BOOK00489,AUTHOR01762
BOOK00490,AUTHOR01265
BOOK00491,AUTHOR01724
BOOK00492,AUTHOR01102
BOOK00493,AUTHOR00908
BOOK00494,AUTHOR00599
BOOK00495,AUTHOR00834
BOOK00495,AUTHOR00461
BOOK00496,AUTHOR01758
BOOK00497,AUTHOR01360
BOOK00497,AUTHOR01544
BOOK00497,AUTHOR01783
BOOK00498,AUTHOR00461
BOOK00499,AUTHOR00856
BOOK00500,AUTHOR02062
BOOK00500,AUTHOR01026
BOOK00500,AUTHOR00666
BOOK00501,AUTHOR01800
BOOK00501,AUTHOR00574
BOOK00502,AUTHOR00907
BOOK00503,AUTHOR01056
BOOK00503,AUTHOR01239
BOOK00503,AUTHOR01097
BOOK00504,AUTHOR01263
BOOK00504,AUTHOR01247
BOOK00504,AUTHOR01325
BOOK00505,AUTHOR01835
BOOK00505,AUTHOR01720
BOOK00505,AUTHOR01520
BOOK00506,AUTHOR00441
BOOK00507,AUTHOR00777
BOOK00508,AUTHOR00908
BOOK00508,AUTHOR00172
BOOK00508,AUTHOR00349
BOOK00509,AUTHOR02254
BOOK00510,AUTHOR01559
BOOK00510,AUTHOR00066
BOOK00510,AUTHOR01849
BOOK00511,AUTHOR00856
BOOK00512,AUTHOR00908
BOOK00513,AUTHOR02125
BOOK00514,AUTHOR00985
BOOK00514,AUTHOR00982
BOOK00514,AUTHOR00129
BOOK00515,AUTHOR01264
BOOK00516,AUTHOR01454
BOOK00516,AUTHOR01993
BOOK00516,AUTHOR01249
BOOK00516,AUTHOR00371
BOOK00516,AUTHOR01962
BOOK00517,AUTHOR01693
BOOK00518,AUTHOR01783
BOOK00519,AUTHOR02035
BOOK00520,AUTHOR00771
BOOK00521,AUTHOR00763
BOOK00522,AUTHOR00210
BOOK00523,AUTHOR00839
BOOK00523,AUTHOR01945
BOOK00524,AUTHOR00623
BOOK00525,AUTHOR01713
BOOK00526,AUTHOR00662
BOOK00526,AUTHOR01523
BOOK00527,AUTHOR01172
BOOK00528,AUTHOR01662
BOOK00529,AUTHOR01713
BOOK00530,AUTHOR01355
BOOK00531,AUTHOR01230
BOOK00531,AUTHOR02099
BOOK00532,AUTHOR00941
BOOK00533,AUTHOR01853
BOOK00534,AUTHOR01577
BOOK00535,AUTHOR01943
BOOK00535,AUTHOR01945
BOOK00535,AUTHOR00839
BOOK00535,AUTHOR01975
BOOK00535,AUTHOR01340
BOOK00535,AUTHOR00232
BOOK00536,AUTHOR00835
BOOK00536,AUTHOR00875
BOOK00537,AUTHOR00159
BOOK00537,AUTHOR01089
BOOK00537,AUTHOR02009
BOOK00538,AUTHOR00841
BOOK00538,AUTHOR00839
BOOK00538,AUTHOR01945
BOOK00539,AUTHOR00835
BOOK00539,AUTHOR00979
BOOK00539,AUTHOR01899
BOOK00540,AUTHOR00941
BOOK00541,AUTHOR01713
BOOK00542,AUTHOR00619
BOOK00543,AUTHOR02136
BOOK00544,AUTHOR01897
BOOK00545,AUTHOR00623
BOOK00545,AUTHOR00363
BOOK00546,AUTHOR01945
BOOK00546,AUTHOR00839
BOOK00546,AUTHOR01975
BOOK00546,AUTHOR01340
BOOK00547,AUTHOR00064
BOOK00548,AUTHOR00363
BOOK00548,AUTHOR00623
BOOK00549,AUTHOR02164
BOOK00549,AUTHOR01171
BOOK00549,AUTHOR02213
BOOK00550,AUTHOR00619
BOOK00551,AUTHOR01053
BOOK00551,AUTHOR00793
BOOK00552,AUTHOR00363
BOOK00552,AUTHOR00623
BOOK00553,AUTHOR00485
BOOK00554,AUTHOR00763
BOOK00555,AUTHOR00464
BOOK00555,AUTHOR01276
BOOK00556,AUTHOR00623
BOOK00556,AUTHOR00364
BOOK00557,AUTHOR01193
BOOK00558,AUTHOR01969
BOOK00559,AUTHOR01713
BOOK00560,AUTHOR02173
BOOK00561,AUTHOR00737
BOOK00562,AUTHOR02012
BOOK00563,AUTHOR01612
BOOK00564,AUTHOR02035
BOOK00565,AUTHOR01969
BOOK00566,AUTHOR01448
BOOK00567,AUTHOR01278
BOOK00568,AUTHOR00155
BOOK00568,AUTHOR01083
BOOK00569,AUTHOR00146
BOOK00570,AUTHOR00791
BOOK00571,AUTHOR00832
BOOK00572,AUTHOR00844
BOOK00573,AUTHOR01448
BOOK00573,AUTHOR00110
BOOK00574,AUTHOR01482
BOOK00575,AUTHOR01736
BOOK00576,AUTHOR00003
BOOK00577,AUTHOR00575
BOOK00578,AUTHOR02102
BOOK00579,AUTHOR01735
BOOK00580,AUTHOR00218
BOOK00581,AUTHOR01448
BOOK00582,AUTHOR01887
BOOK00583,AUTHOR01448
BOOK00584,AUTHOR01308
BOOK00584,AUTHOR01707
BOOK00584,AUTHOR02025
BOOK00585,AUTHOR01682
BOOK00586,AUTHOR01229
BOOK00587,AUTHOR01828
BOOK00588,AUTHOR00218
BOOK00589,AUTHOR01455
BOOK00590,AUTHOR02276
BOOK00590,AUTHOR01266
BOOK00591,AUTHOR02207
BOOK00591,AUTHOR02267
BOOK00591,AUTHOR00697
BOOK00591,AUTHOR01038
BOOK00592,AUTHOR02092
BOOK00593,AUTHOR01828
BOOK00594,AUTHOR00236
BOOK00594,AUTHOR01805
BOOK00595,AUTHOR00773
BOOK00596,AUTHOR01448
BOOK00597,AUTHOR00729
BOOK00598,AUTHOR01813
BOOK00599,AUTHOR00145
BOOK00600,AUTHOR00218
BOOK00601,AUTHOR00218
BOOK00602,AUTHOR02180
BOOK00603,AUTHOR01455
BOOK00604,AUTHOR00218
BOOK00605,AUTHOR00557
BOOK00605,AUTHOR00791
BOOK00606,AUTHOR01148
BOOK00607,AUTHOR00682
BOOK00608,AUTHOR00190
BOOK00608,AUTHOR00525
BOOK00609,AUTHOR00155
BOOK00610,AUTHOR01687
BOOK00611,AUTHOR00213
BOOK00612,AUTHOR01288
BOOK00613,AUTHOR02185
BOOK00614,AUTHOR00994
BOOK00615,AUTHOR00754
BOOK00615,AUTHOR01117
BOOK00616,AUTHOR01858
BOOK00616,AUTHOR01039
BOOK00617,AUTHOR00438
BOOK00618,AUTHOR00683
BOOK00619,AUTHOR00738
BOOK00619,AUTHOR01197
BOOK00620,AUTHOR01028
BOOK00620,AUTHOR00937
BOOK00621,AUTHOR02231
BOOK00622,AUTHOR00683
BOOK00623,AUTHOR01292
BOOK00624,AUTHOR01051
BOOK00625,AUTHOR00932
BOOK00626,AUTHOR00683
BOOK00627,AUTHOR01435
BOOK00627,AUTHOR01504
BOOK00627,AUTHOR00582
BOOK00628,AUTHOR01703
BOOK00628,AUTHOR00080
BOOK00628,AUTHOR00337
BOOK00628,AUTHOR01572
BOOK00628,AUTHOR01631
BOOK00629,AUTHOR01761
BOOK00630,AUTHOR02260
BOOK00630,AUTHOR01580
BOOK00630,AUTHOR01142
BOOK00630,AUTHOR01143
BOOK00631,AUTHOR01443
BOOK00632,AUTHOR00438
BOOK00633,AUTHOR00683
BOOK00634,AUTHOR00384
BOOK00635,AUTHOR01862
BOOK00635,AUTHOR01061
BOOK00636,AUTHOR01141
BOOK00637,AUTHOR01292
BOOK00638,AUTHOR01650
BOOK00639,AUTHOR00755
BOOK00640,AUTHOR01133
BOOK00640,AUTHOR02155
BOOK00641,AUTHOR01448
BOOK00642,AUTHOR01759
BOOK00643,AUTHOR00691
BOOK00643,AUTHOR01615
BOOK00644,AUTHOR00316
BOOK00644,AUTHOR01635
BOOK00644,AUTHOR00750
BOOK00645,AUTHOR00683
BOOK00646,AUTHOR01448
BOOK00647,AUTHOR01896
BOOK00647,AUTHOR00332
BOOK00648,AUTHOR01448
BOOK00649,AUTHOR01858
BOOK00650,AUTHOR01759
BOOK00651,AUTHOR02225
BOOK00651,AUTHOR01858
BOOK00651,AUTHOR01039
BOOK00652,AUTHOR00683
BOOK00653,AUTHOR01086
BOOK00653,AUTHOR01643
BOOK00653,AUTHOR00115
BOOK00654,AUTHOR00153
BOOK00655,AUTHOR01759
BOOK00655,AUTHOR01062
BOOK00656,AUTHOR01759
BOOK00656,AUTHOR01062
BOOK00656,AUTHOR00169
BOOK00656,AUTHOR01605
BOOK00657,AUTHOR01552
BOOK00658,AUTHOR01257
BOOK00659,AUTHOR01103
BOOK00660,AUTHOR02054
BOOK00661,AUTHOR00660
BOOK00662,AUTHOR02054
BOOK00663,AUTHOR01856
BOOK00663,AUTHOR00113
BOOK00664,AUTHOR00531
BOOK00664,AUTHOR00781
BOOK00664,AUTHOR01071
BOOK00665,AUTHOR02076
BOOK00666,AUTHOR01522
BOOK00667,AUTHOR01070
BOOK00667,AUTHOR01176
BOOK00668,AUTHOR01176
BOOK00669,AUTHOR01051
BOOK00669,AUTHOR01855
BOOK00669,AUTHOR01467
BOOK00670,AUTHOR01064
BOOK00671,AUTHOR00899
BOOK00672,AUTHOR01064
BOOK00672,AUTHOR00865
BOOK00672,AUTHOR01810
BOOK00673,AUTHOR01538
BOOK00673,AUTHOR00504
BOOK00673,AUTHOR00861
BOOK00674,AUTHOR00345
BOOK00674,AUTHOR00930
BOOK00674,AUTHOR00604
BOOK00675,AUTHOR01807
BOOK00676,AUTHOR00954
BOOK00676,AUTHOR00673
BOOK00677,AUTHOR01841
BOOK00677,AUTHOR02147
BOOK00678,AUTHOR02079
BOOK00678,AUTHOR01386
BOOK00679,AUTHOR00113
BOOK00679,AUTHOR01856
BOOK00680,AUTHOR00546
BOOK00680,AUTHOR00757
BOOK00680,AUTHOR01008
BOOK00680,AUTHOR01681
BOOK00680,AUTHOR01330
BOOK00681,AUTHOR02054
BOOK00681,AUTHOR02159
BOOK00682,AUTHOR00746
BOOK00683,AUTHOR02166
BOOK00684,AUTHOR01118
BOOK00685,AUTHOR01125
BOOK00686,AUTHOR00660
BOOK00687,AUTHOR01521
BOOK00688,AUTHOR01821
BOOK00689,AUTHOR00741
BOOK00690,AUTHOR01019
BOOK00690,AUTHOR01062
BOOK00691,AUTHOR01856
BOOK00692,AUTHOR00378
BOOK00693,AUTHOR01101
BOOK00694,AUTHOR01198
BOOK00695,AUTHOR00498
BOOK00695,AUTHOR01636
BOOK00696,AUTHOR02119
BOOK00697,AUTHOR01176
BOOK00698,AUTHOR01161
BOOK00698,AUTHOR00802
BOOK00699,AUTHOR01282
BOOK00700,AUTHOR01045
BOOK00700,AUTHOR01199
BOOK00700,AUTHOR00077
BOOK00700,AUTHOR02162
BOOK00700,AUTHOR02054
BOOK00701,AUTHOR00899
BOOK00701,AUTHOR00931
BOOK00701,AUTHOR01470
BOOK00702,AUTHOR00786
BOOK00703,AUTHOR00023
BOOK00703,AUTHOR00062
BOOK00704,AUTHOR01540
BOOK00705,AUTHOR01538
BOOK00705,AUTHOR00504
BOOK00705,AUTHOR00861
BOOK00706,AUTHOR01398
BOOK00706,AUTHOR01893
BOOK00706,AUTHOR01967
BOOK00707,AUTHOR00122
BOOK00707,AUTHOR00166
BOOK00708,AUTHOR01463
BOOK00708,AUTHOR01449
BOOK00709,AUTHOR01599
BOOK00709,AUTHOR00734
BOOK00710,AUTHOR01382
BOOK00711,AUTHOR00437
BOOK00712,AUTHOR01037
BOOK00713,AUTHOR00029
BOOK00715,AUTHOR02222
BOOK00716,AUTHOR02007
BOOK00716,AUTHOR02006
BOOK00716,AUTHOR00060
BOOK00717,AUTHOR00761
BOOK00718,AUTHOR00029
BOOK00719,AUTHOR01281
BOOK00720,AUTHOR00964
BOOK00721,AUTHOR00240
BOOK00722,AUTHOR02221
BOOK00723,AUTHOR01670
BOOK00723,AUTHOR01653
BOOK00724,AUTHOR01533
BOOK00724,AUTHOR00014
BOOK00724,AUTHOR01587
BOOK00725,AUTHOR01781
BOOK00726,AUTHOR00445
BOOK00727,AUTHOR01517
BOOK00727,AUTHOR01351
BOOK00727,AUTHOR01445
BOOK00727,AUTHOR00573
BOOK00727,AUTHOR02126
BOOK00727,AUTHOR00577
BOOK00727,AUTHOR02127
BOOK00728,AUTHOR01872
BOOK00729,AUTHOR00842
BOOK00730,AUTHOR01463
BOOK00730,AUTHOR00924
BOOK00731,AUTHOR00821
BOOK00732,AUTHOR00676
BOOK00733,AUTHOR00374
BOOK00734,AUTHOR01844
BOOK00734,AUTHOR00532
BOOK00735,AUTHOR01517
BOOK00735,AUTHOR01518
BOOK00735,AUTHOR01368
BOOK00736,AUTHOR00770
BOOK00737,AUTHOR00964
BOOK00738,AUTHOR00437
BOOK00739,AUTHOR01932
BOOK00739,AUTHOR02107
BOOK00739,AUTHOR00687
BOOK00739,AUTHOR01065
BOOK00740,AUTHOR01555
BOOK00740,AUTHOR00973
BOOK00740,AUTHOR02100
BOOK00740,AUTHOR02209
BOOK00741,AUTHOR00488
BOOK00741,AUTHOR01694
BOOK00742,AUTHOR01502
BOOK00742,AUTHOR00649
BOOK00742,AUTHOR00935
BOOK00742,AUTHOR00342
BOOK00743,AUTHOR01602
BOOK00744,AUTHOR01721
BOOK00745,AUTHOR00126
BOOK00746,AUTHOR00752
BOOK00747,AUTHOR00713
BOOK00747,AUTHOR00200
BOOK00748,AUTHOR01328
BOOK00749,AUTHOR01463
BOOK00750,AUTHOR00894
BOOK00751,AUTHOR00707
BOOK00752,AUTHOR01558
BOOK00753,AUTHOR02123
BOOK00754,AUTHOR00264
BOOK00755,AUTHOR02214
BOOK00756,AUTHOR01683
BOOK00757,AUTHOR02023
BOOK00758,AUTHOR01613
BOOK00759,AUTHOR00971
BOOK00760,AUTHOR01187
BOOK00761,AUTHOR01512
BOOK00762,AUTHOR00560
BOOK00763,AUTHOR01425
BOOK00764,AUTHOR00790
BOOK00765,AUTHOR01566
BOOK00765,AUTHOR01035
BOOK00765,AUTHOR01280
BOOK00766,AUTHOR01930
BOOK00766,AUTHOR02227
BOOK00767,AUTHOR01672
BOOK00767,AUTHOR00788
BOOK00768,AUTHOR01891
BOOK00769,AUTHOR01979
BOOK00770,AUTHOR00971
BOOK00771,AUTHOR01043
BOOK00772,AUTHOR01323
BOOK00773,AUTHOR00503
BOOK00774,AUTHOR02215
BOOK00774,AUTHOR01944
BOOK00775,AUTHOR00479
BOOK00776,AUTHOR00158
BOOK00776,AUTHOR00465
BOOK00777,AUTHOR02144
BOOK00777,AUTHOR01763
BOOK00777,AUTHOR01741
BOOK00777,AUTHOR00299
BOOK00777,AUTHOR01464
BOOK00778,AUTHOR01613
BOOK00779,AUTHOR00816
BOOK00780,AUTHOR01930
BOOK00780,AUTHOR02230
BOOK00780,AUTHOR00343
BOOK00781,AUTHOR01613
BOOK00781,AUTHOR00536
BOOK00782,AUTHOR00866
BOOK00783,AUTHOR02020
BOOK00783,AUTHOR00460
BOOK00783,AUTHOR01531
BOOK00784,AUTHOR01256
BOOK00784,AUTHOR01255
BOOK00784,AUTHOR01107
BOOK00785,AUTHOR00815
BOOK00786,AUTHOR00061
BOOK00787,AUTHOR01492
BOOK00788,AUTHOR01818
BOOK00789,AUTHOR01601
BOOK00790,AUTHOR00967
BOOK00790,AUTHOR02279
BOOK00790,AUTHOR02245
BOOK00791,AUTHOR01626
BOOK00792,AUTHOR01446
BOOK00792,AUTHOR01046
BOOK00793,AUTHOR00971
BOOK00793,AUTHOR00809
BOOK00793,AUTHOR00536
BOOK00793,AUTHOR01613
BOOK00794,AUTHOR01566
BOOK00795,AUTHOR01524
BOOK00796,AUTHOR00071
BOOK00796,AUTHOR01000
BOOK00797,AUTHOR00751
BOOK00798,AUTHOR00708
BOOK00799,AUTHOR01959
BOOK00800,AUTHOR00479
BOOK00800,AUTHOR00509
BOOK00800,AUTHOR02138
BOOK00800,AUTHOR00934
BOOK00800,AUTHOR00869
BOOK00801,AUTHOR01613
BOOK00801,AUTHOR00536
BOOK00802,AUTHOR00846
BOOK00802,AUTHOR01204
BOOK00802,AUTHOR02097
BOOK00802,AUTHOR00046
BOOK00802,AUTHOR01128
BOOK00803,AUTHOR01021
BOOK00804,AUTHOR01757
BOOK00804,AUTHOR00621
BOOK00804,AUTHOR00613
BOOK00804,AUTHOR01655
BOOK00805,AUTHOR00479
BOOK00806,AUTHOR00031
BOOK00807,AUTHOR00794
BOOK00808,AUTHOR02057
BOOK00808,AUTHOR01149
BOOK00809,AUTHOR01372
BOOK00809,AUTHOR00505
BOOK00809,AUTHOR01311
BOOK00809,AUTHOR00038
BOOK00809,AUTHOR01902
BOOK00810,AUTHOR01304
BOOK00811,AUTHOR02134
BOOK00811,AUTHOR01748
BOOK00812,AUTHOR00178
BOOK00812,AUTHOR00288
BOOK00812,AUTHOR02026
BOOK00813,AUTHOR01610
BOOK00814,AUTHOR01859
BOOK00815,AUTHOR01804
BOOK00815,AUTHOR01301
BOOK00815,AUTHOR01815
BOOK00815,AUTHOR01302
BOOK00816,AUTHOR02003
BOOK00817,AUTHOR01952
BOOK00817,AUTHOR01715
BOOK00818,AUTHOR01890
BOOK00818,AUTHOR01889
BOOK00818,AUTHOR01396
BOOK00818,AUTHOR01885
BOOK00818,AUTHOR01916
BOOK00818,AUTHOR01711
BOOK00818,AUTHOR01537
BOOK00819,AUTHOR02229
BOOK00820,AUTHOR01069
BOOK00821,AUTHOR02083
BOOK00822,AUTHOR01392
BOOK00823,AUTHOR01965
BOOK00824,AUTHOR01243
BOOK00824,AUTHOR01708
BOOK00824,AUTHOR01791
BOOK00825,AUTHOR00182
BOOK00826,AUTHOR00605
BOOK00827,AUTHOR00037
BOOK00827,AUTHOR00033
BOOK00827,AUTHOR02250
BOOK00827,AUTHOR00562
BOOK00827,AUTHOR02217
BOOK00827,AUTHOR00563
BOOK00828,AUTHOR01890
BOOK00829,AUTHOR01961
BOOK00829,AUTHOR00143
BOOK00830,AUTHOR00377
BOOK00831,AUTHOR01316
BOOK00832,AUTHOR02253
BOOK00832,AUTHOR01439
BOOK00833,AUTHOR01627
BOOK00834,AUTHOR01907
BOOK00835,AUTHOR01036
BOOK00836,AUTHOR01952
BOOK00836,AUTHOR01715
BOOK00837,AUTHOR01270
BOOK00838,AUTHOR01052
BOOK00839,AUTHOR02246
BOOK00839,AUTHOR02272
BOOK00839,AUTHOR02252
BOOK00840,AUTHOR01168
BOOK00841,AUTHOR01359
BOOK00841,AUTHOR01123
BOOK00842,AUTHOR01225
BOOK00842,AUTHOR00543
BOOK00842,AUTHOR01293
BOOK00843,AUTHOR01068
BOOK00844,AUTHOR00044
BOOK00845,AUTHOR00161
BOOK00845,AUTHOR02278
BOOK00846,AUTHOR01225
BOOK00846,AUTHOR02048
BOOK00846,AUTHOR01224
BOOK00847,AUTHOR01131
BOOK00848,AUTHOR01108
BOOK00849,AUTHOR00638
BOOK00850,AUTHOR02165
BOOK00850,AUTHOR00304
BOOK00850,AUTHOR00962
BOOK00851,AUTHOR00024
BOOK00853,AUTHOR01890
BOOK00853,AUTHOR00015
BOOK00853,AUTHOR00916
BOOK00853,AUTHOR01231
BOOK00854,AUTHOR00659
BOOK00855,AUTHOR02036
BOOK00855,AUTHOR00510
BOOK00856,AUTHOR00409
BOOK00857,AUTHOR02188
BOOK00857,AUTHOR00911
BOOK00857,AUTHOR00913
BOOK00857,AUTHOR02174
BOOK00858,AUTHOR00416
BOOK00859,AUTHOR00409
BOOK00860,AUTHOR00336
BOOK00861,AUTHOR01677
BOOK00862,AUTHOR01173
BOOK00863,AUTHOR00336
BOOK00864,AUTHOR02226
BOOK00865,AUTHOR00409
BOOK00866,AUTHOR02188
BOOK00867,AUTHOR00917
BOOK00868,AUTHOR01284
BOOK00869,AUTHOR00714
BOOK00870,AUTHOR00608
BOOK00871,AUTHOR00409
BOOK00871,AUTHOR00124
BOOK00871,AUTHOR01790
BOOK00872,AUTHOR00977
BOOK00873,AUTHOR02111
BOOK00874,AUTHOR01730
BOOK00874,AUTHOR01788
BOOK00875,AUTHOR00320
BOOK00876,AUTHOR01500
BOOK00877,AUTHOR02074
BOOK00878,AUTHOR02021
BOOK00879,AUTHOR02188
BOOK00880,AUTHOR00783
BOOK00881,AUTHOR00917
BOOK00882,AUTHOR00769
BOOK00883,AUTHOR01498
BOOK00884,AUTHOR00036
BOOK00885,AUTHOR00779
BOOK00886,AUTHOR00356
BOOK00886,AUTHOR01630
BOOK00887,AUTHOR00773
BOOK00888,AUTHOR00407
BOOK00889,AUTHOR00882
BOOK00890,AUTHOR01286
BOOK00891,AUTHOR00607
BOOK00892,AUTHOR01513
BOOK00893,AUTHOR01100
BOOK00893,AUTHOR01429
BOOK00894,AUTHOR00336
BOOK00895,AUTHOR00606
BOOK00896,AUTHOR00409
BOOK00897,AUTHOR00408
BOOK00898,AUTHOR01338
BOOK00899,AUTHOR01924
BOOK00900,AUTHOR00617
BOOK00901,AUTHOR00428
BOOK00901,AUTHOR00690
BOOK00902,AUTHOR01033
BOOK00902,AUTHOR01908
BOOK00903,AUTHOR02196
BOOK00904,AUTHOR00808
BOOK00905,AUTHOR00409
BOOK00905,AUTHOR01790
BOOK00905,AUTHOR00124
BOOK00906,AUTHOR00069
BOOK00907,AUTHOR01637
BOOK00908,AUTHOR01010
BOOK00908,AUTHOR01060
BOOK00909,AUTHOR01179
BOOK00909,AUTHOR01499
BOOK00910,AUTHOR01318
BOOK00911,AUTHOR01357
BOOK00912,AUTHOR01357
BOOK00913,AUTHOR01179
BOOK00913,AUTHOR01819
BOOK00914,AUTHOR01501
BOOK00915,AUTHOR00360
BOOK00915,AUTHOR01238
BOOK00915,AUTHOR00532
BOOK00916,AUTHOR00294
BOOK00916,AUTHOR02001
BOOK00916,AUTHOR00351
BOOK00916,AUTHOR00361
BOOK00916,AUTHOR00094
BOOK00917,AUTHOR00887
BOOK00918,AUTHOR00813
BOOK00919,AUTHOR02010
BOOK00919,AUTHOR00390
BOOK00920,AUTHOR01651
BOOK00920,AUTHOR01652
BOOK00921,AUTHOR00056
BOOK00921,AUTHOR00620
BOOK00922,AUTHOR01637
BOOK00923,AUTHOR00822
BOOK00924,AUTHOR02040
BOOK00924,AUTHOR01871
BOOK00925,AUTHOR00277
BOOK00925,AUTHOR00830
BOOK00926,AUTHOR01608
BOOK00926,AUTHOR01882
BOOK00927,AUTHOR00991
BOOK00927,AUTHOR01705
BOOK00927,AUTHOR00620
BOOK00927,AUTHOR00056
BOOK00928,AUTHOR00482
BOOK00928,AUTHOR00526
BOOK00929,AUTHOR01953
BOOK00930,AUTHOR02202
BOOK00931,AUTHOR02084
BOOK00932,AUTHOR01661
BOOK00933,AUTHOR00484
BOOK00934,AUTHOR01336
BOOK00935,AUTHOR01751
BOOK00936,AUTHOR01829
BOOK00937,AUTHOR00753
BOOK00937,AUTHOR00656
BOOK00938,AUTHOR01752
BOOK00938,AUTHOR00765
BOOK00939,AUTHOR01232
BOOK00940,AUTHOR01093
BOOK00940,AUTHOR00421
BOOK00940,AUTHOR01638
BOOK00941,AUTHOR00001
BOOK00941,AUTHOR00561
BOOK00942,AUTHOR00588
BOOK00943,AUTHOR02175
BOOK00943,AUTHOR00667
BOOK00944,AUTHOR02203
BOOK00944,AUTHOR00492
BOOK00945,AUTHOR01609
BOOK00946,AUTHOR01826
BOOK00947,AUTHOR00695
BOOK00948,AUTHOR01594
BOOK00948,AUTHOR02269
BOOK00948,AUTHOR01233
BOOK00949,AUTHOR00774
BOOK00949,AUTHOR02236
BOOK00949,AUTHOR00804
BOOK00950,AUTHOR01495
BOOK00950,AUTHOR01595
BOOK00950,AUTHOR00022
BOOK00950,AUTHOR00096
BOOK00951,AUTHOR00639
BOOK00952,AUTHOR01811
BOOK00953,AUTHOR01988
BOOK00954,AUTHOR00049
BOOK00955,AUTHOR01864
BOOK00956,AUTHOR01246
BOOK00957,AUTHOR02191
BOOK00958,AUTHOR01310
BOOK00959,AUTHOR02181
BOOK00960,AUTHOR01024
BOOK00961,AUTHOR02187
BOOK00962,AUTHOR00138
BOOK00963,AUTHOR00997
BOOK00964,AUTHOR00559
BOOK00965,AUTHOR01409
BOOK00966,AUTHOR01746
BOOK00967,AUTHOR02067
BOOK00968,AUTHOR02190
BOOK00969,AUTHOR01084
BOOK00970,AUTHOR00970
BOOK00971,AUTHOR01085
BOOK00972,AUTHOR00847
BOOK00973,AUTHOR01236
BOOK00974,AUTHOR00709
BOOK00975,AUTHOR01478
BOOK00976,AUTHOR01322
BOOK00977,AUTHOR00222
BOOK00978,AUTHOR00960
BOOK00979,AUTHOR00414
BOOK00980,AUTHOR01830
BOOK00981,AUTHOR00410
BOOK00982,AUTHOR00631
BOOK00983,AUTHOR01571
BOOK00984,AUTHOR02263
BOOK00985,AUTHOR01789
BOOK00986,AUTHOR00011
BOOK00987,AUTHOR00664
BOOK00988,AUTHOR00615
BOOK00989,AUTHOR01254
BOOK00990,AUTHOR00694
BOOK00991,AUTHOR00603
BOOK00992,AUTHOR01406
BOOK00993,AUTHOR02067
BOOK00994,AUTHOR01998
BOOK00995,AUTHOR01456
BOOK00996,AUTHOR00693
BOOK00997,AUTHOR01547
BOOK00998,AUTHOR01082
BOOK00999,AUTHOR01177
BOOK01000,AUTHOR00201
BOOK01001,AUTHOR00602
BOOK01002,AUTHOR00087
BOOK01003,AUTHOR02008
BOOK01004,AUTHOR00381
BOOK01005,AUTHOR01656
BOOK01006,AUTHOR02072
BOOK01007,AUTHOR00490
BOOK01008,AUTHOR00524
BOOK01009,AUTHOR00162
BOOK01010,AUTHOR02211
BOOK01011,AUTHOR00282
BOOK01012,AUTHOR01426
BOOK01013,AUTHOR00393
BOOK01014,AUTHOR02137
BOOK01015,AUTHOR01158
BOOK01016,AUTHOR00514
BOOK01017,AUTHOR00867
BOOK01018,AUTHOR00851
BOOK01019,AUTHOR00880
BOOK01020,AUTHOR02014
BOOK01021,AUTHOR02182
BOOK01022,AUTHOR01964
BOOK01023,AUTHOR00453
BOOK01024,AUTHOR01755
BOOK01025,AUTHOR00340
BOOK01026,AUTHOR00590
BOOK01027,AUTHOR01042
BOOK01028,AUTHOR01151
BOOK01029,AUTHOR01754
BOOK01030,AUTHOR01778
BOOK01031,AUTHOR00684
BOOK01032,AUTHOR00817
BOOK01033,AUTHOR02146
BOOK01034,AUTHOR00458
BOOK01035,AUTHOR02199
BOOK01036,AUTHOR00530
BOOK01037,AUTHOR01786
BOOK01038,AUTHOR02044
BOOK01039,AUTHOR00825
BOOK01040,AUTHOR01046
BOOK01041,AUTHOR00796
BOOK01042,AUTHOR01936
BOOK01043,AUTHOR00307
BOOK01044,AUTHOR00951
BOOK01045,AUTHOR00996
BOOK01046,AUTHOR02112
BOOK01047,AUTHOR00205
BOOK01048,AUTHOR01490
BOOK01049,AUTHOR00928
BOOK01050,AUTHOR00168
BOOK01051,AUTHOR01503
BOOK01052,AUTHOR01453
BOOK01053,AUTHOR00372
BOOK01054,AUTHOR01486
BOOK01055,AUTHOR00359
BOOK01056,AUTHOR00380
BOOK01057,AUTHOR00921
BOOK01058,AUTHOR00758
BOOK01059,AUTHOR00101
BOOK01060,AUTHOR02032
BOOK01061,AUTHOR00239
BOOK01062,AUTHOR00160
BOOK01063,AUTHOR00151
BOOK01064,AUTHOR01317
BOOK01065,AUTHOR00876
BOOK01066,AUTHOR01424
BOOK01067,AUTHOR02244
BOOK01068,AUTHOR01526
BOOK01069,AUTHOR00807
BOOK01070,AUTHOR01088
BOOK01071,AUTHOR02153
BOOK01072,AUTHOR00376
BOOK01073,AUTHOR00335
BOOK01074,AUTHOR01090
BOOK01075,AUTHOR01712
BOOK01076,AUTHOR00053
BOOK01077,AUTHOR01984
BOOK01078,AUTHOR01795
BOOK01079,AUTHOR01886
BOOK01080,AUTHOR01718
BOOK01081,AUTHOR02248
BOOK01082,AUTHOR01994
BOOK01083,AUTHOR00628
BOOK01084,AUTHOR02178
BOOK01085,AUTHOR02078
BOOK01086,AUTHOR01743
BOOK01087,AUTHOR00915
BOOK01088,AUTHOR00469
BOOK01089,AUTHOR00142
BOOK01090,AUTHOR01923
BOOK01091,AUTHOR01923
BOOK01092,AUTHOR00950
BOOK01093,AUTHOR00455
BOOK01094,AUTHOR00618
BOOK01095,AUTHOR00900
BOOK01096,AUTHOR00459
BOOK01097,AUTHOR01374
BOOK01098,AUTHOR00107
BOOK01099,AUTHOR01290
BOOK01100,AUTHOR00508
BOOK01101,AUTHOR01017
BOOK01102,AUTHOR00186
BOOK01103,AUTHOR01345
BOOK01104,AUTHOR00792
BOOK01105,AUTHOR00297
BOOK01106,AUTHOR00643
BOOK01107,AUTHOR00103
BOOK01108,AUTHOR00425
BOOK01109,AUTHOR00017
BOOK01110,AUTHOR00315
BOOK01111,AUTHOR00247
BOOK01112,AUTHOR00208
BOOK01113,AUTHOR01898
BOOK01114,AUTHOR00368
BOOK01115,AUTHOR01509
BOOK01116,AUTHOR00570
BOOK01117,AUTHOR01914
BOOK01118,AUTHOR02243
BOOK01119,AUTHOR00966
BOOK01120,AUTHOR00270
BOOK01121,AUTHOR00399
BOOK01122,AUTHOR00123
BOOK01123,AUTHOR00632
BOOK01124,AUTHOR01442
BOOK01125,AUTHOR01441
BOOK01126,AUTHOR01955
BOOK01127,AUTHOR00289
BOOK01128,AUTHOR01496
BOOK01129,AUTHOR01765
BOOK01130,AUTHOR01838
BOOK01131,AUTHOR01346
BOOK01132,AUTHOR01562
BOOK01133,AUTHOR00327
BOOK01134,AUTHOR02151
BOOK01135,AUTHOR01491
BOOK01136,AUTHOR00259
BOOK01137,AUTHOR01633
BOOK01138,AUTHOR00739
BOOK01139,AUTHOR00397
BOOK01140,AUTHOR01820
BOOK01141,AUTHOR00440
BOOK01142,AUTHOR00012
BOOK01143,AUTHOR01259
BOOK01144,AUTHOR01209
BOOK01145,AUTHOR01600
BOOK01146,AUTHOR01237
BOOK01147,AUTHOR00283
BOOK01148,AUTHOR00404
BOOK01149,AUTHOR00811
BOOK01150,AUTHOR01252
BOOK01151,AUTHOR00121
BOOK01152,AUTHOR00114
BOOK01153,AUTHOR00370
BOOK01154,AUTHOR01987
BOOK01155,AUTHOR02071
BOOK01156,AUTHOR00633
BOOK01157,AUTHOR00975
BOOK01158,AUTHOR00929
BOOK01159,AUTHOR01935
BOOK01160,AUTHOR01120
BOOK01161,AUTHOR00313
BOOK01162,AUTHOR00988
BOOK01163,AUTHOR01874
BOOK01164,AUTHOR02179
BOOK01165,AUTHOR01839
BOOK01166,AUTHOR00346
BOOK01167,AUTHOR01997
BOOK01168,AUTHOR01910
BOOK01169,AUTHOR02058
BOOK01170,AUTHOR00287
BOOK01171,AUTHOR00701
BOOK01172,AUTHOR00711
BOOK01173,AUTHOR00196
BOOK01174,AUTHOR00331
BOOK01175,AUTHOR00705
BOOK01176,AUTHOR01466
BOOK01177,AUTHOR01809
BOOK01178,AUTHOR00411
BOOK01179,AUTHOR00348
BOOK01180,AUTHOR00529
BOOK01181,AUTHOR01381
BOOK01182,AUTHOR01926
BOOK01183,AUTHOR00045
BOOK01184,AUTHOR01926
BOOK01185,AUTHOR01291
BOOK01186,AUTHOR02197
BOOK01187,AUTHOR01857
BOOK01188,AUTHOR01422
BOOK01189,AUTHOR00912
BOOK01190,AUTHOR01091
BOOK01191,AUTHOR00933
BOOK01192,AUTHOR00286
BOOK01193,AUTHOR01675
BOOK01194,AUTHOR01219
BOOK01195,AUTHOR02140
BOOK01196,AUTHOR01388
BOOK01197,AUTHOR00353
BOOK01198,AUTHOR00040
BOOK01199,AUTHOR01904
BOOK01200,AUTHOR01507
BOOK01201,AUTHOR02259
BOOK01202,AUTHOR01919
BOOK01203,AUTHOR01159
BOOK01204,AUTHOR00055
BOOK01205,AUTHOR01536
BOOK01206,AUTHOR01081
BOOK01207,AUTHOR01078
BOOK01208,AUTHOR01307
BOOK01209,AUTHOR00910
BOOK01210,AUTHOR01078
BOOK01211,AUTHOR01078
BOOK01212,AUTHOR01079
BOOK01213,AUTHOR00192
BOOK01214,AUTHOR01845
BOOK01215,AUTHOR00564
BOOK01216,AUTHOR00614
BOOK01217,AUTHOR00678
BOOK01218,AUTHOR01861
BOOK01219,AUTHOR00653
BOOK01220,AUTHOR01294
BOOK01221,AUTHOR00082
BOOK01222,AUTHOR00637
BOOK01223,AUTHOR00476
BOOK01224,AUTHOR01774
BOOK01225,AUTHOR01321
BOOK01226,AUTHOR00176
BOOK01227,AUTHOR00233
BOOK01228,AUTHOR00355
BOOK01229,AUTHOR00848
BOOK01230,AUTHOR02027
BOOK01231,AUTHOR00974
BOOK01232,AUTHOR00199
BOOK01233,AUTHOR01367
BOOK01234,AUTHOR01716
BOOK01235,AUTHOR02154
BOOK01236,AUTHOR00845
BOOK01237,AUTHOR01440
BOOK01238,AUTHOR02051
BOOK01239,AUTHOR01343
BOOK01240,AUTHOR01616
BOOK01241,AUTHOR00291
BOOK01242,AUTHOR00246
BOOK01243,AUTHOR01814
BOOK01244,AUTHOR01740
BOOK01245,AUTHOR01410
BOOK01246,AUTHOR02002
BOOK01247,AUTHOR02210
BOOK01248,AUTHOR00234
BOOK01249,AUTHOR00131
BOOK01250,AUTHOR00948
BOOK01251,AUTHOR01764
BOOK01252,AUTHOR01211
BOOK01253,AUTHOR00420
BOOK01254,AUTHOR00513
BOOK01255,AUTHOR02195
BOOK01256,AUTHOR01824
BOOK01257,AUTHOR02039
BOOK01258,AUTHOR00273
BOOK01259,AUTHOR00261
BOOK01260,AUTHOR01913
BOOK01261,AUTHOR00148
BOOK01262,AUTHOR01418
BOOK01263,AUTHOR00772
BOOK01264,AUTHOR01846
BOOK01265,AUTHOR01560
BOOK01266,AUTHOR01469
BOOK01267,AUTHOR00696
BOOK01268,AUTHOR00624
BOOK01269,AUTHOR01356
BOOK01270,AUTHOR01586
BOOK01271,AUTHOR01113
BOOK01272,AUTHOR00430
BOOK01273,AUTHOR01183
BOOK01274,AUTHOR00470
BOOK01275,AUTHOR01217
BOOK01276,AUTHOR01641
BOOK01277,AUTHOR00179
BOOK01278,AUTHOR00243
BOOK01279,AUTHOR02265
BOOK01280,AUTHOR01668
BOOK01281,AUTHOR00398
BOOK01282,AUTHOR00054
BOOK01283,AUTHOR01433
BOOK01284,AUTHOR01584
BOOK01285,AUTHOR00946
BOOK01286,AUTHOR00013
BOOK01287,AUTHOR01659
BOOK01288,AUTHOR01921
BOOK01289,AUTHOR00952
BOOK01290,AUTHOR00367
BOOK01291,AUTHOR00387
BOOK01292,AUTHOR01925
BOOK01293,AUTHOR00422
BOOK01294,AUTHOR01676
BOOK01295,AUTHOR01905
BOOK01296,AUTHOR02093
BOOK01297,AUTHOR01954
BOOK01298,AUTHOR00154
BOOK01299,AUTHOR02000
BOOK01300,AUTHOR01227
BOOK01301,AUTHOR00317
BOOK01302,AUTHOR00558
BOOK01303,AUTHOR01066
BOOK01304,AUTHOR02128
BOOK01305,AUTHOR01459
BOOK01306,AUTHOR01175
BOOK01307,AUTHOR00417
BOOK01308,AUTHOR02103
BOOK01309,AUTHOR01412
BOOK01310,AUTHOR00487
BOOK01311,AUTHOR01884
BOOK01312,AUTHOR00102
BOOK01313,AUTHOR00217
BOOK01314,AUTHOR00961
BOOK01315,AUTHOR01215
BOOK01316,AUTHOR00798
BOOK01317,AUTHOR01055
BOOK01318,AUTHOR00472
BOOK01319,AUTHOR00686
BOOK01320,AUTHOR01481
BOOK01321,AUTHOR01985
BOOK01322,AUTHOR00330
BOOK01323,AUTHOR00048
BOOK01324,AUTHOR02065
BOOK01325,AUTHOR02204
BOOK01326,AUTHOR01295
BOOK01327,AUTHOR00449
BOOK01328,AUTHOR01497
BOOK01329,AUTHOR01164
BOOK01330,AUTHOR00382
BOOK01331,AUTHOR01480
BOOK01332,AUTHOR00051
BOOK01333,AUTHOR01080
BOOK01334,AUTHOR02118
BOOK01335,AUTHOR00223
BOOK01336,AUTHOR01840
BOOK01337,AUTHOR00242
BOOK01338,AUTHOR00611
BOOK01339,AUTHOR00731
BOOK01340,AUTHOR01185
BOOK01341,AUTHOR01875
BOOK01342,AUTHOR01326
BOOK01343,AUTHOR00500
BOOK01344,AUTHOR01981
BOOK01345,AUTHOR01140
BOOK01346,AUTHOR01092
BOOK01347,AUTHOR00591
BOOK01348,AUTHOR00627
BOOK01349,AUTHOR00896
BOOK01350,AUTHOR02194
BOOK01351,AUTHOR00749
BOOK01352,AUTHOR00325
BOOK01353,AUTHOR00424
BOOK01354,AUTHOR01184
BOOK01355,AUTHOR01767
BOOK01356,AUTHOR02038
BOOK01357,AUTHOR00412
BOOK01358,AUTHOR01588
BOOK01359,AUTHOR01591
BOOK01360,AUTHOR02161
BOOK01361,AUTHOR01397
BOOK01362,AUTHOR00501
BOOK01363,AUTHOR00766
BOOK01364,AUTHOR00098
BOOK01365,AUTHOR00329
BOOK01366,AUTHOR01939
BOOK01367,AUTHOR00309
BOOK01368,AUTHOR01296
BOOK01369,AUTHOR01335
BOOK01370,AUTHOR00775
BOOK01371,AUTHOR00386
BOOK01372,AUTHOR00516
BOOK01373,AUTHOR00088
BOOK01374,AUTHOR02068
BOOK01375,AUTHOR01593
BOOK01376,AUTHOR00878
BOOK01377,AUTHOR01165
BOOK01378,AUTHOR00703
BOOK01379,AUTHOR01407
BOOK01380,AUTHOR00959
BOOK01381,AUTHOR00352
BOOK01382,AUTHOR00137
BOOK01383,AUTHOR01497
BOOK01384,AUTHOR01462
BOOK01385,AUTHOR01957
BOOK01386,AUTHOR00198
BOOK01387,AUTHOR01022
BOOK01388,AUTHOR01985
BOOK01389,AUTHOR01836
BOOK01390,AUTHOR00672
BOOK01391,AUTHOR01973
BOOK01392,AUTHOR01690
BOOK01393,AUTHOR01139
BOOK01394,AUTHOR00827
BOOK01395,AUTHOR00165
BOOK01396,AUTHOR01917
BOOK01397,AUTHOR00106
BOOK01398,AUTHOR01766
BOOK01399,AUTHOR02024
BOOK01400,AUTHOR00109
BOOK01401,AUTHOR01277
BOOK01402,AUTHOR01549
BOOK01403,AUTHOR00290
BOOK01404,AUTHOR00321
BOOK01405,AUTHOR01582
BOOK01406,AUTHOR01658
BOOK01407,AUTHOR01827
BOOK01408,AUTHOR01915
BOOK01409,AUTHOR01169
BOOK01410,AUTHOR00726
BOOK01411,AUTHOR01866
BOOK01412,AUTHOR00858
BOOK01413,AUTHOR00180
BOOK01414,AUTHOR00078
BOOK01415,AUTHOR00347
BOOK01416,AUTHOR01087
BOOK01417,AUTHOR00413
BOOK01418,AUTHOR01135
BOOK01419,AUTHOR01770
BOOK01420,AUTHOR00539
BOOK01421,AUTHOR00539
BOOK01422,AUTHOR00539
BOOK01423,AUTHOR00209
BOOK01424,AUTHOR01220
BOOK01425,AUTHOR02171
BOOK01426,AUTHOR02160
BOOK01427,AUTHOR02075
BOOK01428,AUTHOR00100
BOOK01429,AUTHOR01550
BOOK01430,AUTHOR01847
BOOK01431,AUTHOR01145
BOOK01432,AUTHOR01030
BOOK01433,AUTHOR02022
BOOK01434,AUTHOR01156
BOOK01435,AUTHOR02264
BOOK01436,AUTHOR00539
BOOK01437,AUTHOR01822
BOOK01438,AUTHOR00081
BOOK01439,AUTHOR02156
BOOK01440,AUTHOR01152
BOOK01441,AUTHOR01111
BOOK01442,AUTHOR01030
BOOK01443,AUTHOR01007
BOOK01444,AUTHOR00551
BOOK01445,AUTHOR00183
BOOK01446,AUTHOR00266
BOOK01447,AUTHOR00986
BOOK01448,AUTHOR00401
BOOK01449,AUTHOR01289
BOOK01450,AUTHOR02189
BOOK01451,AUTHOR01235
BOOK01452,AUTHOR00135
BOOK01453,AUTHOR00645
BOOK01454,AUTHOR01312
BOOK01455,AUTHOR00947
BOOK01456,AUTHOR01717
BOOK01457,AUTHOR00456
BOOK01458,AUTHOR01843
BOOK01459,AUTHOR00799
BOOK01460,AUTHOR01793
BOOK01461,AUTHOR02077
BOOK01462,AUTHOR02228
BOOK01463,AUTHOR00063
BOOK01464,AUTHOR00898
BOOK01465,AUTHOR01554
BOOK01466,AUTHOR01900
BOOK01467,AUTHOR00936
BOOK01468,AUTHOR01756
BOOK01469,AUTHOR00990
BOOK01470,AUTHOR00972
BOOK01471,AUTHOR00616
BOOK01472,AUTHOR00953
BOOK01473,AUTHOR00144
BOOK01474,AUTHOR00515
BOOK01475,AUTHOR00212
BOOK01476,AUTHOR01380
BOOK01477,AUTHOR01977
BOOK01478,AUTHOR00650
BOOK01479,AUTHOR02242
BOOK01480,AUTHOR00086
BOOK01481,AUTHOR00139
BOOK01482,AUTHOR00903
BOOK01483,AUTHOR01666
BOOK01484,AUTHOR00787
BOOK01485,AUTHOR00358
BOOK01486,AUTHOR01189
BOOK01487,AUTHOR02063
BOOK01488,AUTHOR01370
BOOK01489,AUTHOR00175
BOOK01490,AUTHOR00226
BOOK01491,AUTHOR00795
BOOK01492,AUTHOR01596
BOOK01493,AUTHOR01419
BOOK01494,AUTHOR01475
BOOK01495,AUTHOR00203
BOOK01496,AUTHOR00350
BOOK01497,AUTHOR01205
BOOK01498,AUTHOR00211
BOOK01499,AUTHOR02183
BOOK01500,AUTHOR02090
BOOK01501,AUTHOR01525
BOOK01502,AUTHOR01527
BOOK01503,AUTHOR01329
BOOK01504,AUTHOR01324
BOOK01505,AUTHOR01408
BOOK01506,AUTHOR01315
BOOK01507,AUTHOR01190
BOOK01508,AUTHOR01222
BOOK01509,AUTHOR01003
BOOK01510,AUTHOR01956
BOOK01511,AUTHOR01020
BOOK01512,AUTHOR01402
BOOK01513,AUTHOR00572
BOOK01514,AUTHOR00328
BOOK01515,AUTHOR01341
BOOK01516,AUTHOR01347
BOOK01517,AUTHOR01348
BOOK01518,AUTHOR00989
BOOK01519,AUTHOR01606
BOOK01520,AUTHOR01701
BOOK01521,AUTHOR01271
BOOK01522,AUTHOR00300
BOOK01523,AUTHOR00308
BOOK01524,AUTHOR00665
BOOK01525,AUTHOR01138
BOOK01526,AUTHOR01285
BOOK01527,AUTHOR00670
BOOK01528,AUTHOR00736
BOOK01529,AUTHOR00052
BOOK01530,AUTHOR00019
BOOK01531,AUTHOR00334
BOOK01532,AUTHOR01980
BOOK01533,AUTHOR00884
BOOK01534,AUTHOR01383
BOOK01535,AUTHOR00019
BOOK01536,AUTHOR00452
BOOK01537,AUTHOR02257
BOOK01538,AUTHOR00414
BOOK01539,AUTHOR00742
BOOK01540,AUTHOR01223
BOOK01541,AUTHOR01403
BOOK01542,AUTHOR01574
BOOK01543,AUTHOR01332
BOOK01544,AUTHOR01812
BOOK01545,AUTHOR01647
BOOK01546,AUTHOR00483
BOOK01547,AUTHOR00229
BOOK01548,AUTHOR02167
BOOK01549,AUTHOR00079
BOOK01550,AUTHOR00357
BOOK01551,AUTHOR00587
BOOK01552,AUTHOR02281
BOOK01553,AUTHOR01489
BOOK01554,AUTHOR02237
BOOK01555,AUTHOR01539
BOOK01556,AUTHOR00748
BOOK01557,AUTHOR01337
BOOK01558,AUTHOR01553
BOOK01559,AUTHOR01514
BOOK01560,AUTHOR01737
BOOK01561,AUTHOR00495
BOOK01562,AUTHOR01488
BOOK01563,AUTHOR00391
BOOK01564,AUTHOR00443
BOOK01565,AUTHOR01928
BOOK01566,AUTHOR01030
BOOK01567,AUTHOR00784
BOOK01568,AUTHOR00298
BOOK01569,AUTHOR01976
BOOK01570,AUTHOR01150
BOOK01571,AUTHOR00547
BOOK01572,AUTHOR01202
BOOK01573,AUTHOR01528
BOOK01574,AUTHOR01077
BOOK01575,AUTHOR00980
BOOK01576,AUTHOR01854
BOOK01577,AUTHOR01640
BOOK01578,AUTHOR01657
BOOK01579,AUTHOR00657
BOOK01580,AUTHOR01642
BOOK01581,AUTHOR00826
BOOK01582,AUTHOR01001
BOOK01583,AUTHOR00265
BOOK01584,AUTHOR00870
BOOK01585,AUTHOR00940
BOOK01586,AUTHOR01704
BOOK01587,AUTHOR00181
BOOK01588,AUTHOR01773
BOOK01589,AUTHOR02052
BOOK01590,AUTHOR00090
BOOK01591,AUTHOR02220
BOOK01592,AUTHOR00163
BOOK01593,AUTHOR01430
BOOK01594,AUTHOR00800
BOOK01595,AUTHOR01109
BOOK01596,AUTHOR02087
BOOK01597,AUTHOR01283
BOOK01598,AUTHOR02096
BOOK01599,AUTHOR01414
BOOK01600,AUTHOR00105
BOOK01601,AUTHOR00883
BOOK01602,AUTHOR02042
BOOK01603,AUTHOR02059
BOOK01604,AUTHOR01182
BOOK01605,AUTHOR01378
BOOK01606,AUTHOR00252
BOOK01607,AUTHOR00083
BOOK01608,AUTHOR02132
BOOK01609,AUTHOR00554
BOOK01610,AUTHOR00042
BOOK01611,AUTHOR00164
BOOK01612,AUTHOR00902
BOOK01613,AUTHOR01726
BOOK01614,AUTHOR01920
BOOK01615,AUTHOR01461
BOOK01616,AUTHOR01978
BOOK01617,AUTHOR00149
BOOK01618,AUTHOR02018
BOOK01619,AUTHOR02060
BOOK01620,AUTHOR02064
BOOK01621,AUTHOR00216
BOOK01622,AUTHOR00034
BOOK01623,AUTHOR01934
BOOK01624,AUTHOR01769
BOOK01625,AUTHOR02106
BOOK01626,AUTHOR01025
BOOK01627,AUTHOR00427
BOOK01628,AUTHOR00885
BOOK01629,AUTHOR01508
BOOK01630,AUTHOR00432
BOOK01631,AUTHOR00833
BOOK01632,AUTHOR00293
BOOK01633,AUTHOR00214
BOOK01634,AUTHOR01272
BOOK01635,AUTHOR00568
BOOK01636,AUTHOR01817
BOOK01637,AUTHOR00095
BOOK01638,AUTHOR01067
BOOK01639,AUTHOR01639
BOOK01640,AUTHOR00260
BOOK01641,AUTHOR00944
BOOK01642,AUTHOR00923
BOOK01643,AUTHOR02015
BOOK01644,AUTHOR02200
BOOK01645,AUTHOR02028
BOOK01646,AUTHOR00926
BOOK01647,AUTHOR01114
BOOK01648,AUTHOR01361
BOOK01649,AUTHOR00895
BOOK01650,AUTHOR01857
BOOK01651,AUTHOR01604
BOOK01652,AUTHOR01411
BOOK01653,AUTHOR01776
BOOK01654,AUTHOR00400
BOOK01655,AUTHOR02232
BOOK01656,AUTHOR00219
BOOK01657,AUTHOR00231
BOOK01658,AUTHOR00518
BOOK01659,AUTHOR01645
BOOK01660,AUTHOR01361
BOOK01661,AUTHOR01206
BOOK01662,AUTHOR01287
BOOK01663,AUTHOR00047
BOOK01664,AUTHOR00674
BOOK01665,AUTHOR00720
BOOK01666,AUTHOR01922
BOOK01667,AUTHOR00886
BOOK01668,AUTHOR00429
BOOK01669,AUTHOR00727
BOOK01670,AUTHOR00685
BOOK01671,AUTHOR01546
BOOK01672,AUTHOR00207
BOOK01673,AUTHOR00431
BOOK01674,AUTHOR00215
BOOK01675,AUTHOR01095
BOOK01676,AUTHOR00747
BOOK01677,AUTHOR01136
BOOK01678,AUTHOR01796
BOOK01679,AUTHOR01258
BOOK01680,AUTHOR01362
BOOK01681,AUTHOR00782
BOOK01682,AUTHOR00092
BOOK01683,AUTHOR01098
BOOK01684,AUTHOR01731
BOOK01685,AUTHOR00542
BOOK01686,AUTHOR00852
BOOK01687,AUTHOR00362
BOOK01688,AUTHOR01974
BOOK01689,AUTHOR00566
BOOK01690,AUTHOR01792
BOOK01691,AUTHOR01438
BOOK01692,AUTHOR01460
BOOK01693,AUTHOR00497
BOOK01694,AUTHOR00224
BOOK01695,AUTHOR01431
BOOK01696,AUTHOR01251
BOOK01697,AUTHOR00965
BOOK01698,AUTHOR02080
BOOK01699,AUTHOR00579
BOOK01700,AUTHOR01940
BOOK01701,AUTHOR01444
BOOK01702,AUTHOR00507
BOOK01703,AUTHOR01941
BOOK01704,AUTHOR00241
BOOK01705,AUTHOR00285
BOOK01706,AUTHOR00258
BOOK01707,AUTHOR01972
BOOK01708,AUTHOR01004
BOOK01709,AUTHOR01477
BOOK01710,AUTHOR02061
BOOK01711,AUTHOR01228
BOOK01712,AUTHOR01483
BOOK01713,AUTHOR00957
BOOK01714,AUTHOR01622
BOOK01715,AUTHOR01548
BOOK01716,AUTHOR00893
BOOK01717,AUTHOR01654
BOOK01718,AUTHOR01160
BOOK01719,AUTHOR00383
BOOK01720,AUTHOR01747
BOOK01721,AUTHOR01551
BOOK01722,AUTHOR00478
BOOK01723,AUTHOR00474
BOOK01724,AUTHOR01738
BOOK01725,AUTHOR01112
BOOK01726,AUTHOR01739
BOOK01727,AUTHOR01250
BOOK01728,AUTHOR02105
BOOK01729,AUTHOR00177
BOOK01730,AUTHOR00597
BOOK01731,AUTHOR01881
BOOK01732,AUTHOR00984
BOOK01733,AUTHOR01399
BOOK01734,AUTHOR00569
BOOK01735,AUTHOR01320
BOOK01736,AUTHOR01344
BOOK01737,AUTHOR01625
BOOK01738,AUTHOR01365
BOOK01739,AUTHOR00455
BOOK01740,AUTHOR01749
BOOK01741,AUTHOR02233
BOOK01742,AUTHOR00085
BOOK01743,AUTHOR01614
BOOK01744,AUTHOR02241
BOOK01745,AUTHOR01331
BOOK01746,AUTHOR00592
BOOK01747,AUTHOR02216
BOOK01748,AUTHOR00306
BOOK01749,AUTHOR01178
BOOK01750,AUTHOR01624
BOOK01751,AUTHOR01511
BOOK01752,AUTHOR00776
BOOK01753,AUTHOR01771
BOOK01754,AUTHOR00648
BOOK01755,AUTHOR01530
BOOK01756,AUTHOR00719
BOOK01757,AUTHOR00768
BOOK01758,AUTHOR00065
BOOK01759,AUTHOR01130
BOOK01760,AUTHOR01878
BOOK01761,AUTHOR01073
BOOK01762,AUTHOR00473
BOOK01763,AUTHOR01938
BOOK01764,AUTHOR01825
BOOK01765,AUTHOR02277
BOOK01766,AUTHOR00027
BOOK01767,AUTHOR02172
BOOK01768,AUTHOR01710
BOOK01769,AUTHOR00202
BOOK01770,AUTHOR02208
BOOK01771,AUTHOR00009
BOOK01772,AUTHOR01319
BOOK01773,AUTHOR02249
BOOK01774,AUTHOR01888
BOOK01775,AUTHOR00644
BOOK01776,AUTHOR00955
BOOK01777,AUTHOR00448
BOOK01778,AUTHOR01162
BOOK01779,AUTHOR01951
BOOK01780,AUTHOR00502
BOOK01781,AUTHOR01709
BOOK01782,AUTHOR00768
BOOK01783,AUTHOR00339
BOOK01784,AUTHOR01515
BOOK01785,AUTHOR00475
BOOK01786,AUTHOR01213
BOOK01787,AUTHOR00125
BOOK01788,AUTHOR00552
BOOK01789,AUTHOR00768
BOOK01790,AUTHOR02177
BOOK01791,AUTHOR02116
BOOK01792,AUTHOR00394
BOOK01793,AUTHOR00230
BOOK01794,AUTHOR00735
BOOK01795,AUTHOR00238
BOOK01796,AUTHOR02104
BOOK01797,AUTHOR01756
BOOK01798,AUTHOR01405
BOOK01799,AUTHOR01417
BOOK01800,AUTHOR00341
BOOK01801,AUTHOR01933
BOOK01802,AUTHOR01590
BOOK01803,AUTHOR01034
BOOK01804,AUTHOR02149
BOOK01805,AUTHOR00963
BOOK01806,AUTHOR00097
BOOK01807,AUTHOR00395
BOOK01808,AUTHOR00128
BOOK01809,AUTHOR00853
BOOK01810,AUTHOR00396
BOOK01811,AUTHOR00279
BOOK01812,AUTHOR00481
BOOK01813,AUTHOR00018
BOOK01814,AUTHOR00191
BOOK01815,AUTHOR01124
BOOK01816,AUTHOR00756
BOOK01817,AUTHOR01556
BOOK01818,AUTHOR01919
BOOK01819,AUTHOR01248
BOOK01820,AUTHOR01850
BOOK01821,AUTHOR01843
BOOK01822,AUTHOR00919
BOOK01823,AUTHOR01982
BOOK01824,AUTHOR01029
BOOK01825,AUTHOR01947
BOOK01826,AUTHOR02069
BOOK01827,AUTHOR00251
BOOK01828,AUTHOR00600
BOOK01829,AUTHOR02240
BOOK01830,AUTHOR00585
BOOK01831,AUTHOR01970
BOOK01832,AUTHOR00925
BOOK01833,AUTHOR02124
BOOK01834,AUTHOR00281
BOOK01835,AUTHOR00987
BOOK01836,AUTHOR00699
BOOK01837,AUTHOR01450
BOOK01838,AUTHOR00402
BOOK01839,AUTHOR02109
BOOK01840,AUTHOR00070
BOOK01841,AUTHOR01960
BOOK01842,AUTHOR02205
BOOK01843,AUTHOR01342
BOOK01844,AUTHOR01534
BOOK01845,AUTHOR00879
BOOK01846,AUTHOR00020
BOOK01847,AUTHOR00499
BOOK01848,AUTHOR00732
BOOK01849,AUTHOR01416
BOOK01850,AUTHOR01245
BOOK01851,AUTHOR01384
BOOK01852,AUTHOR01706
BOOK01853,AUTHOR01929
BOOK01854,AUTHOR00418
BOOK01855,AUTHOR00419
BOOK01856,AUTHOR01883
BOOK01857,AUTHOR00565
BOOK01858,AUTHOR01519
BOOK01859,AUTHOR01816
BOOK01860,AUTHOR02133
BOOK01861,AUTHOR02169
BOOK01862,AUTHOR02193
BOOK01863,AUTHOR00072
BOOK01864,AUTHOR01474
BOOK01865,AUTHOR01242
BOOK01866,AUTHOR00700
BOOK01867,AUTHOR00089
BOOK01868,AUTHOR02004
BOOK01869,AUTHOR00197
BOOK01870,AUTHOR00956
BOOK01871,AUTHOR00221
BOOK01872,AUTHOR01137
BOOK01873,AUTHOR01361
BOOK01874,AUTHOR02073
BOOK01875,AUTHOR00354
BOOK01876,AUTHOR00303
BOOK01877,AUTHOR00890
BOOK01878,AUTHOR00803
BOOK01879,AUTHOR01880
BOOK01880,AUTHOR01863
BOOK01881,AUTHOR00227
BOOK01882,AUTHOR00369
BOOK01883,AUTHOR00322
BOOK01884,AUTHOR01369
BOOK01885,AUTHOR01983
BOOK01886,AUTHOR01950
BOOK01887,AUTHOR01688
BOOK01888,AUTHOR01699
BOOK01889,AUTHOR00609
BOOK01890,AUTHOR01948
BOOK01891,AUTHOR00323
BOOK01892,AUTHOR00958
BOOK01893,AUTHOR01906
BOOK01894,AUTHOR01779
BOOK01895,AUTHOR01076
BOOK01896,AUTHOR01968
BOOK01897,AUTHOR00740
BOOK01898,AUTHOR00245
BOOK01899,AUTHOR01937
BOOK01900,AUTHOR00675
BOOK01901,AUTHOR02192
BOOK01902,AUTHOR02050
BOOK01903,AUTHOR01363
BOOK01904,AUTHOR00671
BOOK01905,AUTHOR01794
BOOK01906,AUTHOR00311
BOOK01907,AUTHOR00805
BOOK01908,AUTHOR01129
BOOK01909,AUTHOR01387
BOOK01910,AUTHOR01054
BOOK01911,AUTHOR00278
BOOK01912,AUTHOR02224
BOOK01913,AUTHOR00008
BOOK01914,AUTHOR00228
BOOK01915,AUTHOR00084
BOOK01916,AUTHOR02056
BOOK01917,AUTHOR00595
BOOK01918,AUTHOR02280
BOOK01919,AUTHOR00225
BOOK01920,AUTHOR00725
BOOK01921,AUTHOR01971
BOOK01922,AUTHOR01212
BOOK01923,AUTHOR00857
BOOK01924,AUTHOR00780
BOOK01925,AUTHOR01568
BOOK01926,AUTHOR00050
BOOK01927,AUTHOR02223
BOOK01928,AUTHOR00326
BOOK01929,AUTHOR00133
BOOK01930,AUTHOR00204
BOOK01931,AUTHOR00237
BOOK01932,AUTHOR00681
BOOK01933,AUTHOR01203
BOOK01934,AUTHOR00654
BOOK01935,AUTHOR00610
BOOK01936,AUTHOR01016
BOOK01937,AUTHOR00451
BOOK01938,AUTHOR00220
BOOK01939,AUTHOR02156
BOOK01940,AUTHOR00520
BOOK01941,AUTHOR01030
BOOK01942,AUTHOR01299
BOOK01943,AUTHOR01030
BOOK01944,AUTHOR01241
BOOK01945,AUTHOR01664
BOOK01946,AUTHOR00680
BOOK01947,AUTHOR01714
BOOK01948,AUTHOR02085
BOOK01949,AUTHOR01689
BOOK01950,AUTHOR00692
BOOK01951,AUTHOR01268
BOOK01952,AUTHOR01191
BOOK01953,AUTHOR00198
BOOK01954,AUTHOR01063
BOOK01955,AUTHOR00016
BOOK01956,AUTHOR00244
BOOK01957,AUTHOR02013
BOOK01958,AUTHOR01575
BOOK01959,AUTHOR02098
BOOK01960,AUTHOR01648
BOOK01961,AUTHOR02238
BOOK01962,AUTHOR00057
BOOK01963,AUTHOR01692
BOOK01964,AUTHOR01012
BOOK01965,AUTHOR01990
BOOK01966,AUTHOR02045
BOOK01967,AUTHOR01909
BOOK01968,AUTHOR00463
BOOK01969,AUTHOR00983
BOOK01970,AUTHOR00005
BOOK01971,AUTHOR02033
BOOK01972,AUTHOR00091
BOOK01973,AUTHOR01918
BOOK01974,AUTHOR00267
BOOK01975,AUTHOR00523
BOOK01976,AUTHOR00108
BOOK01977,AUTHOR00628
BOOK01978,AUTHOR00993
BOOK01979,AUTHOR00147
BOOK01980,AUTHOR01607
BOOK01981,AUTHOR02188
BOOK01982,AUTHOR01561
BOOK01983,AUTHOR01573
BOOK01984,AUTHOR02031
BOOK01985,AUTHOR00187
BOOK01986,AUTHOR01452
BOOK01987,AUTHOR00041
BOOK01988,AUTHOR01428
BOOK01989,AUTHOR00550
BOOK01990,AUTHOR01999
BOOK01991,AUTHOR01174
BOOK01992,AUTHOR01680
BOOK01993,AUTHOR01011
BOOK01994,AUTHOR00403
BOOK01995,AUTHOR01879
BOOK01996,AUTHOR00626
BOOK01997,AUTHOR00978
BOOK01998,AUTHOR00576
BOOK01999,AUTHOR00220
BOOK02000,AUTHOR02157
BOOK02001,AUTHOR00949
BOOK02002,AUTHOR01926
BOOK02003,AUTHOR00920
BOOK02004,AUTHOR01729
BOOK02005,AUTHOR01719
BOOK02006,AUTHOR00235
BOOK02007,AUTHOR01927
BOOK02008,AUTHOR01005
BOOK02009,AUTHOR00812
BOOK02010,AUTHOR01629
BOOK02011,AUTHOR01578
BOOK02012,AUTHOR02135
BOOK02013,AUTHOR00435
BOOK02014,AUTHOR01009
BOOK02015,AUTHOR01432
BOOK02016,AUTHOR01192
BOOK02017,AUTHOR00872
BOOK02018,AUTHOR01727
BOOK02019,AUTHOR02115
BOOK02020,AUTHOR01006
BOOK02021,AUTHOR00257
BOOK02022,AUTHOR00111
BOOK02023,AUTHOR00939
BOOK02024,AUTHOR00010
BOOK02025,AUTHOR00567
BOOK02026,AUTHOR00457
BOOK02027,AUTHOR01353
BOOK02028,AUTHOR00517
BOOK02029,AUTHOR01354
BOOK02030,AUTHOR01163
BOOK02031,AUTHOR01780
BOOK02032,AUTHOR00850
BOOK02033,AUTHOR01476
BOOK02034,AUTHOR00039
BOOK02035,AUTHOR01753
BOOK02036,AUTHOR00254
BOOK02037,AUTHOR00838
BOOK02038,AUTHOR02070
BOOK02039,AUTHOR02274
BOOK02040,AUTHOR01207
BOOK02041,AUTHOR01377
BOOK02042,AUTHOR01413
BOOK02043,AUTHOR01750
BOOK02044,AUTHOR01275
BOOK02045,AUTHOR00863
BOOK02046,AUTHOR00436
BOOK02047,AUTHOR01691
BOOK02048,AUTHOR00142
BOOK02049,AUTHOR01772
BOOK02050,AUTHOR01987
BOOK02051,AUTHOR01105
BOOK02052,AUTHOR00640
BOOK02053,AUTHOR01186
BOOK02054,AUTHOR00392
BOOK02055,AUTHOR01557
BOOK02056,AUTHOR01485
BOOK02057,AUTHOR00688
BOOK02058,AUTHOR01823
BOOK02059,AUTHOR00434
BOOK02060,AUTHOR01415
BOOK02061,AUTHOR01364
BOOK02062,AUTHOR01333
BOOK02063,AUTHOR01535
BOOK02064,AUTHOR00152
BOOK02065,AUTHOR00025
BOOK02066,AUTHOR00625
BOOK02067,AUTHOR01468
