book_id,average_rating,ratings_count,edition_count,want_to_read_count,currently_reading_count,already_read_count
BOOK00001,4.5,2.0,21.0,145.0,15.0,6.0
BOOK00002,5.0,1.0,26.0,110.0,12.0,0.0
BOOK00003,1.0,1.0,1.0,41.0,2.0,18.0
BOOK00004,5.0,3.0,8.0,74.0,7.0,2.0
BOOK00005,3.6666667,3.0,5.0,67.0,4.0,3.0
BOOK00006,4.1666665,12.0,12.0,274.0,13.0,14.0
BOOK00007,5.0,3.0,8.0,50.0,2.0,2.0
BOOK00008,3.0,2.0,1.0,141.0,14.0,9.0
BOOK00009,4.3,10.0,9.0,20.0,0.0,14.0
BOOK00010,4.1666665,6.0,31.0,65.0,4.0,10.0
BOOK00011,5.0,1.0,12.0,32.0,3.0,1.0
BOOK00012,,,11.0,37.0,6.0,2.0
BOOK00013,4.75,4.0,3.0,92.0,5.0,4.0
BOOK00014,5.0,1.0,4.0,59.0,3.0,0.0
BOOK00015,4.5,4.0,5.0,48.0,4.0,1.0
BOOK00016,5.0,1.0,40.0,33.0,3.0,1.0
BOOK00017,5.0,1.0,10.0,41.0,1.0,2.0
BOOK00018,,,1.0,72.0,8.0,0.0
BOOK00019,,,11.0,35.0,3.0,2.0
BOOK00020,4.0,1.0,7.0,32.0,3.0,1.0
BOOK00021,5.0,1.0,9.0,28.0,1.0,2.0
BOOK00022,,,13.0,31.0,2.0,4.0
BOOK00023,5.0,1.0,3.0,32.0,2.0,1.0
BOOK00024,1.0,1.0,6.0,28.0,2.0,1.0
BOOK00025,,,5.0,21.0,2.0,1.0
BOOK00026,,,1.0,40.0,0.0,0.0
BOOK00027,3.6,10.0,18.0,78.0,1.0,13.0
BOOK00028,5.0,1.0,14.0,42.0,5.0,1.0
BOOK00029,,,39.0,12.0,1.0,0.0
BOOK00030,,,36.0,27.0,1.0,1.0
BOOK00031,5.0,1.0,3.0,36.0,1.0,2.0
BOOK00032,,,5.0,31.0,1.0,0.0
BOOK00033,5.0,2.0,15.0,19.0,1.0,3.0
BOOK00034,,,13.0,13.0,0.0,0.0
BOOK00035,4.0,1.0,7.0,26.0,0.0,2.0
BOOK00036,,,10.0,26.0,0.0,1.0
BOOK00037,5.0,2.0,2.0,37.0,2.0,3.0
BOOK00038,,,5.0,28.0,0.0,0.0
BOOK00039,,,7.0,12.0,1.0,0.0
BOOK00040,,,8.0,12.0,0.0,0.0
BOOK00041,,,16.0,12.0,0.0,0.0
BOOK00042,4.0,1.0,5.0,22.0,4.0,1.0
BOOK00043,4.3333335,3.0,7.0,23.0,2.0,4.0
BOOK00044,5.0,2.0,7.0,15.0,3.0,2.0
BOOK00045,,,7.0,14.0,1.0,1.0
BOOK00046,5.0,1.0,2.0,23.0,1.0,0.0
BOOK00047,3.6666667,3.0,22.0,63.0,7.0,4.0
BOOK00048,3.5,2.0,1.0,102.0,5.0,5.0
BOOK00049,,,3.0,17.0,2.0,0.0
BOOK00050,,,2.0,15.0,2.0,1.0
BOOK00051,,,4.0,10.0,2.0,0.0
BOOK00052,1.0,1.0,1.0,11.0,1.0,0.0
BOOK00053,,,4.0,5.0,1.0,0.0
BOOK00054,,,7.0,2.0,0.0,0.0
BOOK00055,,,8.0,2.0,0.0,0.0
BOOK00056,,,6.0,1.0,0.0,0.0
BOOK00057,,,3.0,2.0,0.0,0.0
BOOK00058,,,8.0,,,
BOOK00059,,,5.0,2.0,0.0,0.0
BOOK00060,,,5.0,1.0,0.0,0.0
BOOK00061,,,1.0,4.0,0.0,0.0
BOOK00062,,,2.0,3.0,0.0,0.0
BOOK00063,,,1.0,2.0,1.0,0.0
BOOK00064,5.0,1.0,2.0,5.0,1.0,3.0
BOOK00065,2.0,1.0,4.0,0.0,0.0,1.0
BOOK00066,,,8.0,,,
BOOK00067,,,4.0,1.0,0.0,0.0
BOOK00068,,,2.0,2.0,0.0,0.0
BOOK00069,,,2.0,1.0,0.0,0.0
BOOK00070,,,4.0,2.0,0.0,0.0
BOOK00071,,,5.0,,,
BOOK00072,,,4.0,2.0,0.0,0.0
BOOK00073,,,6.0,,,
BOOK00074,,,4.0,2.0,0.0,0.0
BOOK00075,,,2.0,2.0,0.0,0.0
BOOK00076,,,7.0,,,
BOOK00077,,,6.0,3.0,0.0,0.0
BOOK00078,,,6.0,,,
BOOK00079,,,6.0,,,
BOOK00080,,,1.0,3.0,0.0,0.0
BOOK00081,,,5.0,,,
BOOK00082,,,1.0,2.0,0.0,0.0
BOOK00083,,,1.0,2.0,0.0,0.0
BOOK00084,,,3.0,4.0,0.0,0.0
BOOK00085,,,5.0,,,
BOOK00086,,,1.0,2.0,0.0,0.0
BOOK00087,,,1.0,1.0,0.0,0.0
BOOK00088,,,2.0,1.0,0.0,0.0
BOOK00089,,,5.0,1.0,0.0,0.0
BOOK00090,,,5.0,1.0,0.0,0.0
BOOK00091,,,4.0,1.0,0.0,0.0
BOOK00092,,,3.0,1.0,0.0,0.0
BOOK00093,,,3.0,,,
BOOK00094,,,3.0,,,
BOOK00095,,,3.0,0.0,1.0,0.0
BOOK00096,,,1.0,1.0,0.0,0.0
BOOK00097,,,6.0,1.0,0.0,0.0
BOOK00098,,,1.0,1.0,0.0,0.0
BOOK00099,5.0,1.0,3.0,8.0,2.0,2.0
BOOK00100,,,5.0,3.0,0.0,0.0
BOOK00101,,,6.0,1.0,0.0,0.0
BOOK00102,,,6.0,,,
BOOK00103,,,1.0,1.0,0.0,0.0
BOOK00104,3.625,8.0,43.0,145.0,10.0,15.0
BOOK00105,,,2.0,1.0,0.0,0.0
BOOK00106,,,5.0,,,
BOOK00107,,,5.0,,,
BOOK00108,,,4.0,0.0,0.0,0.0
BOOK00109,,,3.0,,,
BOOK00110,,,3.0,0.0,0.0,0.0
BOOK00111,,,3.0,,,
BOOK00112,,,2.0,0.0,0.0,0.0
BOOK00113,,,2.0,,,
BOOK00114,,,2.0,,,
BOOK00115,,,2.0,,,
BOOK00116,,,1.0,0.0,0.0,1.0
BOOK00117,,,2.0,,,
BOOK00118,,,2.0,,,
BOOK00119,0.0,0.0,2.0,0.0,0.0,0.0
BOOK00120,,,1.0,2.0,0.0,0.0
BOOK00121,,,1.0,0.0,0.0,0.0
BOOK00122,0.0,0.0,1.0,0.0,0.0,0.0
BOOK00123,,,1.0,,,
BOOK00124,,,1.0,,,
BOOK00125,,,1.0,,,
BOOK00126,,,1.0,,,
BOOK00127,,,2.0,,,
BOOK00128,,,1.0,,,
BOOK00129,,,1.0,,,
BOOK00130,,,3.0,1.0,0.0,0.0
BOOK00131,,,7.0,,,
BOOK00132,,,1.0,,,
BOOK00133,,,1.0,,,
BOOK00134,,,2.0,,,
BOOK00135,,,1.0,,,
BOOK00136,,,2.0,,,
BOOK00137,,,1.0,,,
BOOK00138,,,1.0,,,
BOOK00139,,,1.0,,,
BOOK00140,,,3.0,,,
BOOK00141,,,1.0,,,
BOOK00142,,,1.0,,,
BOOK00143,,,1.0,,,
BOOK00144,,,1.0,,,
BOOK00145,,,1.0,1.0,0.0,1.0
BOOK00146,,,6.0,,,
BOOK00147,,,4.0,,,
BOOK00148,,,1.0,2.0,0.0,0.0
BOOK00149,,,2.0,1.0,0.0,0.0
BOOK00150,3.909091,11.0,14.0,161.0,6.0,14.0
BOOK00151,,,2.0,3.0,0.0,0.0
BOOK00152,,,1.0,3.0,0.0,0.0
BOOK00153,,,5.0,4.0,0.0,0.0
BOOK00154,,,2.0,1.0,0.0,0.0
BOOK00155,,,3.0,1.0,0.0,0.0
BOOK00156,,,1.0,1.0,0.0,0.0
BOOK00157,,,1.0,1.0,0.0,0.0
BOOK00158,,,2.0,1.0,0.0,0.0
BOOK00159,,,5.0,,,
BOOK00160,,,4.0,,,
BOOK00161,,,6.0,,,
BOOK00162,,,1.0,1.0,0.0,0.0
BOOK00163,,,11.0,6.0,1.0,0.0
BOOK00164,,,2.0,0.0,0.0,0.0
BOOK00165,,,1.0,1.0,0.0,0.0
BOOK00166,,,1.0,1.0,0.0,0.0
BOOK00167,4.117647,17.0,11.0,455.0,31.0,22.0
BOOK00168,,,2.0,,,
BOOK00169,,,3.0,0.0,0.0,0.0
BOOK00170,,,2.0,,,
BOOK00171,,,2.0,,,
BOOK00172,,,2.0,,,
BOOK00173,,,2.0,,,
BOOK00174,,,5.0,,,
BOOK00175,,,3.0,,,
BOOK00176,,,1.0,1.0,0.0,0.0
BOOK00177,,,2.0,,,
BOOK00178,,,6.0,,,
BOOK00179,,,1.0,,,
BOOK00180,,,1.0,,,
BOOK00181,,,1.0,,,
BOOK00182,,,1.0,,,
BOOK00183,,,4.0,,,
BOOK00184,4.75,4.0,1.0,8.0,0.0,8.0
BOOK00185,,,2.0,,,
BOOK00186,,,1.0,,,
BOOK00187,,,1.0,,,
BOOK00188,,,8.0,11.0,0.0,0.0
BOOK00189,4.5,6.0,5.0,46.0,3.0,7.0
BOOK00190,,,2.0,,,
BOOK00191,,,1.0,,,
BOOK00192,,,1.0,,,
BOOK00193,,,3.0,13.0,1.0,1.0
BOOK00194,,,3.0,3.0,1.0,1.0
BOOK00195,0.0,0.0,9.0,3.0,0.0,0.0
BOOK00196,,,2.0,7.0,2.0,0.0
BOOK00197,,,4.0,1.0,0.0,0.0
BOOK00198,,,2.0,3.0,0.0,0.0
BOOK00199,,,5.0,1.0,0.0,0.0
BOOK00200,,,6.0,1.0,0.0,0.0
BOOK00201,,,1.0,2.0,0.0,0.0
BOOK00202,,,1.0,4.0,0.0,0.0
BOOK00203,,,1.0,2.0,0.0,0.0
BOOK00204,,,1.0,2.0,0.0,0.0
BOOK00205,,,1.0,2.0,0.0,0.0
BOOK00206,,,3.0,1.0,0.0,0.0
BOOK00207,,,4.0,1.0,0.0,0.0
BOOK00208,,,2.0,2.0,0.0,0.0
BOOK00209,,,11.0,0.0,1.0,0.0
BOOK00210,,,3.0,1.0,0.0,0.0
BOOK00211,,,1.0,2.0,0.0,0.0
BOOK00212,,,3.0,1.0,0.0,0.0
BOOK00213,,,2.0,1.0,0.0,0.0
BOOK00214,,,1.0,1.0,0.0,0.0
BOOK00215,,,1.0,1.0,0.0,0.0
BOOK00216,,,1.0,1.0,0.0,0.0
BOOK00217,,,3.0,1.0,0.0,0.0
BOOK00218,,,2.0,1.0,0.0,0.0
BOOK00219,,,1.0,1.0,0.0,0.0
BOOK00220,,,2.0,0.0,1.0,0.0
BOOK00221,,,3.0,,,
BOOK00222,,,1.0,3.0,0.0,0.0
BOOK00223,,,3.0,,,
BOOK00224,,,3.0,1.0,0.0,0.0
BOOK00225,,,4.0,,,
BOOK00226,,,1.0,1.0,0.0,0.0
BOOK00227,,,5.0,,,
BOOK00228,,,1.0,1.0,0.0,0.0
BOOK00229,0.0,0.0,1.0,1.0,0.0,0.0
BOOK00230,,,5.0,,,
BOOK00231,,,2.0,,,
BOOK00232,,,6.0,,,
BOOK00233,,,3.0,,,
BOOK00234,,,4.0,30.0,1.0,1.0
BOOK00235,,,3.0,3.0,4.0,1.0
BOOK00236,,,5.0,8.0,0.0,0.0
BOOK00237,,,1.0,17.0,0.0,1.0
BOOK00238,,,2.0,5.0,0.0,0.0
BOOK00239,,,7.0,6.0,0.0,0.0
BOOK00240,,,2.0,4.0,0.0,0.0
BOOK00241,,,1.0,5.0,1.0,0.0
BOOK00242,,,1.0,3.0,0.0,0.0
BOOK00243,,,1.0,9.0,2.0,0.0
BOOK00244,,,1.0,3.0,0.0,0.0
BOOK00245,,,1.0,3.0,0.0,0.0
BOOK00246,,,1.0,2.0,0.0,0.0
BOOK00247,,,1.0,3.0,0.0,0.0
BOOK00248,,,3.0,2.0,0.0,0.0
BOOK00249,,,2.0,2.0,0.0,0.0
BOOK00250,,,1.0,1.0,0.0,0.0
BOOK00251,,,1.0,1.0,0.0,0.0
BOOK00252,,,1.0,1.0,0.0,0.0
BOOK00253,,,6.0,,,
BOOK00254,,,1.0,2.0,0.0,0.0
BOOK00255,,,1.0,3.0,1.0,0.0
BOOK00256,,,1.0,2.0,0.0,0.0
BOOK00257,,,2.0,1.0,0.0,0.0
BOOK00258,,,5.0,,,
BOOK00259,,,2.0,1.0,0.0,0.0
BOOK00260,,,1.0,1.0,0.0,0.0
BOOK00261,,,2.0,1.0,0.0,0.0
BOOK00262,,,2.0,1.0,0.0,0.0
BOOK00263,,,1.0,1.0,0.0,0.0
BOOK00264,,,1.0,2.0,0.0,0.0
BOOK00265,,,4.0,,,
BOOK00266,,,2.0,,,
BOOK00267,3.0,1.0,4.0,16.0,1.0,2.0
BOOK00268,,,1.0,2.0,0.0,0.0
BOOK00269,,,3.0,,,
BOOK00270,,,5.0,,,
BOOK00271,,,2.0,,,
BOOK00272,,,3.0,0.0,1.0,0.0
BOOK00273,,,1.0,,,
BOOK00274,,,4.0,,,
BOOK00275,,,1.0,1.0,0.0,0.0
BOOK00276,,,1.0,1.0,0.0,0.0
BOOK00277,,,2.0,,,
BOOK00278,,,2.0,,,
BOOK00279,,,3.0,,,
BOOK00280,,,2.0,2.0,0.0,0.0
BOOK00281,4.0555553,36.0,66.0,1351.0,125.0,73.0
BOOK00282,4.1,10.0,95.0,686.0,59.0,30.0
BOOK00283,4.44,50.0,1.0,1087.0,87.0,154.0
BOOK00284,4.125,8.0,6.0,366.0,30.0,17.0
BOOK00285,4.111111,9.0,23.0,215.0,24.0,14.0
BOOK00286,3.8333333,12.0,16.0,221.0,21.0,19.0
BOOK00287,4.25,8.0,25.0,162.0,17.0,12.0
BOOK00288,3.6923077,13.0,12.0,411.0,59.0,7.0
BOOK00289,3.5714285,7.0,39.0,125.0,4.0,9.0
BOOK00290,4.2,5.0,55.0,253.0,14.0,3.0
BOOK00291,4.0,4.0,28.0,135.0,11.0,8.0
BOOK00292,4.2,15.0,7.0,152.0,8.0,19.0
BOOK00293,4.75,4.0,29.0,199.0,15.0,8.0
BOOK00294,4.8333335,6.0,43.0,128.0,9.0,7.0
BOOK00295,4.625,8.0,2.0,263.0,17.0,6.0
BOOK00296,4.8,5.0,45.0,169.0,16.0,7.0
BOOK00297,5.0,2.0,37.0,130.0,10.0,4.0
BOOK00298,4.0,4.0,11.0,168.0,11.0,5.0
BOOK00299,5.0,1.0,13.0,109.0,10.0,1.0
BOOK00300,5.0,3.0,20.0,100.0,11.0,4.0
BOOK00301,3.6666667,3.0,37.0,87.0,4.0,4.0
BOOK00302,4.6,5.0,21.0,138.0,9.0,9.0
BOOK00303,4.0,3.0,5.0,102.0,10.0,6.0
BOOK00304,4.5,2.0,17.0,130.0,13.0,2.0
BOOK00305,4.0,2.0,34.0,118.0,9.0,4.0
BOOK00306,3.0,1.0,11.0,70.0,8.0,2.0
BOOK00307,4.0,3.0,39.0,89.0,7.0,2.0
BOOK00308,3.6666667,3.0,8.0,218.0,18.0,2.0
BOOK00309,5.0,2.0,15.0,109.0,10.0,5.0
BOOK00310,3.5,4.0,18.0,108.0,9.0,4.0
BOOK00311,4.8,5.0,14.0,107.0,7.0,2.0
BOOK00312,3.0,6.0,15.0,86.0,9.0,4.0
BOOK00313,,,18.0,61.0,4.0,3.0
BOOK00314,3.8,5.0,4.0,145.0,17.0,7.0
BOOK00315,4.0,11.0,15.0,100.0,7.0,16.0
BOOK00316,4.5454545,11.0,14.0,268.0,31.0,11.0
BOOK00317,5.0,2.0,20.0,188.0,12.0,4.0
BOOK00318,5.0,1.0,25.0,48.0,10.0,5.0
BOOK00319,5.0,2.0,14.0,80.0,8.0,4.0
BOOK00320,3.0,1.0,21.0,58.0,5.0,4.0
BOOK00321,2.8333333,6.0,3.0,262.0,28.0,2.0
BOOK00322,,,28.0,52.0,2.0,3.0
BOOK00323,4.75,4.0,12.0,176.0,10.0,5.0
BOOK00324,5.0,1.0,12.0,78.0,5.0,1.0
BOOK00325,5.0,2.0,7.0,63.0,3.0,4.0
BOOK00326,5.0,1.0,28.0,41.0,7.0,3.0
BOOK00327,5.0,1.0,19.0,48.0,4.0,4.0
BOOK00328,5.0,2.0,21.0,50.0,8.0,3.0
BOOK00329,4.6666665,3.0,6.0,71.0,4.0,5.0
BOOK00330,,,25.0,61.0,6.0,2.0
BOOK00331,3.75,4.0,1.0,131.0,9.0,4.0
BOOK00332,,,6.0,6.0,0.0,0.0
BOOK00333,4.028777,278.0,78.0,6754.0,643.0,328.0
BOOK00334,,,4.0,19.0,0.0,0.0
BOOK00335,5.0,1.0,1.0,4.0,0.0,1.0
BOOK00336,,,9.0,9.0,0.0,0.0
BOOK00337,,,17.0,51.0,1.0,1.0
BOOK00338,,,5.0,,,
BOOK00339,,,4.0,6.0,0.0,0.0
BOOK00340,,,6.0,,,
BOOK00341,,,1.0,3.0,0.0,0.0
BOOK00342,,,7.0,,,
BOOK00343,0.0,0.0,3.0,1.0,0.0,0.0
BOOK00344,,,6.0,,,
BOOK00345,,,3.0,,,
BOOK00346,,,2.0,1.0,0.0,0.0
BOOK00347,,,1.0,,,
BOOK00348,,,4.0,,,
BOOK00349,,,5.0,,,
BOOK00350,,,6.0,20.0,1.0,1.0
BOOK00351,4.0,5.0,72.0,37.0,5.0,9.0
BOOK00352,,,1.0,1.0,0.0,0.0
BOOK00353,,,5.0,,,
BOOK00354,,,3.0,5.0,0.0,0.0
BOOK00355,,,3.0,1.0,1.0,0.0
BOOK00356,,,1.0,1.0,0.0,0.0
BOOK00357,,,2.0,1.0,0.0,0.0
BOOK00358,,,2.0,,,
BOOK00359,,,1.0,1.0,0.0,0.0
BOOK00360,,,6.0,,,
BOOK00361,,,5.0,2.0,0.0,0.0
BOOK00362,,,2.0,,,
BOOK00363,,,1.0,1.0,0.0,0.0
BOOK00364,,,1.0,1.0,0.0,0.0
BOOK00365,,,1.0,1.0,0.0,0.0
BOOK00366,,,2.0,,,
BOOK00367,,,6.0,,,
BOOK00368,,,1.0,,,
BOOK00369,,,3.0,,,
BOOK00370,,,3.0,,,
BOOK00371,5.0,1.0,7.0,9.0,4.0,0.0
BOOK00372,,,1.0,,,
BOOK00373,,,1.0,,,
BOOK00374,3.0,1.0,14.0,40.0,3.0,3.0
BOOK00375,,,1.0,,,
BOOK00376,,,1.0,,,
BOOK00377,,,1.0,,,
BOOK00378,,,2.0,,,
BOOK00379,,,2.0,,,
BOOK00380,,,3.0,,,
BOOK00381,1.0,1.0,24.0,48.0,4.0,2.0
BOOK00382,1.0,1.0,9.0,30.0,3.0,1.0
BOOK00383,5.0,3.0,1.0,95.0,5.0,6.0
BOOK00384,5.0,1.0,32.0,26.0,2.0,0.0
BOOK00385,4.0,1.0,30.0,18.0,1.0,1.0
BOOK00386,5.0,1.0,6.0,13.0,2.0,1.0
BOOK00387,,,29.0,24.0,0.0,0.0
BOOK00388,,,62.0,15.0,1.0,0.0
BOOK00389,,,9.0,13.0,0.0,0.0
BOOK00390,,,13.0,13.0,1.0,0.0
BOOK00391,,,7.0,8.0,0.0,1.0
BOOK00392,0.0,0.0,6.0,14.0,2.0,0.0
BOOK00393,5.0,1.0,2.0,24.0,4.0,0.0
BOOK00394,,,8.0,7.0,0.0,0.0
BOOK00395,,,1.0,20.0,0.0,0.0
BOOK00396,3.0,1.0,19.0,19.0,1.0,2.0
BOOK00397,5.0,1.0,3.0,21.0,2.0,2.0
BOOK00398,,,2.0,18.0,0.0,0.0
BOOK00399,,,8.0,7.0,0.0,0.0
BOOK00400,,,6.0,13.0,1.0,0.0
BOOK00401,,,10.0,7.0,0.0,0.0
BOOK00402,5.0,1.0,13.0,5.0,0.0,1.0
BOOK00403,5.0,1.0,7.0,8.0,0.0,0.0
BOOK00404,,,3.0,7.0,3.0,0.0
BOOK00405,,,8.0,3.0,0.0,1.0
BOOK00406,,,1.0,12.0,1.0,0.0
BOOK00407,,,8.0,4.0,0.0,0.0
BOOK00408,,,5.0,5.0,2.0,1.0
BOOK00409,,,5.0,5.0,1.0,0.0
BOOK00410,,,6.0,15.0,1.0,0.0
BOOK00411,,,9.0,4.0,0.0,0.0
BOOK00412,,,3.0,7.0,1.0,0.0
BOOK00413,,,2.0,8.0,0.0,1.0
BOOK00414,,,9.0,1.0,1.0,0.0
BOOK00415,,,1.0,7.0,2.0,0.0
BOOK00416,,,16.0,1.0,0.0,0.0
BOOK00417,,,1.0,8.0,0.0,0.0
BOOK00418,,,13.0,2.0,0.0,0.0
BOOK00419,,,2.0,7.0,0.0,0.0
BOOK00420,5.0,1.0,3.0,7.0,0.0,1.0
BOOK00421,,,7.0,4.0,0.0,0.0
BOOK00422,,,2.0,5.0,1.0,0.0
BOOK00423,,,2.0,5.0,0.0,0.0
BOOK00424,,,1.0,13.0,0.0,0.0
BOOK00425,,,6.0,7.0,0.0,0.0
BOOK00426,,,1.0,8.0,0.0,0.0
BOOK00427,,,6.0,5.0,0.0,0.0
BOOK00428,,,2.0,6.0,1.0,0.0
BOOK00429,,,13.0,2.0,0.0,0.0
BOOK00430,,,12.0,7.0,0.0,0.0
BOOK00431,,,6.0,3.0,0.0,0.0
BOOK00432,,,2.0,6.0,0.0,0.0
BOOK00433,,,2.0,9.0,0.0,0.0
BOOK00434,,,6.0,4.0,0.0,0.0
BOOK00435,,,1.0,5.0,0.0,0.0
BOOK00436,,,2.0,10.0,1.0,0.0
BOOK00437,3.5,2.0,6.0,49.0,5.0,2.0
BOOK00438,,,2.0,4.0,0.0,0.0
BOOK00439,,,1.0,8.0,0.0,0.0
BOOK00440,,,8.0,1.0,0.0,0.0
BOOK00441,,,2.0,2.0,0.0,0.0
BOOK00442,,,5.0,3.0,0.0,0.0
BOOK00443,4.3333335,21.0,1.0,86.0,6.0,26.0
BOOK00444,,,6.0,2.0,0.0,0.0
BOOK00445,5.0,1.0,3.0,1.0,0.0,1.0
BOOK00446,,,8.0,,,
BOOK00447,,,1.0,4.0,0.0,0.0
BOOK00448,,,7.0,30.0,2.0,1.0
BOOK00449,,,2.0,1.0,0.0,1.0
BOOK00450,,,2.0,2.0,0.0,0.0
BOOK00451,,,6.0,,,
BOOK00452,,,6.0,,,
BOOK00453,,,7.0,,,
BOOK00454,,,1.0,2.0,0.0,0.0
BOOK00455,,,1.0,4.0,0.0,0.0
BOOK00456,,,1.0,3.0,1.0,0.0
BOOK00457,,,1.0,3.0,0.0,0.0
BOOK00458,,,1.0,2.0,0.0,0.0
BOOK00459,5.0,1.0,26.0,27.0,7.0,1.0
BOOK00460,,,5.0,1.0,0.0,0.0
BOOK00461,,,1.0,5.0,0.0,0.0
BOOK00462,,,4.0,1.0,0.0,0.0
BOOK00463,,,1.0,2.0,0.0,0.0
BOOK00464,,,6.0,,,
BOOK00465,,,2.0,2.0,0.0,0.0
BOOK00466,4.4,10.0,13.0,126.0,5.0,16.0
BOOK00467,4.6666665,6.0,4.0,188.0,9.0,8.0
BOOK00468,,,6.0,2.0,0.0,0.0
BOOK00469,,,2.0,1.0,0.0,0.0
BOOK00470,,,4.0,,,
BOOK00471,3.8333333,48.0,15.0,483.0,53.0,59.0
BOOK00472,4.5,2.0,14.0,95.0,18.0,1.0
BOOK00473,4.0,2.0,13.0,51.0,7.0,2.0
BOOK00474,,,22.0,36.0,4.0,0.0
BOOK00475,5.0,1.0,5.0,27.0,4.0,0.0
BOOK00476,1.5,2.0,5.0,46.0,6.0,0.0
BOOK00477,3.5,2.0,15.0,25.0,3.0,2.0
BOOK00478,5.0,1.0,15.0,33.0,3.0,1.0
BOOK00479,4.5,2.0,4.0,19.0,1.0,3.0
BOOK00480,0.0,0.0,11.0,13.0,1.0,0.0
BOOK00481,,,3.0,23.0,0.0,0.0
BOOK00482,,,9.0,9.0,1.0,0.0
BOOK00483,,,12.0,14.0,1.0,1.0
BOOK00484,,,11.0,10.0,1.0,0.0
BOOK00485,,,5.0,10.0,3.0,0.0
BOOK00486,4.0,1.0,3.0,26.0,2.0,1.0
BOOK00487,,,15.0,9.0,1.0,0.0
BOOK00488,4.5,2.0,3.0,14.0,1.0,2.0
BOOK00489,,,3.0,14.0,0.0,0.0
BOOK00490,,,21.0,7.0,0.0,0.0
BOOK00491,1.0,1.0,3.0,13.0,1.0,1.0
BOOK00492,,,2.0,11.0,2.0,0.0
BOOK00493,,,4.0,9.0,1.0,0.0
BOOK00494,,,4.0,8.0,2.0,0.0
BOOK00495,,,3.0,10.0,1.0,0.0
BOOK00496,1.0,1.0,10.0,6.0,0.0,0.0
BOOK00497,5.0,1.0,5.0,7.0,1.0,0.0
BOOK00498,,,2.0,11.0,2.0,0.0
BOOK00499,,,7.0,9.0,0.0,0.0
BOOK00500,,,9.0,6.0,0.0,0.0
BOOK00501,5.0,1.0,11.0,2.0,0.0,1.0
BOOK00502,,,4.0,8.0,1.0,1.0
BOOK00503,,,6.0,7.0,0.0,0.0
BOOK00504,,,16.0,4.0,1.0,0.0
BOOK00505,,,12.0,4.0,0.0,0.0
BOOK00506,,,3.0,6.0,0.0,0.0
BOOK00507,,,1.0,13.0,0.0,0.0
BOOK00508,,,10.0,6.0,0.0,0.0
BOOK00509,1.0,1.0,2.0,7.0,0.0,1.0
BOOK00510,,,4.0,8.0,1.0,0.0
BOOK00511,,,10.0,4.0,0.0,0.0
BOOK00512,5.0,1.0,8.0,4.0,0.0,1.0
BOOK00513,,,5.0,4.0,0.0,0.0
BOOK00514,,,7.0,3.0,0.0,0.0
BOOK00515,,,1.0,23.0,0.0,0.0
BOOK00516,,,8.0,5.0,0.0,0.0
BOOK00517,,,18.0,1.0,0.0,0.0
BOOK00518,,,1.0,10.0,0.0,0.0
BOOK00519,,,21.0,56.0,2.0,0.0
BOOK00520,5.0,1.0,11.0,24.0,2.0,3.0
BOOK00521,,,26.0,62.0,4.0,2.0
BOOK00522,3.0,1.0,2.0,61.0,4.0,1.0
BOOK00523,,,19.0,25.0,3.0,0.0
BOOK00524,,,1.0,55.0,7.0,0.0
BOOK00525,5.0,1.0,1.0,64.0,1.0,2.0
BOOK00526,0.0,0.0,14.0,22.0,0.0,0.0
BOOK00527,5.0,1.0,6.0,32.0,2.0,0.0
BOOK00528,,,19.0,15.0,1.0,0.0
BOOK00529,,,4.0,42.0,2.0,0.0
BOOK00530,5.0,1.0,13.0,19.0,1.0,2.0
BOOK00531,4.0,1.0,4.0,26.0,1.0,1.0
BOOK00532,,,6.0,28.0,1.0,0.0
BOOK00533,,,23.0,13.0,0.0,0.0
BOOK00534,5.0,1.0,1.0,35.0,5.0,3.0
BOOK00535,,,30.0,15.0,1.0,0.0
BOOK00536,,,5.0,25.0,4.0,0.0
BOOK00537,5.0,1.0,9.0,16.0,0.0,1.0
BOOK00538,5.0,1.0,10.0,15.0,1.0,1.0
BOOK00539,,,4.0,15.0,1.0,0.0
BOOK00540,,,7.0,11.0,1.0,0.0
BOOK00541,,,11.0,13.0,0.0,0.0
BOOK00542,,,18.0,19.0,2.0,0.0
BOOK00543,5.0,1.0,1.0,22.0,3.0,3.0
BOOK00544,,,3.0,15.0,2.0,0.0
BOOK00545,,,6.0,16.0,2.0,1.0
BOOK00546,,,15.0,6.0,0.0,0.0
BOOK00547,,,3.0,16.0,1.0,0.0
BOOK00548,,,4.0,9.0,2.0,0.0
BOOK00549,,,3.0,15.0,2.0,0.0
BOOK00550,,,7.0,11.0,0.0,0.0
BOOK00551,,,14.0,8.0,0.0,1.0
BOOK00552,,,5.0,9.0,0.0,1.0
BOOK00553,,,15.0,5.0,0.0,0.0
BOOK00554,,,14.0,12.0,0.0,0.0
BOOK00555,,,2.0,10.0,0.0,0.0
BOOK00556,,,3.0,8.0,1.0,1.0
BOOK00557,3.0,1.0,2.0,15.0,1.0,1.0
BOOK00558,1.0,1.0,3.0,7.0,1.0,2.0
BOOK00559,,,2.0,13.0,1.0,0.0
BOOK00560,3.5,2.0,2.0,11.0,0.0,3.0
BOOK00561,,,8.0,9.0,2.0,0.0
BOOK00562,,,7.0,6.0,0.0,0.0
BOOK00563,,,6.0,4.0,1.0,0.0
BOOK00564,,,4.0,8.0,0.0,0.0
BOOK00565,,,5.0,13.0,0.0,1.0
BOOK00566,4.5,2.0,8.0,21.0,2.0,2.0
BOOK00567,4.0,1.0,4.0,6.0,3.0,1.0
BOOK00568,5.0,1.0,1.0,20.0,1.0,0.0
BOOK00569,5.0,1.0,13.0,3.0,1.0,0.0
BOOK00570,,,3.0,5.0,1.0,1.0
BOOK00571,,,1.0,15.0,1.0,0.0
BOOK00572,,,2.0,6.0,0.0,0.0
BOOK00573,,,2.0,9.0,0.0,1.0
BOOK00574,5.0,1.0,6.0,3.0,0.0,1.0
BOOK00575,,,8.0,3.0,0.0,0.0
BOOK00576,,,1.0,6.0,1.0,0.0
BOOK00577,,,12.0,2.0,1.0,0.0
BOOK00578,,,4.0,3.0,0.0,0.0
BOOK00579,,,3.0,2.0,1.0,0.0
BOOK00580,,,2.0,4.0,0.0,0.0
BOOK00581,,,5.0,5.0,0.0,0.0
BOOK00582,,,6.0,4.0,0.0,0.0
BOOK00583,1.0,1.0,2.0,2.0,1.0,1.0
BOOK00584,,,5.0,2.0,0.0,0.0
BOOK00585,,,8.0,,,
BOOK00586,,,5.0,1.0,0.0,0.0
BOOK00587,,,1.0,4.0,0.0,0.0
BOOK00588,,,2.0,5.0,0.0,0.0
BOOK00589,,,2.0,2.0,0.0,0.0
BOOK00590,,,7.0,1.0,0.0,0.0
BOOK00591,,,6.0,2.0,0.0,0.0
BOOK00592,,,2.0,2.0,0.0,0.0
BOOK00593,,,1.0,3.0,0.0,0.0
BOOK00594,,,3.0,3.0,0.0,0.0
BOOK00595,,,1.0,3.0,0.0,0.0
BOOK00596,,,1.0,2.0,0.0,0.0
BOOK00597,,,7.0,1.0,0.0,0.0
BOOK00598,,,7.0,1.0,0.0,0.0
BOOK00599,,,3.0,1.0,1.0,0.0
BOOK00600,,,3.0,2.0,0.0,0.0
BOOK00601,,,2.0,2.0,1.0,0.0
BOOK00602,,,6.0,2.0,0.0,0.0
BOOK00603,,,6.0,1.0,0.0,0.0
BOOK00604,1.0,1.0,1.0,1.0,0.0,1.0
BOOK00605,,,3.0,2.0,0.0,0.0
BOOK00606,,,1.0,2.0,1.0,0.0
BOOK00607,,,11.0,,,
BOOK00608,,,7.0,,,
BOOK00609,,,2.0,2.0,0.0,0.0
BOOK00610,,,1.0,3.0,0.0,0.0
BOOK00611,,,5.0,1.0,0.0,0.0
BOOK00612,,,1.0,2.0,0.0,0.0
BOOK00613,5.0,1.0,1.0,1.0,1.0,0.0
BOOK00614,,,6.0,,,
BOOK00615,5.0,3.0,12.0,76.0,6.0,2.0
BOOK00616,5.0,1.0,8.0,44.0,4.0,3.0
BOOK00617,,,14.0,40.0,6.0,0.0
BOOK00618,,,12.0,33.0,2.0,0.0
BOOK00619,,,16.0,19.0,2.0,1.0
BOOK00620,,,17.0,18.0,1.0,1.0
BOOK00621,5.0,2.0,6.0,19.0,2.0,2.0
BOOK00622,5.0,1.0,2.0,42.0,0.0,1.0
BOOK00623,5.0,1.0,7.0,31.0,0.0,0.0
BOOK00624,3.0,2.0,6.0,21.0,3.0,2.0
BOOK00625,3.0,2.0,1.0,49.0,2.0,2.0
BOOK00626,1.0,1.0,2.0,27.0,3.0,1.0
BOOK00627,,,1.0,49.0,1.0,0.0
BOOK00628,5.0,1.0,1.0,32.0,4.0,2.0
BOOK00629,,,11.0,14.0,0.0,0.0
BOOK00630,,,5.0,25.0,0.0,1.0
BOOK00631,5.0,1.0,1.0,31.0,3.0,1.0
BOOK00632,5.0,1.0,7.0,11.0,3.0,1.0
BOOK00633,,,6.0,22.0,0.0,1.0
BOOK00634,5.0,1.0,7.0,15.0,0.0,2.0
BOOK00635,,,10.0,15.0,0.0,1.0
BOOK00636,1.0,1.0,1.0,27.0,4.0,1.0
BOOK00637,,,3.0,15.0,2.0,0.0
BOOK00638,4.5,2.0,2.0,35.0,2.0,0.0
BOOK00639,,,8.0,11.0,3.0,0.0
BOOK00640,,,6.0,11.0,1.0,0.0
BOOK00641,,,5.0,24.0,0.0,0.0
BOOK00642,,,4.0,18.0,0.0,0.0
BOOK00643,4.0,1.0,8.0,11.0,0.0,1.0
BOOK00644,,,13.0,7.0,0.0,1.0
BOOK00645,,,1.0,32.0,1.0,1.0
BOOK00646,5.0,1.0,5.0,13.0,1.0,1.0
BOOK00647,,,4.0,12.0,0.0,1.0
BOOK00648,,,5.0,15.0,3.0,0.0
BOOK00649,,,4.0,10.0,2.0,0.0
BOOK00650,,,7.0,9.0,1.0,0.0
BOOK00651,,,4.0,11.0,0.0,0.0
BOOK00652,,,2.0,14.0,0.0,1.0
BOOK00653,,,11.0,7.0,0.0,0.0
BOOK00654,,,1.0,17.0,1.0,0.0
BOOK00655,,,5.0,9.0,0.0,0.0
BOOK00656,,,5.0,13.0,1.0,0.0
BOOK00657,,,18.0,6.0,0.0,0.0
BOOK00658,,,2.0,9.0,1.0,0.0
BOOK00659,,,9.0,11.0,1.0,0.0
BOOK00660,4.25,12.0,77.0,512.0,41.0,26.0
BOOK00661,4.6,5.0,17.0,51.0,7.0,4.0
BOOK00662,3.0,3.0,17.0,51.0,9.0,4.0
BOOK00663,,,12.0,59.0,3.0,0.0
BOOK00664,,,13.0,42.0,2.0,2.0
BOOK00665,,,14.0,14.0,4.0,0.0
BOOK00666,,,5.0,24.0,3.0,0.0
BOOK00667,,,8.0,16.0,3.0,1.0
BOOK00668,,,9.0,44.0,3.0,0.0
BOOK00669,,,13.0,11.0,3.0,0.0
BOOK00670,,,14.0,6.0,4.0,0.0
BOOK00671,5.0,1.0,9.0,27.0,1.0,2.0
BOOK00672,,,9.0,14.0,0.0,1.0
BOOK00673,,,7.0,17.0,0.0,0.0
BOOK00674,,,9.0,14.0,0.0,0.0
BOOK00675,,,6.0,8.0,2.0,1.0
BOOK00676,5.0,1.0,7.0,15.0,0.0,0.0
BOOK00677,,,16.0,12.0,0.0,0.0
BOOK00678,3.0,1.0,3.0,8.0,0.0,1.0
BOOK00679,,,6.0,9.0,1.0,0.0
BOOK00680,,,13.0,5.0,0.0,0.0
BOOK00681,,,3.0,12.0,1.0,0.0
BOOK00682,,,8.0,6.0,0.0,0.0
BOOK00683,5.0,2.0,1.0,15.0,8.0,0.0
BOOK00684,,,3.0,9.0,2.0,0.0
BOOK00685,,,10.0,7.0,0.0,0.0
BOOK00686,,,10.0,5.0,1.0,0.0
BOOK00687,5.0,1.0,6.0,6.0,0.0,1.0
BOOK00688,,,6.0,7.0,0.0,0.0
BOOK00689,,,3.0,6.0,1.0,0.0
BOOK00690,,,15.0,2.0,0.0,0.0
BOOK00691,5.0,2.0,1.0,11.0,1.0,0.0
BOOK00692,,,2.0,12.0,1.0,0.0
BOOK00693,,,13.0,2.0,0.0,0.0
BOOK00694,5.0,1.0,4.0,8.0,1.0,0.0
BOOK00695,5.0,1.0,8.0,2.0,1.0,1.0
BOOK00696,,,5.0,7.0,0.0,0.0
BOOK00697,,,5.0,4.0,0.0,0.0
BOOK00698,,,3.0,9.0,1.0,1.0
BOOK00699,,,11.0,2.0,0.0,0.0
BOOK00700,,,10.0,3.0,0.0,0.0
BOOK00701,,,4.0,6.0,0.0,0.0
BOOK00702,,,3.0,7.0,0.0,0.0
BOOK00703,,,6.0,3.0,0.0,0.0
BOOK00704,,,2.0,6.0,0.0,0.0
BOOK00705,,,6.0,2.0,1.0,0.0
BOOK00706,,,7.0,2.0,1.0,0.0
BOOK00707,5.0,1.0,6.0,4.0,0.0,0.0
BOOK00708,1.0,1.0,22.0,48.0,7.0,3.0
BOOK00709,3.0769231,13.0,4.0,516.0,21.0,12.0
BOOK00710,3.8,5.0,4.0,194.0,7.0,7.0
BOOK00711,,,6.0,18.0,0.0,1.0
BOOK00712,,,3.0,11.0,1.0,0.0
BOOK00713,,,5.0,9.0,0.0,0.0
BOOK00714,3.0,1.0,1.0,58.0,6.0,0.0
BOOK00715,,,6.0,17.0,0.0,0.0
BOOK00716,,,11.0,4.0,0.0,0.0
BOOK00717,,,2.0,17.0,2.0,0.0
BOOK00718,,,8.0,5.0,0.0,0.0
BOOK00719,,,16.0,2.0,0.0,0.0
BOOK00720,,,7.0,3.0,0.0,0.0
BOOK00721,3.0,1.0,4.0,6.0,1.0,1.0
BOOK00722,,,3.0,13.0,1.0,1.0
BOOK00723,0.0,0.0,6.0,2.0,1.0,0.0
BOOK00724,4.0,2.0,1.0,19.0,0.0,2.0
BOOK00725,,,13.0,1.0,0.0,0.0
BOOK00726,,,1.0,5.0,0.0,0.0
BOOK00727,,,3.0,5.0,0.0,0.0
BOOK00728,,,2.0,2.0,0.0,1.0
BOOK00729,5.0,1.0,5.0,8.0,0.0,0.0
BOOK00730,,,2.0,6.0,0.0,0.0
BOOK00731,,,2.0,4.0,0.0,0.0
BOOK00732,,,5.0,2.0,0.0,0.0
BOOK00733,,,5.0,3.0,0.0,0.0
BOOK00734,3.9130435,23.0,15.0,759.0,40.0,28.0
BOOK00735,,,4.0,2.0,0.0,0.0
BOOK00736,,,2.0,5.0,0.0,0.0
BOOK00737,,,4.0,3.0,0.0,0.0
BOOK00738,,,1.0,4.0,0.0,0.0
BOOK00739,,,19.0,11.0,0.0,0.0
BOOK00740,,,2.0,5.0,0.0,0.0
BOOK00741,,,8.0,11.0,0.0,0.0
BOOK00742,5.0,1.0,2.0,2.0,0.0,1.0
BOOK00743,,,2.0,2.0,0.0,0.0
BOOK00744,,,1.0,3.0,0.0,0.0
BOOK00745,,,2.0,3.0,0.0,1.0
BOOK00746,1.0,1.0,15.0,63.0,3.0,1.0
BOOK00747,,,7.0,,,
BOOK00748,,,2.0,6.0,0.0,0.0
BOOK00749,,,1.0,4.0,0.0,0.0
BOOK00750,,,9.0,,,
BOOK00751,,,2.0,3.0,0.0,0.0
BOOK00752,,,6.0,1.0,0.0,0.0
BOOK00753,0.0,0.0,6.0,0.0,0.0,0.0
BOOK00754,,,1.0,2.0,0.0,0.0
BOOK00755,,,1.0,9.0,1.0,0.0
BOOK00756,3.0,2.0,1.0,71.0,15.0,1.0
BOOK00757,,,1.0,7.0,0.0,1.0
BOOK00758,4.285714,7.0,65.0,253.0,32.0,14.0
BOOK00759,3.8333333,6.0,80.0,250.0,22.0,6.0
BOOK00760,4.2,5.0,29.0,157.0,18.0,2.0
BOOK00761,4.0,4.0,8.0,33.0,2.0,1.0
BOOK00762,,,7.0,41.0,4.0,0.0
BOOK00763,,,9.0,21.0,0.0,0.0
BOOK00764,,,8.0,40.0,6.0,1.0
BOOK00765,2.0,1.0,9.0,26.0,3.0,0.0
BOOK00766,1.0,1.0,6.0,29.0,2.0,0.0
BOOK00767,,,9.0,19.0,0.0,0.0
BOOK00768,,,13.0,12.0,1.0,0.0
BOOK00769,,,2.0,40.0,5.0,0.0
BOOK00770,,,20.0,15.0,0.0,1.0
BOOK00771,,,5.0,12.0,0.0,1.0
BOOK00772,,,8.0,7.0,0.0,0.0
BOOK00773,4.5,2.0,1.0,56.0,4.0,1.0
BOOK00774,,,6.0,7.0,1.0,0.0
BOOK00775,5.0,1.0,13.0,21.0,1.0,2.0
BOOK00776,,,20.0,11.0,1.0,1.0
BOOK00777,,,8.0,10.0,0.0,1.0
BOOK00778,0.0,0.0,58.0,10.0,0.0,0.0
BOOK00779,,,1.0,18.0,0.0,1.0
BOOK00780,,,7.0,16.0,0.0,0.0
BOOK00781,0.0,0.0,13.0,13.0,1.0,0.0
BOOK00782,,,3.0,7.0,2.0,0.0
BOOK00783,,,4.0,17.0,0.0,0.0
BOOK00784,5.0,1.0,6.0,13.0,1.0,0.0
BOOK00785,,,2.0,9.0,0.0,0.0
BOOK00786,,,2.0,14.0,0.0,0.0
BOOK00787,,,1.0,14.0,0.0,0.0
BOOK00788,5.0,1.0,9.0,4.0,1.0,1.0
BOOK00789,4.0,1.0,1.0,42.0,2.0,5.0
BOOK00790,,,21.0,2.0,0.0,0.0
BOOK00791,,,13.0,4.0,1.0,1.0
BOOK00792,4.0,1.0,6.0,8.0,0.0,1.0
BOOK00793,5.0,1.0,19.0,6.0,0.0,0.0
BOOK00794,3.0,1.0,1.0,19.0,2.0,1.0
BOOK00795,,,2.0,12.0,0.0,0.0
BOOK00796,4.0,1.0,4.0,7.0,1.0,2.0
BOOK00797,,,4.0,4.0,2.0,0.0
BOOK00798,5.0,1.0,17.0,6.0,1.0,1.0
BOOK00799,,,1.0,20.0,0.0,0.0
BOOK00800,,,1.0,18.0,2.0,0.0
BOOK00801,0.0,0.0,13.0,6.0,0.0,0.0
BOOK00802,,,17.0,5.0,1.0,0.0
BOOK00803,,,2.0,9.0,0.0,0.0
BOOK00804,3.0,2.0,29.0,59.0,10.0,0.0
BOOK00805,,,4.0,12.0,1.0,0.0
BOOK00806,3.4,5.0,15.0,204.0,16.0,14.0
BOOK00807,3.9166667,12.0,11.0,243.0,37.0,6.0
BOOK00808,4.285714,7.0,14.0,129.0,10.0,6.0
BOOK00809,4.45,20.0,38.0,336.0,28.0,30.0
BOOK00810,3.75,8.0,5.0,141.0,15.0,7.0
BOOK00811,5.0,3.0,10.0,131.0,6.0,2.0
BOOK00812,3.0,2.0,10.0,109.0,11.0,3.0
BOOK00813,5.0,1.0,15.0,55.0,3.0,2.0
BOOK00814,5.0,1.0,11.0,59.0,5.0,1.0
BOOK00815,,,8.0,124.0,16.0,0.0
BOOK00816,2.8888888,9.0,2.0,267.0,29.0,6.0
BOOK00817,2.3333333,3.0,2.0,109.0,9.0,2.0
BOOK00818,2.9,10.0,47.0,417.0,28.0,12.0
BOOK00819,3.0,2.0,7.0,159.0,13.0,2.0
BOOK00820,2.0,1.0,7.0,176.0,9.0,1.0
BOOK00821,4.5,2.0,19.0,48.0,6.0,1.0
BOOK00822,5.0,1.0,17.0,52.0,6.0,2.0
BOOK00823,5.0,1.0,14.0,37.0,3.0,1.0
BOOK00824,3.5,2.0,15.0,37.0,3.0,2.0
BOOK00825,4.25,4.0,20.0,114.0,3.0,15.0
BOOK00826,2.0,1.0,14.0,41.0,1.0,3.0
BOOK00827,3.0,1.0,44.0,52.0,3.0,1.0
BOOK00828,3.0,1.0,21.0,72.0,2.0,1.0
BOOK00829,4.0,2.0,11.0,36.0,2.0,2.0
BOOK00830,4.0,4.0,5.0,70.0,7.0,1.0
BOOK00831,,,4.0,73.0,2.0,2.0
BOOK00832,,,23.0,27.0,4.0,1.0
BOOK00833,5.0,2.0,8.0,59.0,7.0,1.0
BOOK00834,3.6666667,6.0,1.0,146.0,10.0,3.0
BOOK00835,3.0,2.0,9.0,34.0,5.0,2.0
BOOK00836,3.75,4.0,2.0,130.0,14.0,4.0
BOOK00837,4.75,4.0,14.0,59.0,6.0,2.0
BOOK00838,4.5,2.0,14.0,30.0,2.0,2.0
BOOK00839,5.0,2.0,12.0,24.0,4.0,2.0
BOOK00840,4.75,4.0,5.0,56.0,3.0,3.0
BOOK00841,5.0,1.0,16.0,37.0,7.0,1.0
BOOK00842,5.0,1.0,22.0,21.0,2.0,1.0
BOOK00843,,,18.0,67.0,0.0,0.0
BOOK00844,,,5.0,38.0,4.0,1.0
BOOK00845,5.0,1.0,11.0,57.0,4.0,1.0
BOOK00846,3.0,2.0,16.0,30.0,0.0,3.0
BOOK00847,5.0,2.0,13.0,30.0,5.0,5.0
BOOK00848,4.0,1.0,22.0,61.0,5.0,2.0
BOOK00849,4.8333335,6.0,3.0,70.0,4.0,6.0
BOOK00850,5.0,2.0,9.0,20.0,4.0,3.0
BOOK00851,,,20.0,14.0,2.0,0.0
BOOK00852,4.714286,7.0,1.0,146.0,15.0,6.0
BOOK00853,5.0,2.0,30.0,70.0,4.0,1.0
BOOK00854,5.0,4.0,3.0,58.0,8.0,4.0
BOOK00855,1.0,1.0,12.0,44.0,5.0,1.0
BOOK00856,3.942029,69.0,39.0,2335.0,200.0,106.0
BOOK00857,3.8888888,9.0,7.0,499.0,29.0,18.0
BOOK00858,4.3333335,3.0,1.0,141.0,13.0,4.0
BOOK00859,4.25,4.0,20.0,174.0,14.0,5.0
BOOK00860,5.0,1.0,3.0,72.0,7.0,2.0
BOOK00861,4.0,4.0,2.0,70.0,5.0,3.0
BOOK00862,,,1.0,29.0,0.0,1.0
BOOK00863,,,3.0,19.0,2.0,2.0
BOOK00864,3.0,2.0,1.0,23.0,3.0,2.0
BOOK00865,,,1.0,36.0,3.0,1.0
BOOK00866,,,1.0,32.0,0.0,0.0
BOOK00867,,,2.0,19.0,1.0,0.0
BOOK00868,0.0,0.0,3.0,15.0,2.0,1.0
BOOK00869,,,2.0,11.0,0.0,1.0
BOOK00870,,,1.0,31.0,2.0,1.0
BOOK00871,3.5,2.0,1.0,17.0,0.0,4.0
BOOK00872,,,1.0,12.0,1.0,0.0
BOOK00873,,,1.0,8.0,1.0,0.0
BOOK00874,,,3.0,8.0,0.0,0.0
BOOK00875,,,2.0,26.0,0.0,0.0
BOOK00876,,,6.0,6.0,0.0,0.0
BOOK00877,,,4.0,14.0,0.0,0.0
BOOK00878,,,7.0,6.0,0.0,0.0
BOOK00879,5.0,1.0,2.0,17.0,0.0,2.0
BOOK00880,,,2.0,8.0,1.0,0.0
BOOK00881,,,2.0,11.0,2.0,0.0
BOOK00882,,,1.0,7.0,1.0,1.0
BOOK00883,,,3.0,7.0,1.0,0.0
BOOK00884,1.0,1.0,12.0,7.0,0.0,0.0
BOOK00885,,,1.0,7.0,1.0,0.0
BOOK00886,,,4.0,13.0,2.0,0.0
BOOK00887,,,2.0,10.0,1.0,0.0
BOOK00888,,,1.0,80.0,5.0,0.0
BOOK00889,4.0,1.0,6.0,10.0,1.0,1.0
BOOK00890,,,2.0,6.0,1.0,1.0
BOOK00891,,,5.0,3.0,0.0,0.0
BOOK00892,,,5.0,10.0,1.0,1.0
BOOK00893,,,5.0,4.0,0.0,0.0
BOOK00894,,,4.0,6.0,0.0,0.0
BOOK00895,,,1.0,6.0,0.0,0.0
BOOK00896,,,1.0,9.0,2.0,0.0
BOOK00897,,,1.0,7.0,0.0,0.0
BOOK00898,,,1.0,7.0,0.0,0.0
BOOK00899,,,11.0,3.0,0.0,0.0
BOOK00900,5.0,1.0,1.0,33.0,2.0,1.0
BOOK00901,,,1.0,7.0,0.0,0.0
BOOK00902,,,1.0,7.0,0.0,0.0
BOOK00903,,,1.0,5.0,0.0,0.0
BOOK00904,5.0,3.0,1.0,46.0,4.0,3.0
BOOK00905,,,1.0,13.0,0.0,1.0
BOOK00906,,,4.0,9.0,1.0,1.0
BOOK00907,,,8.0,11.0,0.0,1.0
BOOK00908,5.0,1.0,4.0,8.0,2.0,1.0
BOOK00909,,,2.0,10.0,0.0,0.0
BOOK00910,,,9.0,4.0,1.0,0.0
BOOK00911,,,7.0,3.0,0.0,0.0
BOOK00912,,,1.0,5.0,0.0,1.0
BOOK00913,,,2.0,1.0,0.0,1.0
BOOK00914,,,9.0,,,
BOOK00915,4.0,17.0,20.0,303.0,14.0,22.0
BOOK00916,,,2.0,3.0,0.0,0.0
BOOK00917,3.0,1.0,2.0,0.0,0.0,1.0
BOOK00918,,,7.0,,,
BOOK00919,5.0,1.0,3.0,2.0,0.0,0.0
BOOK00920,,,2.0,0.0,0.0,1.0
BOOK00921,,,7.0,,,
BOOK00922,,,1.0,3.0,0.0,0.0
BOOK00923,,,2.0,1.0,0.0,0.0
BOOK00924,,,2.0,1.0,0.0,0.0
BOOK00925,,,4.0,,,
BOOK00926,,,5.0,,,
BOOK00927,,,6.0,,,
BOOK00928,,,6.0,,,
BOOK00929,,,1.0,2.0,0.0,0.0
BOOK00930,,,2.0,1.0,0.0,0.0
BOOK00931,,,4.0,1.0,0.0,0.0
BOOK00932,4.0,3.0,33.0,68.0,5.0,7.0
BOOK00933,,,4.0,,,
BOOK00934,,,3.0,1.0,0.0,0.0
BOOK00935,,,3.0,0.0,0.0,0.0
BOOK00936,,,7.0,,,
BOOK00937,,,4.0,,,
BOOK00938,,,7.0,,,
BOOK00939,,,5.0,,,
BOOK00940,,,5.0,,,
BOOK00941,,,2.0,1.0,0.0,0.0
BOOK00942,,,5.0,1.0,0.0,0.0
BOOK00943,,,9.0,18.0,2.0,0.0
BOOK00944,,,5.0,,,
BOOK00945,,,5.0,,,
BOOK00946,,,2.0,2.0,0.0,0.0
BOOK00947,,,2.0,,,
BOOK00948,,,5.0,,,
BOOK00949,,,5.0,,,
BOOK00950,,,5.0,,,
