book_id,openlibrary_work_key,status,edition_rows,reported_size,error
BOOK00001,/works/OL2630041W,success,21,21.0,
BOOK00002,/works/OL2731767W,success,26,26.0,
BOOK00003,/works/OL302757W,success,1,1.0,
BOOK00004,/works/OL450702W,success,8,8.0,
BOOK00005,/works/OL94176W,success,5,5.0,
BOOK00006,/works/OL28124W,success,12,12.0,
BOOK00007,/works/OL7956784W,success,8,8.0,
BOOK00008,/works/OL2421691W,success,1,1.0,
BOOK00009,/works/OL18146967W,success,9,9.0,
BOOK00010,/works/OL8921343W,success,31,31.0,
BOOK00011,/works/OL19982874W,success,12,12.0,
BOOK00012,/works/OL1947324W,success,11,11.0,
BOOK00013,/works/OL1807678W,success,3,3.0,
BOOK00014,/works/OL30484W,success,4,4.0,
BOOK00015,/works/OL1815713W,success,5,5.0,
BOOK00016,/works/OL1974749W,success,40,40.0,
BOOK00017,/works/OL17628850W,success,10,10.0,
BOOK00018,/works/OL16296611W,success,1,1.0,
BOOK00019,/works/OL17934890W,success,11,11.0,
BOOK00020,/works/OL1693759W,success,7,7.0,
BOOK00021,/works/OL21002118W,success,9,9.0,
BOOK00022,/works/OL11659147W,success,13,13.0,
BOOK00023,/works/OL2649476W,success,3,3.0,
BOOK00024,/works/OL30487W,success,6,6.0,
BOOK00025,/works/OL694165W,success,5,5.0,
BOOK00026,/works/OL19907717W,success,1,1.0,
BOOK00027,/works/OL1835386W,success,18,18.0,
BOOK00028,/works/OL5367479W,success,14,14.0,
BOOK00029,/works/OL1974738W,success,39,39.0,
BOOK00030,/works/OL3359455W,success,36,36.0,
BOOK00031,/works/OL7912826W,success,3,3.0,
BOOK00032,/works/OL9947459W,success,5,5.0,
BOOK00033,/works/OL2631715W,success,15,15.0,
BOOK00034,/works/OL9723833W,success,13,13.0,
BOOK00035,/works/OL20703991W,success,7,7.0,
BOOK00036,/works/OL25348188W,success,10,10.0,
BOOK00037,/works/OL18306659W,success,2,2.0,
BOOK00038,/works/OL20220610W,success,5,5.0,
BOOK00039,/works/OL18785478W,success,7,7.0,
BOOK00040,/works/OL16918034W,success,8,8.0,
BOOK00041,/works/OL9454258W,success,16,16.0,
BOOK00042,/works/OL1906630W,success,5,5.0,
BOOK00043,/works/OL66047W,success,7,7.0,
BOOK00044,/works/OL4138839W,success,7,7.0,
BOOK00045,/works/OL8051336W,success,7,7.0,
BOOK00046,/works/OL5591010W,success,2,2.0,
BOOK00047,/works/OL1854816W,success,22,22.0,
BOOK00048,/works/OL5698702W,success,1,1.0,
BOOK00049,/works/OL513860W,success,3,3.0,
BOOK00050,/works/OL18724331W,success,2,2.0,
BOOK00051,/works/OL2631027W,success,4,4.0,
BOOK00052,/works/OL2421703W,success,1,1.0,
BOOK00053,/works/OL15443861W,success,4,4.0,
BOOK00054,/works/OL2002372W,success,7,7.0,
BOOK00055,/works/OL18564486W,success,8,8.0,
BOOK00056,/works/OL20593977W,success,6,6.0,
BOOK00057,/works/OL840850W,success,3,3.0,
BOOK00058,/works/OL3419920W,success,8,8.0,
BOOK00059,/works/OL19124120W,success,5,5.0,
BOOK00060,/works/OL23199296W,success,5,5.0,
BOOK00061,/works/OL2002371W,success,1,1.0,
BOOK00062,/works/OL3744961W,success,2,2.0,
BOOK00063,/works/OL22581744W,success,1,1.0,
BOOK00064,/works/OL4655515W,success,2,2.0,
BOOK00065,/works/OL20374782W,success,4,4.0,
BOOK00066,/works/OL18787789W,success,8,8.0,
BOOK00067,/works/OL26498430W,success,4,4.0,
BOOK00068,/works/OL15452494W,success,2,2.0,
BOOK00069,/works/OL2656738W,success,2,2.0,
BOOK00070,/works/OL25704183W,success,4,4.0,
BOOK00071,/works/OL9699269W,success,5,5.0,
BOOK00072,/works/OL25180372W,success,4,4.0,
BOOK00073,/works/OL21284859W,success,6,6.0,
BOOK00074,/works/OL59396W,success,4,4.0,
BOOK00075,/works/OL20192611W,success,2,2.0,
BOOK00076,/works/OL20293708W,success,7,7.0,
BOOK00077,/works/OL21490762W,success,6,6.0,
BOOK00078,/works/OL21047950W,success,6,6.0,
BOOK00079,/works/OL25144317W,success,6,6.0,
BOOK00080,/works/OL16114022W,success,1,1.0,
BOOK00081,/works/OL25209587W,success,5,5.0,
BOOK00082,/works/OL27542534W,success,1,1.0,
BOOK00083,/works/OL15508124W,success,1,1.0,
BOOK00084,/works/OL20261418W,success,3,3.0,
BOOK00085,/works/OL21287613W,success,5,5.0,
BOOK00086,/works/OL27700028W,success,1,1.0,
BOOK00087,/works/OL3951054W,success,1,1.0,
BOOK00088,/works/OL11019317W,success,2,2.0,
BOOK00089,/works/OL19124558W,success,5,5.0,
BOOK00090,/works/OL1819729W,success,5,5.0,
BOOK00091,/works/OL11929114W,success,4,4.0,
BOOK00092,/works/OL1923307W,success,3,3.0,
BOOK00093,/works/OL36466813W,success,3,3.0,
BOOK00094,/works/OL19561785W,success,3,3.0,
BOOK00095,/works/OL18845534W,success,3,3.0,
BOOK00096,/works/OL15805280W,success,1,1.0,
BOOK00097,/works/OL20221499W,success,6,6.0,
BOOK00098,/works/OL18640373W,success,1,1.0,
BOOK00099,/works/OL73261W,success,3,3.0,
BOOK00100,/works/OL2672537W,success,5,5.0,
BOOK00101,/works/OL4294411W,success,6,6.0,
BOOK00102,/works/OL15170644W,success,6,6.0,
BOOK00103,/works/OL6357706W,success,1,1.0,
BOOK00104,/works/OL272920W,success,43,43.0,
BOOK00105,/works/OL2632000W,success,2,2.0,
BOOK00106,/works/OL21282293W,success,5,5.0,
BOOK00107,/works/OL16726909W,success,5,5.0,
BOOK00108,/works/OL20764205W,success,4,4.0,
BOOK00109,/works/OL20352066W,success,3,3.0,
BOOK00110,/works/OL9160155W,success,3,3.0,
BOOK00111,/works/OL31757099W,success,3,3.0,
BOOK00112,/works/OL178488W,success,2,2.0,
BOOK00113,/works/OL12555073W,success,2,2.0,
BOOK00114,/works/OL3346518W,success,2,2.0,
BOOK00115,/works/OL4613019W,success,2,2.0,
BOOK00116,/works/OL11150616W,success,1,1.0,
BOOK00117,/works/OL40675189W,success,2,2.0,
BOOK00118,/works/OL186153W,success,2,2.0,
BOOK00119,/works/OL19506401W,success,2,2.0,
BOOK00120,/works/OL28958132W,success,1,1.0,
BOOK00121,/works/OL37440322W,success,1,1.0,
BOOK00122,/works/OL45919298W,success,1,1.0,
BOOK00123,/works/OL17671901M,error,0,,404 Client Error: Not Found for url: https://openlibrary.org/works/OL17671901M/editions.json?limit=50&offset=0
BOOK00124,/works/OL10932218W,success,1,1.0,
BOOK00125,/works/OL34016806W,success,1,1.0,
BOOK00126,/works/OL18345228W,success,1,1.0,
BOOK00127,/works/OL25126597W,success,2,2.0,
BOOK00128,/works/OL8924498W,success,1,1.0,
BOOK00129,/works/OL3703775W,success,1,1.0,
BOOK00130,/works/OL8716894W,success,3,3.0,
BOOK00131,/works/OL21116860W,success,7,7.0,
BOOK00132,/works/OL6336195W,success,1,1.0,
BOOK00133,/works/OL21519932W,success,1,1.0,
BOOK00134,/works/OL2587520W,success,2,2.0,
BOOK00135,/works/OL5595907W,success,1,1.0,
BOOK00136,/works/OL20763513W,success,2,2.0,
BOOK00137,/works/OL4197287W,success,1,1.0,
BOOK00138,/works/OL38711582W,success,1,1.0,
BOOK00139,/works/OL31882964W,success,1,1.0,
BOOK00140,/works/OL6556608W,success,3,3.0,
BOOK00141,/works/OL12264306W,success,1,1.0,
BOOK00142,/works/OL35415246W,success,1,1.0,
BOOK00143,/works/OL37251810W,success,1,1.0,
BOOK00144,/works/OL31623052W,success,1,1.0,
BOOK00145,/works/OL24697310W,success,1,1.0,
BOOK00146,/works/OL12527724W,success,6,6.0,
BOOK00147,/works/OL5276233W,success,4,4.0,
BOOK00148,/works/OL27684096W,success,1,1.0,
BOOK00149,/works/OL2733067W,success,2,2.0,
BOOK00150,/works/OL1856010W,success,14,14.0,
BOOK00151,/works/OL21139445W,success,2,2.0,
BOOK00152,/works/OL1959738W,success,1,1.0,
BOOK00153,/works/OL2687121W,success,5,5.0,
BOOK00154,/works/OL4450508W,success,2,2.0,
BOOK00155,/works/OL15325310W,success,3,3.0,
BOOK00156,/works/OL2877876W,success,1,1.0,
BOOK00157,/works/OL21865071W,success,1,1.0,
BOOK00158,/works/OL1974742W,success,2,2.0,
BOOK00159,/works/OL19968836W,success,5,5.0,
BOOK00160,/works/OL21877448W,success,4,4.0,
BOOK00161,/works/OL21271940W,success,6,6.0,
BOOK00162,/works/OL24995476W,success,1,1.0,
BOOK00163,/works/OL21058637W,success,11,11.0,
BOOK00164,/works/OL3363246W,success,2,2.0,
BOOK00165,/works/OL29567685W,success,1,1.0,
BOOK00166,/works/OL3058217W,success,1,1.0,
BOOK00167,/works/OL16821124W,success,11,11.0,
BOOK00168,/works/OL33715638W,success,2,2.0,
BOOK00169,/works/OL2971992W,success,3,3.0,
BOOK00170,/works/OL4406543W,success,2,2.0,
BOOK00171,/works/OL19419475W,success,2,2.0,
BOOK00172,/works/OL39127787W,success,2,2.0,
BOOK00173,/works/OL13399015W,success,2,2.0,
BOOK00174,/works/OL25172394W,success,5,5.0,
BOOK00175,/works/OL29438046W,success,3,3.0,
BOOK00176,/works/OL16938759W,success,1,1.0,
BOOK00177,/works/OL21024005W,success,2,2.0,
BOOK00178,/works/OL21304733W,success,6,6.0,
BOOK00179,/works/OL38266935W,success,1,1.0,
BOOK00180,/works/OL28205548W,success,1,1.0,
BOOK00181,/works/OL29420795W,success,1,1.0,
BOOK00182,/works/OL12107242W,success,1,1.0,
BOOK00183,/works/OL5830316W,success,4,4.0,
BOOK00184,/works/OL31272706W,success,1,1.0,
BOOK00185,/works/OL2924417W,success,2,2.0,
BOOK00186,/works/OL8657209W,success,1,1.0,
BOOK00187,/works/OL40036856W,success,1,1.0,
BOOK00188,/works/OL25020688W,success,8,8.0,
BOOK00189,/works/OL20000938W,success,5,5.0,
BOOK00190,/works/OL21286448W,success,2,2.0,
BOOK00191,/works/OL9897459W,success,1,1.0,
BOOK00192,/works/OL3033847W,success,1,1.0,
BOOK00193,/works/OL2421709W,success,3,3.0,
BOOK00194,/works/OL23862631W,success,3,3.0,
BOOK00195,/works/OL16509538W,success,9,9.0,
BOOK00196,/works/OL3476508W,success,2,2.0,
BOOK00197,/works/OL29761359W,success,4,4.0,
BOOK00198,/works/OL21153306W,success,2,2.0,
BOOK00199,/works/OL21127180W,success,5,5.0,
BOOK00200,/works/OL19968818W,success,6,6.0,
BOOK00201,/works/OL23259812W,success,1,1.0,
BOOK00202,/works/OL16500699W,success,1,1.0,
BOOK00203,/works/OL18185438W,success,1,1.0,
BOOK00204,/works/OL11651359W,success,1,1.0,
BOOK00205,/works/OL28735935W,success,1,1.0,
BOOK00206,/works/OL21710386W,success,3,3.0,
BOOK00207,/works/OL36733507W,success,4,4.0,
BOOK00208,/works/OL19718601W,success,2,2.0,
BOOK00209,/works/OL9372006W,success,11,11.0,
BOOK00210,/works/OL16167822W,success,3,3.0,
BOOK00211,/works/OL2953791W,success,1,1.0,
BOOK00212,/works/OL37836630W,success,3,3.0,
BOOK00213,/works/OL2720383W,success,2,2.0,
BOOK00214,/works/OL8994178W,success,1,1.0,
BOOK00215,/works/OL5957923W,success,1,1.0,
BOOK00216,/works/OL21076591W,success,1,1.0,
BOOK00217,/works/OL24205378W,success,3,3.0,
BOOK00218,/works/OL25326177W,success,2,2.0,
BOOK00219,/works/OL4641084W,success,1,1.0,
BOOK00220,/works/OL2615445W,success,2,2.0,
BOOK00221,/works/OL23234902W,success,3,3.0,
BOOK00222,/works/OL16144446W,success,1,1.0,
BOOK00223,/works/OL21583154W,success,3,3.0,
BOOK00224,/works/OL24587375W,success,3,3.0,
BOOK00225,/works/OL27799464W,success,4,4.0,
BOOK00226,/works/OL28172934W,success,1,1.0,
BOOK00227,/works/OL44609028W,success,5,5.0,
BOOK00228,/works/OL39175195W,success,1,1.0,
BOOK00229,/works/OL3263681W,success,1,1.0,
BOOK00230,/works/OL2896803W,success,5,5.0,
BOOK00231,/works/OL39200027W,success,2,2.0,
BOOK00232,/works/OL20592844W,success,6,6.0,
BOOK00233,/works/OL44597810W,success,3,3.0,
BOOK00234,/works/OL1903158W,success,4,4.0,
BOOK00235,/works/OL24701696W,success,3,3.0,
BOOK00236,/works/OL1903148W,success,5,5.0,
BOOK00237,/works/OL16997792W,success,1,1.0,
BOOK00238,/works/OL5816128W,success,2,2.0,
BOOK00239,/works/OL24326584W,success,7,7.0,
BOOK00240,/works/OL2726376W,success,2,2.0,
BOOK00241,/works/OL9595789W,success,1,1.0,
BOOK00242,/works/OL24912130W,success,1,1.0,
BOOK00243,/works/OL18177476W,success,1,1.0,
BOOK00244,/works/OL1861949W,success,1,1.0,
BOOK00245,/works/OL16327340W,success,1,1.0,
BOOK00246,/works/OL16295981W,success,1,1.0,
BOOK00247,/works/OL18637084W,success,1,1.0,
BOOK00248,/works/OL14925607W,success,3,3.0,
BOOK00249,/works/OL20167114W,success,2,2.0,
BOOK00250,/works/OL30232477W,success,1,1.0,
BOOK00251,/works/OL2471245W,success,1,1.0,
BOOK00252,/works/OL16191519W,success,1,1.0,
BOOK00253,/works/OL25178288W,success,6,6.0,
BOOK00254,/works/OL9035377W,success,1,1.0,
BOOK00255,/works/OL8925520W,success,1,1.0,
BOOK00256,/works/OL1812464W,success,1,1.0,
BOOK00257,/works/OL16445928W,success,2,2.0,
BOOK00258,/works/OL28715515W,success,5,5.0,
BOOK00259,/works/OL28452071W,success,2,2.0,
BOOK00260,/works/OL28668941W,success,1,1.0,
BOOK00261,/works/OL25763126W,success,2,2.0,
BOOK00262,/works/OL1851682W,success,2,2.0,
BOOK00263,/works/OL24114452W,success,1,1.0,
BOOK00264,/works/OL21162868W,success,1,1.0,
BOOK00265,/works/OL20183387W,success,4,4.0,
BOOK00266,/works/OL34056020W,success,2,2.0,
BOOK00267,/works/OL1812466W,success,4,4.0,
BOOK00268,/works/OL2259860W,success,1,1.0,
BOOK00269,/works/OL21466423W,success,3,3.0,
BOOK00270,/works/OL9878008W,success,5,5.0,
BOOK00271,/works/OL26822665W,success,2,2.0,
BOOK00272,/works/OL26748521W,success,3,3.0,
BOOK00273,/works/OL40442793W,success,1,1.0,
BOOK00274,/works/OL27394506W,success,4,4.0,
BOOK00275,/works/OL15456995W,success,1,1.0,
BOOK00276,/works/OL39682345W,success,1,1.0,
BOOK00277,/works/OL22326207W,success,2,2.0,
BOOK00278,/works/OL38112557W,success,2,2.0,
BOOK00279,/works/OL20723198W,success,3,3.0,
BOOK00280,/works/OL1903299W,success,2,2.0,
BOOK00281,/works/OL1807518W,success,66,66.0,
BOOK00282,/works/OL58235W,success,95,95.0,
BOOK00283,/works/OL17371073W,success,1,1.0,
BOOK00284,/works/OL11789290W,success,6,6.0,
BOOK00285,/works/OL1887971W,success,23,23.0,
BOOK00286,/works/OL5506777W,success,16,16.0,
BOOK00287,/works/OL1987799W,success,25,25.0,
BOOK00288,/works/OL3266788W,success,12,12.0,
BOOK00289,/works/OL181821W,success,39,39.0,
BOOK00290,/works/OL16002869W,success,55,55.0,
BOOK00291,/works/OL510772W,success,28,28.0,
BOOK00292,/works/OL2355834W,success,7,7.0,
BOOK00293,/works/OL2024238W,success,29,29.0,
BOOK00294,/works/OL1850195W,success,43,43.0,
BOOK00295,/works/OL22785378W,success,2,2.0,
BOOK00296,/works/OL467494W,success,45,45.0,
BOOK00297,/works/OL274337W,success,37,37.0,
BOOK00298,/works/OL1982791W,success,11,11.0,
BOOK00299,/works/OL2950077W,success,13,13.0,
BOOK00300,/works/OL1826745W,success,20,20.0,
BOOK00301,/works/OL1866671W,success,37,37.0,
BOOK00302,/works/OL3232991W,success,21,21.0,
BOOK00303,/works/OL2689914W,success,5,5.0,
BOOK00304,/works/OL2000302W,success,17,17.0,
BOOK00305,/works/OL1874172W,success,34,34.0,
BOOK00306,/works/OL2669571W,success,11,11.0,
BOOK00307,/works/OL452404W,success,39,39.0,
BOOK00308,/works/OL5616271W,success,8,8.0,
BOOK00309,/works/OL102817W,success,15,15.0,
BOOK00310,/works/OL2667692W,success,18,18.0,
BOOK00311,/works/OL1839162W,success,14,14.0,
BOOK00312,/works/OL37971W,success,15,15.0,
BOOK00313,/works/OL12420780W,success,18,18.0,
BOOK00314,/works/OL2967291W,success,4,4.0,
BOOK00315,/works/OL66049W,success,15,15.0,
BOOK00316,/works/OL2688120W,success,14,14.0,
BOOK00317,/works/OL2024237W,success,20,20.0,
BOOK00318,/works/OL2634165W,success,25,25.0,
BOOK00319,/works/OL28972W,success,14,14.0,
BOOK00320,/works/OL2722532W,success,21,21.0,
BOOK00321,/works/OL24999187W,success,3,3.0,
BOOK00322,/works/OL484345W,success,28,28.0,
BOOK00323,/works/OL5616272W,success,12,12.0,
BOOK00324,/works/OL1906115W,success,12,12.0,
BOOK00325,/works/OL16962242W,success,7,7.0,
BOOK00326,/works/OL2024236W,success,28,28.0,
BOOK00327,/works/OL2701563W,success,19,19.0,
BOOK00328,/works/OL1873586W,success,21,21.0,
BOOK00329,/works/OL4467653W,success,6,6.0,
BOOK00330,/works/OL19964945W,success,25,25.0,
BOOK00331,/works/OL5274538W,success,1,1.0,
BOOK00332,/works/OL2906189W,success,6,6.0,
BOOK00333,/works/OL2629977W,success,78,78.0,
BOOK00334,/works/OL25203336W,success,4,4.0,
BOOK00335,/works/OL20592553W,success,1,1.0,
BOOK00336,/works/OL11274839W,success,9,9.0,
BOOK00337,/works/OL3278791W,success,17,17.0,
BOOK00338,/works/OL8510585W,success,5,5.0,
BOOK00339,/works/OL20473221W,success,4,4.0,
BOOK00340,/works/OL25222591W,success,6,6.0,
BOOK00341,/works/OL37590164W,success,1,1.0,
BOOK00342,/works/OL25202283W,success,7,7.0,
BOOK00343,/works/OL27936407W,success,3,3.0,
BOOK00344,/works/OL21279220W,success,6,6.0,
BOOK00345,/works/OL19294801W,success,3,3.0,
BOOK00346,/works/OL3071557W,success,2,2.0,
BOOK00347,/works/OL12180403W,success,1,1.0,
BOOK00348,/works/OL28011786W,success,4,4.0,
BOOK00349,/works/OL19591590W,success,5,5.0,
BOOK00350,/works/OL21103191W,success,6,6.0,
BOOK00351,/works/OL144815W,success,72,72.0,
BOOK00352,/works/OL9386810W,success,1,1.0,
BOOK00353,/works/OL19968825W,success,5,5.0,
BOOK00354,/works/OL34028320W,success,3,3.0,
BOOK00355,/works/OL4167373W,success,3,3.0,
BOOK00356,/works/OL28350609W,success,1,1.0,
BOOK00357,/works/OL12928780W,success,2,2.0,
BOOK00358,/works/OL20447285W,success,2,2.0,
BOOK00359,/works/OL11446124W,success,1,1.0,
BOOK00360,/works/OL21263541W,success,6,6.0,
BOOK00361,/works/OL37556783W,success,5,5.0,
BOOK00362,/works/OL25703356W,success,2,2.0,
BOOK00363,/works/OL2171777W,success,1,1.0,
BOOK00364,/works/OL5911772W,success,1,1.0,
BOOK00365,/works/OL29508738W,success,1,1.0,
BOOK00366,/works/OL7932670W,success,2,2.0,
BOOK00367,/works/OL21625234W,success,6,6.0,
BOOK00368,/works/OL38123881W,success,1,1.0,
BOOK00369,/works/OL27788517W,success,3,3.0,
BOOK00370,/works/OL21508054W,success,3,3.0,
BOOK00371,/works/OL1921779W,success,7,7.0,
BOOK00372,/works/OL36822686W,success,1,1.0,
BOOK00373,/works/OL39713124W,success,1,1.0,
BOOK00374,/works/OL274335W,success,14,14.0,
BOOK00375,/works/OL35719331W,success,1,1.0,
BOOK00376,/works/OL16132710W,success,1,1.0,
BOOK00377,/works/OL41318514W,success,1,1.0,
BOOK00378,/works/OL9681386W,success,2,2.0,
BOOK00379,/works/OL6466418W,success,2,2.0,
BOOK00380,/works/OL18489926W,success,3,3.0,
BOOK00381,/works/OL1886462W,success,24,24.0,
BOOK00382,/works/OL16152798W,success,9,9.0,
BOOK00383,/works/OL4980191W,success,1,1.0,
BOOK00384,/works/OL18795115W,success,32,32.0,
BOOK00385,/works/OL7951839W,success,30,30.0,
BOOK00386,/works/OL4799792W,success,6,6.0,
BOOK00387,/works/OL3243279W,success,29,29.0,
BOOK00388,/works/OL20761206W,success,62,62.0,
BOOK00389,/works/OL64472W,success,9,9.0,
BOOK00390,/works/OL15058505W,success,13,13.0,
BOOK00391,/works/OL1987798W,success,7,7.0,
BOOK00392,/works/OL18682718W,success,6,6.0,
BOOK00393,/works/OL15153155W,success,2,2.0,
BOOK00394,/works/OL8229244W,success,8,8.0,
BOOK00395,/works/OL16069259W,success,1,1.0,
BOOK00396,/works/OL90612W,success,19,19.0,
BOOK00397,/works/OL2740772W,success,3,3.0,
BOOK00398,/works/OL8222822W,success,2,2.0,
BOOK00399,/works/OL2945036W,success,8,8.0,
BOOK00400,/works/OL20329916W,success,6,6.0,
BOOK00401,/works/OL20762244W,success,10,10.0,
BOOK00402,/works/OL18405950W,success,13,13.0,
BOOK00403,/works/OL18330208W,success,7,7.0,
BOOK00404,/works/OL2682770W,success,3,3.0,
BOOK00405,/works/OL15457028W,success,8,8.0,
BOOK00406,/works/OL16961460W,success,1,1.0,
BOOK00407,/works/OL2982899W,success,8,8.0,
BOOK00408,/works/OL2719480W,success,5,5.0,
BOOK00409,/works/OL6039557W,success,5,5.0,
BOOK00410,/works/OL1837477W,success,6,6.0,
BOOK00411,/works/OL5843169W,success,9,9.0,
BOOK00412,/works/OL22018998W,success,3,3.0,
BOOK00413,/works/OL9332478W,success,2,2.0,
BOOK00414,/works/OL25093552W,success,9,9.0,
BOOK00415,/works/OL15640360W,success,1,1.0,
BOOK00416,/works/OL20221492W,success,16,16.0,
BOOK00417,/works/OL17737757W,success,1,1.0,
BOOK00418,/works/OL4799374W,success,13,13.0,
BOOK00419,/works/OL21025505W,success,2,2.0,
BOOK00420,/works/OL8938308W,success,3,3.0,
BOOK00421,/works/OL16987860W,success,7,7.0,
BOOK00422,/works/OL18567140W,success,2,2.0,
BOOK00423,/works/OL3598963W,success,2,2.0,
BOOK00424,/works/OL23875189W,success,1,1.0,
BOOK00425,/works/OL25143471W,success,6,6.0,
BOOK00426,/works/OL24816764W,success,1,1.0,
BOOK00427,/works/OL16927893W,success,6,6.0,
BOOK00428,/works/OL6031518W,success,2,2.0,
BOOK00429,/works/OL6212087W,success,13,13.0,
BOOK00430,/works/OL16925746W,success,12,12.0,
BOOK00431,/works/OL20748091W,success,6,6.0,
BOOK00432,/works/OL20825706W,success,2,2.0,
BOOK00433,/works/OL5824174W,success,2,2.0,
BOOK00434,/works/OL20101876W,success,6,6.0,
BOOK00435,/works/OL28001531W,success,1,1.0,
BOOK00436,/works/OL20004872W,success,2,2.0,
BOOK00437,/works/OL4296663W,success,6,6.0,
BOOK00438,/works/OL9170797W,success,2,2.0,
BOOK00439,/works/OL17306701W,success,1,1.0,
BOOK00440,/works/OL3841010W,success,8,8.0,
BOOK00441,/works/OL13761120W,success,2,2.0,
BOOK00442,/works/OL27812812W,success,5,5.0,
BOOK00443,/works/OL19860807W,success,1,1.0,
BOOK00444,/works/OL21064078W,success,6,6.0,
BOOK00445,/works/OL20335690W,success,3,3.0,
BOOK00446,/works/OL25198624W,success,8,8.0,
BOOK00447,/works/OL12388844W,success,1,1.0,
BOOK00448,/works/OL4776184W,success,7,7.0,
BOOK00449,/works/OL18231622W,success,2,2.0,
BOOK00450,/works/OL25695551W,success,2,2.0,
BOOK00451,/works/OL25139548W,success,6,6.0,
BOOK00452,/works/OL21279212W,success,6,6.0,
BOOK00453,/works/OL15092871W,success,7,7.0,
BOOK00454,/works/OL1824488W,success,1,1.0,
BOOK00455,/works/OL14996251W,success,1,1.0,
BOOK00456,/works/OL15901685W,success,1,1.0,
BOOK00457,/works/OL15517574W,success,1,1.0,
BOOK00458,/works/OL31211688W,success,1,1.0,
BOOK00459,/works/OL2618251W,success,26,26.0,
BOOK00460,/works/OL34030965W,success,5,5.0,
BOOK00461,/works/OL14988063W,success,1,1.0,
BOOK00462,/works/OL26331086W,success,4,4.0,
BOOK00463,/works/OL1913698W,success,1,1.0,
BOOK00464,/works/OL22125837W,success,6,6.0,
BOOK00465,/works/OL20473299W,success,2,2.0,
BOOK00466,/works/OL8423529W,success,13,13.0,
BOOK00467,/works/OL1932148W,success,4,4.0,
BOOK00468,/works/OL20753927W,success,6,6.0,
BOOK00469,/works/OL8463818W,success,2,2.0,
BOOK00470,/works/OL25782829W,success,4,4.0,
BOOK00471,/works/OL15168112W,success,15,15.0,
BOOK00472,/works/OL4643074W,success,14,14.0,
BOOK00473,/works/OL2719657W,success,13,13.0,
BOOK00474,/works/OL82234W,success,22,22.0,
BOOK00475,/works/OL1906131W,success,5,5.0,
BOOK00476,/works/OL3518226W,success,5,5.0,
BOOK00477,/works/OL1906132W,success,15,15.0,
BOOK00478,/works/OL1898033W,success,15,15.0,
BOOK00479,/works/OL1898032W,success,4,4.0,
BOOK00480,/works/OL1965631W,success,11,11.0,
BOOK00481,/works/OL15148396W,success,3,3.0,
BOOK00482,/works/OL2686231W,success,9,9.0,
BOOK00483,/works/OL29362199W,success,12,12.0,
BOOK00484,/works/OL2985199W,success,11,11.0,
BOOK00485,/works/OL7942382W,success,5,5.0,
BOOK00486,/works/OL24135072W,success,3,3.0,
BOOK00487,/works/OL2618948W,success,15,15.0,
BOOK00488,/works/OL9330504W,success,3,3.0,
BOOK00489,/works/OL6443514W,success,3,3.0,
BOOK00490,/works/OL20665880W,success,21,21.0,
BOOK00491,/works/OL6997063W,success,3,3.0,
BOOK00492,/works/OL3518224W,success,2,2.0,
BOOK00493,/works/OL7942381W,success,4,4.0,
BOOK00494,/works/OL5274183W,success,4,4.0,
BOOK00495,/works/OL2743449W,success,3,3.0,
BOOK00496,/works/OL3952119W,success,10,10.0,
BOOK00497,/works/OL1964872W,success,5,5.0,
BOOK00498,/works/OL3375090W,success,2,2.0,
BOOK00499,/works/OL537975W,success,7,7.0,
BOOK00500,/works/OL19336277W,success,9,9.0,
BOOK00501,/works/OL269936W,success,11,11.0,
BOOK00502,/works/OL1887969W,success,4,4.0,
BOOK00503,/works/OL4115535W,success,6,6.0,
BOOK00504,/works/OL21485225W,success,16,16.0,
BOOK00505,/works/OL4807195W,success,12,12.0,
BOOK00506,/works/OL5830986W,success,3,3.0,
BOOK00507,/works/OL20858704W,success,1,1.0,
BOOK00508,/works/OL37570667W,success,10,10.0,
BOOK00509,/works/OL15148397W,success,2,2.0,
BOOK00510,/works/OL22542437W,success,4,4.0,
BOOK00511,/works/OL537976W,success,10,10.0,
BOOK00512,/works/OL7942383W,success,8,8.0,
BOOK00513,/works/OL521436W,success,5,5.0,
BOOK00514,/works/OL2676528W,success,7,7.0,
BOOK00515,/works/OL20493840W,success,1,1.0,
BOOK00516,/works/OL21321449W,success,8,8.0,
BOOK00517,/works/OL21298467W,success,18,18.0,
BOOK00518,/works/OL24272744W,success,1,1.0,
BOOK00519,/works/OL19977897W,success,21,21.0,
BOOK00520,/works/OL8467110W,success,11,11.0,
BOOK00521,/works/OL2673378W,success,26,26.0,
BOOK00522,/works/OL12422165W,success,2,2.0,
BOOK00523,/works/OL1965633W,success,19,19.0,
BOOK00524,/works/OL15997478W,success,1,1.0,
BOOK00525,/works/OL26604122W,success,1,1.0,
BOOK00526,/works/OL3274094W,success,14,14.0,
BOOK00527,/works/OL5769975W,success,6,6.0,
BOOK00528,/works/OL5815454W,success,19,19.0,
BOOK00529,/works/OL19868723W,success,4,4.0,
BOOK00530,/works/OL17536293W,success,13,13.0,
BOOK00531,/works/OL17315874W,success,4,4.0,
BOOK00532,/works/OL59388W,success,6,6.0,
BOOK00533,/works/OL19959036W,success,23,23.0,
BOOK00534,/works/OL16110494W,success,1,1.0,
BOOK00535,/works/OL20104000W,success,30,30.0,
BOOK00536,/works/OL2715488W,success,5,5.0,
BOOK00537,/works/OL3941855W,success,9,9.0,
BOOK00538,/works/OL5853546W,success,10,10.0,
BOOK00539,/works/OL20803749W,success,4,4.0,
BOOK00540,/works/OL18738779W,success,7,7.0,
BOOK00541,/works/OL29198625W,success,11,11.0,
BOOK00542,/works/OL8227958W,success,18,18.0,
BOOK00543,/works/OL20184101W,success,1,1.0,
BOOK00544,/works/OL21057781W,success,3,3.0,
BOOK00545,/works/OL284162W,success,6,6.0,
BOOK00546,/works/OL29017502W,success,15,15.0,
BOOK00547,/works/OL16166720W,success,3,3.0,
BOOK00548,/works/OL18176761W,success,4,4.0,
BOOK00549,/works/OL22534454W,success,3,3.0,
BOOK00550,/works/OL8227960W,success,7,7.0,
BOOK00551,/works/OL20754488W,success,14,14.0,
BOOK00552,/works/OL20991263W,success,5,5.0,
BOOK00553,/works/OL15980319W,success,15,15.0,
BOOK00554,/works/OL19708270W,success,14,14.0,
BOOK00555,/works/OL16642422W,success,2,2.0,
BOOK00556,/works/OL20498139W,success,3,3.0,
BOOK00557,/works/OL7947520W,success,2,2.0,
BOOK00558,/works/OL5857852W,success,3,3.0,
BOOK00559,/works/OL19130377W,success,2,2.0,
BOOK00560,/works/OL38235W,success,2,2.0,
BOOK00561,/works/OL20800373W,success,8,8.0,
BOOK00562,/works/OL1965152W,success,7,7.0,
BOOK00563,/works/OL18798198W,success,6,6.0,
BOOK00564,/works/OL8205117W,success,4,4.0,
BOOK00565,/works/OL5857853W,success,5,5.0,
BOOK00566,/works/OL3944650W,success,8,8.0,
BOOK00567,/works/OL20192826W,success,4,4.0,
BOOK00568,/works/OL20688948W,success,1,1.0,
BOOK00569,/works/OL15431388W,success,13,13.0,
BOOK00570,/works/OL5851871W,success,3,3.0,
BOOK00571,/works/OL19751735W,success,1,1.0,
BOOK00572,/works/OL19816272W,success,2,2.0,
BOOK00573,/works/OL3944625W,success,2,2.0,
BOOK00574,/works/OL16486195W,success,6,6.0,
BOOK00575,/works/OL21305493W,success,8,8.0,
BOOK00576,/works/OL16452029W,success,1,1.0,
BOOK00577,/works/OL8936327W,success,12,12.0,
BOOK00578,/works/OL21125427W,success,4,4.0,
BOOK00579,/works/OL8951194W,success,3,3.0,
BOOK00580,/works/OL26513767W,success,2,2.0,
BOOK00581,/works/OL21082287W,success,5,5.0,
BOOK00582,/works/OL17554879W,success,6,6.0,
BOOK00583,/works/OL3944599W,success,2,2.0,
BOOK00584,/works/OL22144070W,success,5,5.0,
BOOK00585,/works/OL16920005W,success,8,8.0,
BOOK00586,/works/OL1808174W,success,5,5.0,
BOOK00587,/works/OL1969032W,success,1,1.0,
BOOK00588,/works/OL25718745W,success,2,2.0,
BOOK00589,/works/OL16056611W,success,2,2.0,
BOOK00590,/works/OL21260269W,success,7,7.0,
BOOK00591,/works/OL25174740W,success,6,6.0,
BOOK00592,/works/OL21035273W,success,2,2.0,
BOOK00593,/works/OL16191214W,success,1,1.0,
BOOK00594,/works/OL18715129W,success,3,3.0,
BOOK00595,/works/OL19718665W,success,1,1.0,
BOOK00596,/works/OL3944628W,success,1,1.0,
BOOK00597,/works/OL19904336W,success,7,7.0,
BOOK00598,/works/OL15530645W,success,7,7.0,
BOOK00599,/works/OL9353543W,success,3,3.0,
BOOK00600,/works/OL25351280W,success,3,3.0,
BOOK00601,/works/OL25718743W,success,2,2.0,
BOOK00602,/works/OL8232406W,success,6,6.0,
BOOK00603,/works/OL2979457W,success,6,6.0,
BOOK00604,/works/OL38616422W,success,1,1.0,
BOOK00605,/works/OL21196875W,success,3,3.0,
BOOK00606,/works/OL8364055W,success,1,1.0,
BOOK00607,/works/OL2979729W,success,11,11.0,
BOOK00608,/works/OL25194931W,success,7,7.0,
BOOK00609,/works/OL16477264W,success,2,2.0,
BOOK00610,/works/OL3501574W,success,1,1.0,
BOOK00611,/works/OL21456114W,success,5,5.0,
BOOK00612,/works/OL5757509W,success,1,1.0,
BOOK00613,/works/OL1686521W,success,1,1.0,
BOOK00614,/works/OL25742435W,success,6,6.0,
BOOK00615,/works/OL2707715W,success,12,12.0,
BOOK00616,/works/OL19437656W,success,8,8.0,
BOOK00617,/works/OL1965131W,success,14,14.0,
BOOK00618,/works/OL21393709W,success,12,12.0,
BOOK00619,/works/OL1918475W,success,16,16.0,
BOOK00620,/works/OL3026340W,success,17,17.0,
BOOK00621,/works/OL1984512W,success,6,6.0,
BOOK00622,/works/OL15643306W,success,2,2.0,
BOOK00623,/works/OL2959662W,success,7,7.0,
BOOK00624,/works/OL1870276W,success,6,6.0,
BOOK00625,/works/OL3500981W,success,1,1.0,
BOOK00626,/works/OL15711892W,success,2,2.0,
BOOK00627,/works/OL21342333W,success,1,1.0,
BOOK00628,/works/OL21358315W,success,1,1.0,
BOOK00629,/works/OL8208029W,success,11,11.0,
BOOK00630,/works/OL2038891W,success,5,5.0,
BOOK00631,/works/OL15589903W,success,1,1.0,
BOOK00632,/works/OL1965132W,success,7,7.0,
BOOK00633,/works/OL20811346W,success,6,6.0,
BOOK00634,/works/OL2025031W,success,7,7.0,
BOOK00635,/works/OL20178427W,success,10,10.0,
BOOK00636,/works/OL37481193W,success,1,1.0,
BOOK00637,/works/OL17738599W,success,3,3.0,
BOOK00638,/works/OL5317495W,success,2,2.0,
BOOK00639,/works/OL13577175W,success,8,8.0,
BOOK00640,/works/OL18626138W,success,6,6.0,
BOOK00641,/works/OL16981036W,success,5,5.0,
BOOK00642,/works/OL16992316W,success,4,4.0,
BOOK00643,/works/OL20926424W,success,8,8.0,
BOOK00644,/works/OL21406978W,success,13,13.0,
BOOK00645,/works/OL28214958W,success,1,1.0,
BOOK00646,/works/OL3944649W,success,5,5.0,
BOOK00647,/works/OL20521593W,success,4,4.0,
BOOK00648,/works/OL3944648W,success,5,5.0,
BOOK00649,/works/OL3280702W,success,4,4.0,
BOOK00650,/works/OL1806192W,success,7,7.0,
BOOK00651,/works/OL9218737W,success,4,4.0,
BOOK00652,/works/OL20643067W,success,2,2.0,
BOOK00653,/works/OL20750977W,success,11,11.0,
BOOK00654,/works/OL22585097W,success,1,1.0,
BOOK00655,/works/OL18163946W,success,5,5.0,
BOOK00656,/works/OL18361705W,success,5,5.0,
BOOK00657,/works/OL21035434W,success,18,18.0,
BOOK00658,/works/OL25072985W,success,2,2.0,
BOOK00659,/works/OL18748808W,success,9,9.0,
BOOK00660,/works/OL510735W,success,77,77.0,
BOOK00661,/works/OL15827705W,success,17,17.0,
BOOK00662,/works/OL510771W,success,17,17.0,
BOOK00663,/works/OL547477W,success,12,12.0,
BOOK00664,/works/OL1897916W,success,13,13.0,
BOOK00665,/works/OL47375W,success,14,14.0,
BOOK00666,/works/OL3118214W,success,5,5.0,
BOOK00667,/works/OL2714552W,success,8,8.0,
BOOK00668,/works/OL1267343W,success,9,9.0,
BOOK00669,/works/OL1870277W,success,13,13.0,
BOOK00670,/works/OL1904624W,success,14,14.0,
BOOK00671,/works/OL12388822W,success,9,9.0,
BOOK00672,/works/OL1904621W,success,9,9.0,
BOOK00673,/works/OL5744652W,success,7,7.0,
BOOK00674,/works/OL20249063W,success,9,9.0,
BOOK00675,/works/OL1926491W,success,6,6.0,
BOOK00676,/works/OL16279375W,success,7,7.0,
BOOK00677,/works/OL2683677W,success,16,16.0,
BOOK00678,/works/OL18175444W,success,3,3.0,
BOOK00679,/works/OL5964563W,success,6,6.0,
BOOK00680,/works/OL2622210W,success,13,13.0,
BOOK00681,/works/OL25347140W,success,3,3.0,
BOOK00682,/works/OL2768785W,success,8,8.0,
BOOK00683,/works/OL16191159W,success,1,1.0,
BOOK00684,/works/OL15689712W,success,3,3.0,
BOOK00685,/works/OL1841367W,success,10,10.0,
BOOK00686,/works/OL16943613W,success,10,10.0,
BOOK00687,/works/OL15452291W,success,6,6.0,
BOOK00688,/works/OL1866343W,success,6,6.0,
BOOK00689,/works/OL3967162W,success,3,3.0,
BOOK00690,/works/OL2659998W,success,15,15.0,
BOOK00691,/works/OL18648685W,success,1,1.0,
BOOK00692,/works/OL2703555W,success,2,2.0,
BOOK00693,/works/OL18710643W,success,13,13.0,
BOOK00694,/works/OL15076937W,success,4,4.0,
BOOK00695,/works/OL21313745W,success,8,8.0,
BOOK00696,/works/OL20178252W,success,5,5.0,
BOOK00697,/works/OL1267341W,success,5,5.0,
BOOK00698,/works/OL4295201W,success,3,3.0,
BOOK00699,/works/OL16933372W,success,11,11.0,
BOOK00700,/works/OL21282788W,success,10,10.0,
BOOK00701,/works/OL20594227W,success,4,4.0,
BOOK00702,/works/OL3948912W,success,3,3.0,
BOOK00703,/works/OL49758W,success,6,6.0,
BOOK00704,/works/OL21517399W,success,2,2.0,
BOOK00705,/works/OL2935038W,success,6,6.0,
BOOK00706,/works/OL21871334W,success,7,7.0,
BOOK00707,/works/OL2668074W,success,6,6.0,
BOOK00708,/works/OL3266746W,success,22,22.0,
BOOK00709,/works/OL21679891W,success,4,4.0,
BOOK00710,/works/OL120747W,success,4,4.0,
BOOK00711,/works/OL1839160W,success,6,6.0,
BOOK00712,/works/OL3983591W,success,3,3.0,
BOOK00713,/works/OL3122537W,success,5,5.0,
BOOK00714,/works/OL31660670W,success,1,1.0,
BOOK00715,/works/OL4442929W,success,6,6.0,
BOOK00716,/works/OL2871275W,success,11,11.0,
BOOK00717,/works/OL20883142W,success,2,2.0,
BOOK00718,/works/OL21496797W,success,8,8.0,
BOOK00719,/works/OL19825636W,success,16,16.0,
BOOK00720,/works/OL18606296W,success,7,7.0,
BOOK00721,/works/OL1977039W,success,4,4.0,
BOOK00722,/works/OL2730810W,success,3,3.0,
BOOK00723,/works/OL20293545W,success,6,6.0,
BOOK00724,/works/OL20887444W,success,1,1.0,
BOOK00725,/works/OL17459093W,success,13,13.0,
BOOK00726,/works/OL12041358W,success,1,1.0,
BOOK00727,/works/OL17734373W,success,3,3.0,
BOOK00728,/works/OL9346457W,success,2,2.0,
BOOK00729,/works/OL2931103W,success,5,5.0,
BOOK00730,/works/OL25770439W,success,2,2.0,
BOOK00731,/works/OL21064231W,success,2,2.0,
BOOK00732,/works/OL4491240W,success,5,5.0,
BOOK00733,/works/OL25808971W,success,5,5.0,
BOOK00734,/works/OL9290241W,success,15,15.0,
BOOK00735,/works/OL3877923W,success,4,4.0,
BOOK00736,/works/OL18063780W,success,2,2.0,
BOOK00737,/works/OL6223851W,success,4,4.0,
BOOK00738,/works/OL1839137W,success,1,1.0,
BOOK00739,/works/OL4273402W,success,19,19.0,
BOOK00740,/works/OL26510589W,success,2,2.0,
BOOK00741,/works/OL23686363W,success,8,8.0,
BOOK00742,/works/OL34357864W,success,2,2.0,
BOOK00743,/works/OL20828251W,success,2,2.0,
BOOK00744,/works/OL16464742W,success,1,1.0,
BOOK00745,/works/OL37565561W,success,2,2.0,
BOOK00746,/works/OL4799795W,success,15,15.0,
BOOK00747,/works/OL25230171W,success,7,7.0,
BOOK00748,/works/OL8883934W,success,2,2.0,
BOOK00749,/works/OL15843963W,success,1,1.0,
BOOK00750,/works/OL5039661W,success,9,9.0,
BOOK00751,/works/OL21130799W,success,2,2.0,
BOOK00752,/works/OL8637973W,success,6,6.0,
BOOK00753,/works/OL4571477W,success,6,6.0,
BOOK00754,/works/OL15916763W,success,1,1.0,
BOOK00755,/works/OL25321896W,success,1,1.0,
BOOK00756,/works/OL17313012W,success,1,1.0,
BOOK00757,/works/OL28862283W,success,1,1.0,
BOOK00758,/works/OL2746901W,success,65,65.0,
BOOK00759,/works/OL1881227W,success,80,80.0,
BOOK00760,/works/OL2838069W,success,29,29.0,
BOOK00761,/works/OL1418653W,success,8,8.0,
BOOK00762,/works/OL2025063W,success,7,7.0,
BOOK00763,/works/OL1965645W,success,9,9.0,
BOOK00764,/works/OL1205037W,success,8,8.0,
BOOK00765,/works/OL531096W,success,9,9.0,
BOOK00766,/works/OL20900488W,success,6,6.0,
BOOK00767,/works/OL18509261W,success,9,9.0,
BOOK00768,/works/OL3528675W,success,13,13.0,
BOOK00769,/works/OL4304697W,success,2,2.0,
BOOK00770,/works/OL1881222W,success,20,20.0,
BOOK00771,/works/OL4299578W,success,5,5.0,
BOOK00772,/works/OL192981W,success,8,8.0,
BOOK00773,/works/OL16308281W,success,1,1.0,
BOOK00774,/works/OL19191895W,success,6,6.0,
BOOK00775,/works/OL892915W,success,13,13.0,
BOOK00776,/works/OL491346W,success,20,20.0,
BOOK00777,/works/OL19573983W,success,8,8.0,
BOOK00778,/works/OL29071479W,success,58,58.0,
BOOK00779,/works/OL1282010W,success,1,1.0,
BOOK00780,/works/OL1993484W,success,7,7.0,
BOOK00781,/works/OL20438832W,success,13,13.0,
BOOK00782,/works/OL1952345W,success,3,3.0,
BOOK00783,/works/OL21691722W,success,4,4.0,
BOOK00784,/works/OL2682213W,success,6,6.0,
BOOK00785,/works/OL269836W,success,2,2.0,
BOOK00786,/works/OL27777710W,success,2,2.0,
BOOK00787,/works/OL5847440W,success,1,1.0,
BOOK00788,/works/OL8525813W,success,9,9.0,
BOOK00789,/works/OL20936305W,success,1,1.0,
BOOK00790,/works/OL283284W,success,21,21.0,
BOOK00791,/works/OL20010511W,success,13,13.0,
BOOK00792,/works/OL20743458W,success,6,6.0,
BOOK00793,/works/OL29071821W,success,19,19.0,
BOOK00794,/works/OL15519981W,success,1,1.0,
BOOK00795,/works/OL20770307W,success,2,2.0,
BOOK00796,/works/OL1971019W,success,4,4.0,
BOOK00797,/works/OL4492622W,success,4,4.0,
BOOK00798,/works/OL1186200W,success,17,17.0,
BOOK00799,/works/OL2702468W,success,1,1.0,
BOOK00800,/works/OL18083815W,success,1,1.0,
BOOK00801,/works/OL29026357W,success,13,13.0,
BOOK00802,/works/OL21216950W,success,17,17.0,
BOOK00803,/works/OL8202449W,success,2,2.0,
BOOK00804,/works/OL3273363W,success,29,29.0,
BOOK00805,/works/OL13342723W,success,4,4.0,
BOOK00806,/works/OL15184542W,success,15,15.0,
BOOK00807,/works/OL15830350W,success,11,11.0,
BOOK00808,/works/OL1828885W,success,14,14.0,
BOOK00809,/works/OL2018966W,success,38,38.0,
BOOK00810,/works/OL1891943W,success,5,5.0,
BOOK00811,/works/OL2462469W,success,10,10.0,
BOOK00812,/works/OL35531W,success,10,10.0,
BOOK00813,/works/OL2718906W,success,15,15.0,
BOOK00814,/works/OL3362445W,success,11,11.0,
BOOK00815,/works/OL60364W,success,8,8.0,
BOOK00816,/works/OL12465170W,success,2,2.0,
BOOK00817,/works/OL21034805W,success,2,2.0,
BOOK00818,/works/OL72511W,success,47,47.0,
BOOK00819,/works/OL891212W,success,7,7.0,
BOOK00820,/works/OL6808599W,success,7,7.0,
BOOK00821,/works/OL137703W,success,19,19.0,
BOOK00822,/works/OL1826023W,success,17,17.0,
BOOK00823,/works/OL2649638W,success,14,14.0,
BOOK00824,/works/OL30296W,success,15,15.0,
BOOK00825,/works/OL1702855W,success,20,20.0,
BOOK00826,/works/OL34013W,success,14,14.0,
BOOK00827,/works/OL59775W,success,44,44.0,
BOOK00828,/works/OL15287239W,success,21,21.0,
BOOK00829,/works/OL66051W,success,11,11.0,
BOOK00830,/works/OL7946239W,success,5,5.0,
BOOK00831,/works/OL1891342W,success,4,4.0,
BOOK00832,/works/OL15859698W,success,23,23.0,
BOOK00833,/works/OL2972446W,success,8,8.0,
BOOK00834,/works/OL3339807W,success,1,1.0,
BOOK00835,/works/OL2706143W,success,9,9.0,
BOOK00836,/works/OL21287977W,success,2,2.0,
BOOK00837,/works/OL3282137W,success,14,14.0,
BOOK00838,/works/OL2659167W,success,14,14.0,
BOOK00839,/works/OL1834976W,success,12,12.0,
BOOK00840,/works/OL1867753W,success,5,5.0,
BOOK00841,/works/OL2921027W,success,16,16.0,
BOOK00842,/works/OL2647816W,success,22,22.0,
BOOK00843,/works/OL1918254W,success,18,18.0,
BOOK00844,/works/OL4450656W,success,5,5.0,
BOOK00845,/works/OL1841854W,success,11,11.0,
BOOK00846,/works/OL2647815W,success,16,16.0,
BOOK00847,/works/OL37777W,success,13,13.0,
BOOK00848,/works/OL25943W,success,22,22.0,
BOOK00849,/works/OL718009W,success,3,3.0,
BOOK00850,/works/OL5097833W,success,9,9.0,
BOOK00851,/works/OL8346455W,success,20,20.0,
BOOK00852,/works/OL20690760M,error,0,,404 Client Error: Not Found for url: https://openlibrary.org/works/OL20690760M/editions.json?limit=50&offset=0
BOOK00853,/works/OL72508W,success,30,30.0,
BOOK00854,/works/OL2960008W,success,3,3.0,
BOOK00855,/works/OL470061W,success,12,12.0,
BOOK00856,/works/OL1878267W,success,39,39.0,
BOOK00857,/works/OL15189300W,success,7,7.0,
BOOK00858,/works/OL29984714W,success,1,1.0,
BOOK00859,/works/OL1878297W,success,20,20.0,
BOOK00860,/works/OL21146285W,success,3,3.0,
BOOK00861,/works/OL18242646W,success,2,2.0,
BOOK00862,/works/OL30933400W,success,1,1.0,
BOOK00863,/works/OL26285688W,success,3,3.0,
BOOK00864,/works/OL22063067W,success,1,1.0,
BOOK00865,/works/OL32221205W,success,1,1.0,
BOOK00866,/works/OL35744456W,success,1,1.0,
BOOK00867,/works/OL2639523W,success,2,2.0,
BOOK00868,/works/OL3257453W,success,3,3.0,
BOOK00869,/works/OL16176740W,success,2,2.0,
BOOK00870,/works/OL30109045W,success,1,1.0,
BOOK00871,/works/OL18169182W,success,1,1.0,
BOOK00872,/works/OL9449984W,success,1,1.0,
BOOK00873,/works/OL29879455W,success,1,1.0,
BOOK00874,/works/OL19386837W,success,3,3.0,
BOOK00875,/works/OL42452378W,success,2,2.0,
BOOK00876,/works/OL29915337W,success,6,6.0,
BOOK00877,/works/OL17000415W,success,4,4.0,
BOOK00878,/works/OL5969315W,success,7,7.0,
BOOK00879,/works/OL5844673W,success,2,2.0,
BOOK00880,/works/OL468928W,success,2,2.0,
BOOK00881,/works/OL2639519W,success,2,2.0,
BOOK00882,/works/OL20032966W,success,1,1.0,
BOOK00883,/works/OL5827035W,success,3,3.0,
BOOK00884,/works/OL5816970W,success,12,12.0,
BOOK00885,/works/OL24424813W,success,1,1.0,
BOOK00886,/works/OL2682877W,success,4,4.0,
BOOK00887,/works/OL20200501W,success,2,2.0,
BOOK00888,/works/OL21979366W,success,1,1.0,
BOOK00889,/works/OL22707381W,success,6,6.0,
BOOK00890,/works/OL8005018W,success,2,2.0,
BOOK00891,/works/OL24585420W,success,5,5.0,
BOOK00892,/works/OL15845896W,success,5,5.0,
BOOK00893,/works/OL18208464W,success,5,5.0,
BOOK00894,/works/OL17476520W,success,4,4.0,
BOOK00895,/works/OL29966293W,success,1,1.0,
BOOK00896,/works/OL19968778W,success,1,1.0,
BOOK00897,/works/OL26457481W,success,1,1.0,
BOOK00898,/works/OL4792964W,success,1,1.0,
BOOK00899,/works/OL26797363W,success,11,11.0,
BOOK00900,/works/OL30180717W,success,1,1.0,
BOOK00901,/works/OL21376425W,success,1,1.0,
BOOK00902,/works/OL20865064W,success,1,1.0,
BOOK00903,/works/OL30341441W,success,1,1.0,
BOOK00904,/works/OL24996453W,success,1,1.0,
BOOK00905,/works/OL17050165W,success,1,1.0,
BOOK00906,/works/OL2645903W,success,4,4.0,
BOOK00907,/works/OL8925397W,success,8,8.0,
BOOK00908,/works/OL20347506W,success,4,4.0,
BOOK00909,/works/OL20682093W,success,2,2.0,
BOOK00910,/works/OL16499568W,success,9,9.0,
BOOK00911,/works/OL21329984W,success,7,7.0,
BOOK00912,/works/OL17574516W,success,1,1.0,
BOOK00913,/works/OL23935457W,success,2,2.0,
BOOK00914,/works/OL465452W,success,9,9.0,
BOOK00915,/works/OL1999873W,success,20,20.0,
BOOK00916,/works/OL26506232W,success,2,2.0,
BOOK00917,/works/OL25771500W,success,2,2.0,
BOOK00918,/works/OL19720864W,success,7,7.0,
BOOK00919,/works/OL19810431W,success,3,3.0,
BOOK00920,/works/OL9370066W,success,2,2.0,
BOOK00921,/works/OL20796447W,success,7,7.0,
BOOK00922,/works/OL15992120W,success,1,1.0,
BOOK00923,/works/OL9159422W,success,2,2.0,
BOOK00924,/works/OL25323500W,success,2,2.0,
BOOK00925,/works/OL37605766W,success,4,4.0,
BOOK00926,/works/OL20735054W,success,5,5.0,
BOOK00927,/works/OL21313457W,success,6,6.0,
BOOK00928,/works/OL22146172W,success,6,6.0,
BOOK00929,/works/OL27417013W,success,1,1.0,
BOOK00930,/works/OL15999566W,success,2,2.0,
BOOK00931,/works/OL2670129W,success,4,4.0,
BOOK00932,/works/OL272925W,success,33,33.0,
BOOK00933,/works/OL16960017W,success,4,4.0,
BOOK00934,/works/OL20750027W,success,3,3.0,
BOOK00935,/works/OL42405771W,success,3,3.0,
BOOK00936,/works/OL16955755W,success,7,7.0,
BOOK00937,/works/OL20752266W,success,4,4.0,
BOOK00938,/works/OL16960645W,success,7,7.0,
BOOK00939,/works/OL25741807W,success,5,5.0,
BOOK00940,/works/OL28345937W,success,5,5.0,
BOOK00941,/works/OL25702678W,success,2,2.0,
BOOK00942,/works/OL27805541W,success,5,5.0,
BOOK00943,/works/OL3060283W,success,9,9.0,
BOOK00944,/works/OL28024985W,success,5,5.0,
BOOK00945,/works/OL24803317W,success,5,5.0,
BOOK00946,/works/OL20553598W,success,2,2.0,
BOOK00947,/works/OL9348378W,success,2,2.0,
BOOK00948,/works/OL26504568W,success,5,5.0,
BOOK00949,/works/OL26598779W,success,5,5.0,
BOOK00950,/works/OL42447221W,success,5,5.0,
