openlibrary_author_key,author_name,status,candidate_count,error
OL383159A,Stephen R. Covey,success,2,
OL400156A,Gary A. Yukl,success,1,
OL1268A,Karjadi M.,no_candidate,0,
OL25389A,J. Oswald Sanders,no_candidate,0,
OL32040A,Peter Guy Northouse,no_candidate,0,
OL26423A,John C. Maxwell,success,2,
OL2655012A,Peter G. Northouse,no_candidate,0,
OL333669A,Bernard M. Bass,success,1,
OL7442788A,James Comey,success,1,
OL8118723A,James B. Comey,success,1,
OL2762041A,Erich Joachimsthaler,success,1,
OL383429A,Carl D. Glickman,no_candidate,0,
OL772556A,Stephen P. Gordon,success,2,
OL2672226A,Jovita M. Ross-Gordon,success,1,
OL3714825A,Simon Western,success,1,
OL7524018A,Jocko Willink,success,5,
OL236243A,Henry Kissinger,success,5,
OL241136A,Bruce J. Avolio,success,1,
OL770456A,Ann Lieberman,success,1,
OL1862946A,Lynne Miller,success,3,
OL10639050A,Halima Kabara,no_candidate,0,
OL8306843A,Jacklyn A. Bruce,no_candidate,0,
OL8306844A,Katherine E. McKee,no_candidate,0,
OL13197949A,Darcia Ann-Marie Roache,no_candidate,0,
OL3411846A,Karen Sobel Lojeski,success,1,
OL450844A,Mary K. Kohles,no_candidate,0,
OL3237212A,Miltiadis D. Lytras,success,1,
OL398134A,Terry D. Anderson,no_candidate,0,
OL1478161A,Terry Anderson,success,5,
OL8064183A,May Khadem,no_candidate,0,
OL8064184A,Joan Hernandez,success,5,
OL890886A,Donald W. Fogarty,no_candidate,0,
OL390077A,Harold Kerzner,success,1,
OL442735A,Mary Kay Ash,success,1,
OL1126608A,"Taylor, Stephen",success,2,
OL2021138A,Anna Sutton,success,3,
OL786466A,Mick Marchington,success,1,
OL535417A,Donald C. Mosley,success,1,
OL2629484A,Paul H. Pietri,no_candidate,0,
OL770018A,Leon C. Megginson,success,1,
OL2847832A,John Purcell,success,5,
OL2804440A,Jason Fried,success,5,
OL953741A,Everett E. Adam,success,1,
OL397998A,Richard B. Chase,success,1,
OL589008A,Joseph G. Monks,success,1,
OL3278571A,Gregory Frazier,success,1,
OL236061A,Jack R. Meredith,success,1,
OL392324A,Andrew Greasley,success,2,
OL5172814A,Alistair Brandon-Jones,no_candidate,0,
OL381502A,Roberta S. Russell,no_candidate,0,
OL2740534A,Roberta (Robin) Russell,no_candidate,0,
OL38917A,Robert Kreitner,success,1,
OL227214A,Don Hellriegel,no_candidate,0,
OL342981A,John W. Slocum,success,2,
OL491328A,Nancy J. Adler,success,1,
OL128085A,Keith Davis,success,5,
OL2639584A,Robert Konopaske,success,1,
OL228002A,John R. Schermerhorn,no_candidate,0,
OL763752A,James G. Hunt,no_candidate,0,
OL1397152A,"Nelson, Debra L.",no_candidate,0,
OL3038563A,James Campbell Quick,success,1,
OL2178985A,Alan Barker,success,5,
OL219084A,Stephen W. Littlejohn,success,1,
OL228612A,Karen A. Foss,success,1,
OL39038A,Deepak Chopra,success,5,
OL9735554A,Magiarí Díaz Díaz,no_candidate,0,
OL2763830A,Rosenberg,success,5,
OL342495A,Theodore S. Rappaport,success,1,
OL2974978A,Rappaport,success,5,
OL39286A,Behrouz A. Forouzan,success,1,
OL2638690A,Sophia Chung Fegan,no_candidate,0,
OL9355361A,Patryk Dziurski,no_candidate,0,
OL3392850A,Gaston Trauffler,no_candidate,0,
OL5318188A,Xi Zhang,success,5,
OL9986896A,Heather C. Webb,no_candidate,0,
OL10014892A,Hussain Al Numairy,no_candidate,0,
OL13696133A,Afnan Alkhaldi,no_candidate,0,
OL7964852A,James Comey,success,1,
OL3080130A,The Arbinger Institute,no_candidate,0,
OL3010393A,Dick Ruhe,success,1,
OL7596247A,Elesa Zehndorfer,no_candidate,0,
OL233688A,Richard L. Hughes,success,1,
OL2635692A,Robert C. Ginnett,no_candidate,0,
OL2639183A,Gordon J Curphy,no_candidate,0,
OL957796A,Richard Hughes,success,5,
OL2639184A,Robert Ginnett,success,1,
OL2639185A,Gordon Curphy,no_candidate,0,
OL2635693A,Gordon J. Curphy,no_candidate,0,
OL216820A,Donald T. Phillips,success,2,
OL27560A,James MacGregor Burns,success,2,
OL217763A,Robert N. Lussier,success,1,
OL237290A,James M. Kouzes,success,1,
OL2648679A,Barry Z. Posner,success,1,
OL218730A,Elaine Biech,success,1,
OL4148975A,Barry Posner,success,3,
OL228253A,"Schein, Edgar H.",no_candidate,0,
OL8082877A,Peter Schein,success,5,
OL222155A,Doris Kearns Goodwin,success,2,
OL9310463A,Doris Kearns Goodwin,success,2,
OL192352A,Michael Z. Hackman,no_candidate,0,
OL483114A,Craig E. Johnson,no_candidate,0,
OL659144A,Ronald E. Riggio,success,1,
OL4929480A,David Logan,success,5,
OL2632097A,Dave Logan,success,5,
OL2632098A,John King,success,5,
OL2632099A,Halee Fischer-Wright,success,1,
OL10000962A,"King, John, III",no_candidate,0,
OL302271A,John King (undifferentiated),no_candidate,0,
OL386286A,Joe D. Batten,success,1,
OL54602A,Rudolph W. Giuliani,success,1,
OL219764A,Patrick Lencioni,success,1,
OL1236399A,John Heider,success,1,
OL8049138A,Beth High,no_candidate,0,
OL8049139A,Gary M. Morgan,no_candidate,0,
OL9507985A,Martin Tan,success,5,
OL545889A,Lee G. Bolman,success,1,
OL2637309A,John Wooden,success,5,
OL220279A,David A. Aaker,success,1,
OL265995A,Linda Holbeche,no_candidate,0,
OL3480923A,Jill Barr,success,5,
OL3714810A,Lesley L Dowding,no_candidate,0,
OL21502A,Kenneth H. Blanchard,success,1,
OL2623346A,Patricia Zigarmi,success,1,
OL2623347A,Drea Zigarmi,success,1,
OL778253A,Richard A. Gorton,success,1,
OL1478504A,Judy A. Alston,success,1,
OL549296A,Petra E. Snowden,no_candidate,0,
OL3925630A,Max DePree,success,1,
OL1345371A,Dandridge M. Malone,no_candidate,0,
OL221968A,Robin S. Sharma,success,1,
OL1386640A,David Cottrell,success,5,
OL35741A,Marshall Loeb,success,2,
OL383301A,Allan A. Glatthorn,success,1,
OL724209A,Floyd Boschee,no_candidate,0,
OL2842487A,Bruce M. Whitehead,no_candidate,0,
OL3123115A,John J. Sosik,no_candidate,0,
OL3483889A,Kevin Flinn,no_candidate,0,
OL72319A,Karen Lawson,success,2,
OL562669A,Rosemary Ryan,success,2,
OL391893A,Cynthia D. McCauley,no_candidate,0,
OL389858A,Ellen Van Velsor,success,1,
OL8299548A,Al Bolea,no_candidate,0,
OL657508A,Edwin M. Bridges,success,1,
OL8624393A,Monika Byrd,no_candidate,0,
OL736784A,Susan Edwards,success,5,
OL956961A,J. Robert Clinton,no_candidate,0,
OL7722532A,Jocelyn Berard,no_candidate,0,
OL948501A,Terry F. Buss,success,1,
OL384936A,Valerie I. Sessa,no_candidate,0,
OL387435A,Frances A. Karnes,success,1,
OL7978852A,Dirk van Dierendonck,success,2,
OL6456967A,K. Patterson,success,1,
OL3692085A,Paul R. Yost,no_candidate,0,
OL8154264A,Steve Kempster,success,1,
OL1747377A,Sue Smith,success,5,
OL8081136A,Gelaye Debebe,success,1,
OL28563A,Manuel London,success,1,
OL7323380A,Ines Wichert,no_candidate,0,
OL4174624A,Shuang Ren,success,4,
OL395327A,Robert Wood,success,5,
OL5535617A,Ying Zhu,success,5,
OL7666450A,Susan R. Komives,no_candidate,0,
OL7582479A,Wendy Wagner,success,5,
OL8048521A,Susan Elaine Murphy,success,2,
OL542112A,Carol A. Mullen,success,1,
OL396629A,Susan R. Komives,no_candidate,0,
OL10188240A,Janine Williams,success,2,
OL3238559A,Jon Byler,no_candidate,0,
OL7297514A,Mark A. Brennan,success,1,
OL689094A,Stephen Connock,no_candidate,0,
OL1326651A,Ted Johns,success,5,
OL720844A,Lee Barr,success,5,
OL4587626A,Carlene S. Feldman,no_candidate,0,
OL2877334A,Louis Carter,success,4,
OL236847A,David Ulrich,success,5,
OL2652676A,Marshall Goldsmith,success,2,
OL218156A,Hank Rubin,no_candidate,0,
OL5124174A,Beth Fisher-Yoshida,no_candidate,0,
OL230540A,Alma Harris,success,1,
OL13103672A,Ideal Curtis,no_candidate,0,
OL443596A,Christopher Mabey,success,1,
OL3714866A,Tim Finch Lees,no_candidate,0,
OL2434686A,Jack Gordon,success,5,
OL6918312A,Abdullahi Sheikh Ali,no_candidate,0,
OL7664103A,Jeffrey S. Brooks,no_candidate,0,
OL8570118A,Jeff Stouffer,no_candidate,0,
OL19864A,Albert Ellis,success,5,
OL389943A,Elliott Jaques,success,1,
OL3814333A,Stephen D. Clement,no_candidate,0,
OL833791A,Chris Argyris,success,3,
OL6812521A,Joseph Olmstead,success,2,
OL1665908A,Bureau of Business Practice.,no_candidate,0,
OL4345625A,Peter F. Drucker,success,5,
OL717679A,Joseph A. Maciariello,success,1,
OL1802361A,Jim Collins,success,5,
OL8009750A,Tim Andres Pabon,no_candidate,0,
OL9348680A,Zachary First,no_candidate,0,
OL383503A,M. Scott Norton,success,1,
OL3139458A,Nicholas D. J. Baldwin,no_candidate,0,
OL1290281A,Farid A. Muna,no_candidate,0,
OL7909458A,The Executive Leadership Council,no_candidate,0,
OL7909459A,The Executive Leadership Council,no_candidate,0,
OL5714840A,Marvin Bower,success,2,
OL3236048A,Nathan Axelrod,success,2,
OL11546536A,abraham holtzman,success,1,
OL2173633A,Joseph Leo Krieger,no_candidate,0,
OL5574571A,James Frederick Bender,success,1,
OL542945A,Marvin Bower,success,2,
OL945560A,Phillip Donald Grub,no_candidate,0,
OL4654955A,Pamela R. Cronrath,no_candidate,0,
OL14525698A,Casey Kroll,no_candidate,0,
OL2959898A,Judi Williams,no_candidate,0,
OL14525699A,Rahul Dogra,no_candidate,0,
OL12780840A,Jacqui Malpass,no_candidate,0,
OL2229435A,"Ralph Currier Davis Management Symposium (1964 Ohio State University, Columbus)",no_candidate,0,
OL340685A,"Campbell, Colin",success,5,
OL2933997A,Margaret Jane Wyszomirski,success,1,
OL10717978A,Virginia Mansell,no_candidate,0,
OL13480136A,William N. Egan,no_candidate,0,
OL16569129A,Miles Garrett,no_candidate,0,
OL4538944A,Edutext.,no_candidate,0,
OL12307403A,Ph D. Joseph Olmstead,no_candidate,0,
OL39523A,Joseph A. Olmstead,no_candidate,0,
OL8193197A,Robert D. Herman & Associates,no_candidate,0,
OL9482201A,Richard D. Heimovics,success,1,
OL3082566A,Alan C. Walter,no_candidate,0,
OL643161A,Donald G. Hanna,no_candidate,0,
OL2955129A,Ludger Helms,success,1,
OL2655210A,David M. Shafie,no_candidate,0,
OL1657009A,Mary E. Tramel,no_candidate,0,
OL371014A,Stephen J. Zaccaro,success,1,
OL1346979A,Abraham Holtzman,success,1,
OL3028742A,P. J. Pierce,no_candidate,0,
OL798259A,Barry Lenson,no_candidate,0,
OL13925102A,Ralph Currier Davis Management Symposium (1964 Ohio State University),no_candidate,0,
OL11583427A,Elaine Romanelli,no_candidate,0,
OL1756685A,Ordway Tead,success,1,
OL5356609A,Melinda Crenshaw Henderson,no_candidate,0,
OL13423982A,Ph. D. Keith Mathis,no_candidate,0,
OL11510748A,JAMES FREDERICK BENDER,success,1,
OL8585526A,United States. Department of the Army,no_candidate,0,
OL5554142A,John Apps,success,1,
OL1194495A,Thora Kron,no_candidate,0,
OL341057A,"Parker, Glenn M.",no_candidate,0,
OL400406A,Graham Kelly,success,5,
OL3600663A,Donna Weiss,success,2,
OL8094178A,Felice J. Tilin,no_candidate,0,
OL8094179A,Marlene J. Morgan,no_candidate,0,
OL235247A,Kenneth O. Gangel,success,2,
OL392483A,Kimball Fisher,no_candidate,0,
OL886301A,Charles J. Margerison,no_candidate,0,
OL6733957A,"Spaulding, Seth II.",no_candidate,0,
OL435244A,David C. Kolb,no_candidate,0,
OL8353306A,Drikus Kriek,no_candidate,0,
OL6943398A,Paolo Guenzi,no_candidate,0,
OL3547465A,George R. Boggs,no_candidate,0,
OL8358679A,Christine Johnson McPhail,success,1,
OL8358680A,Eloy Ortiz Oakley,success,1,
OL8147226A,Randy E. Cadieux,no_candidate,0,
OL2948637A,Don Page,success,5,
OL410958A,Peter Hawkins,success,5,
OL546738A,Michal K. Rosenberger,no_candidate,0,
OL10872942A,Emanuela Giangregorio,no_candidate,0,
OL474603A,Graham Little,success,5,
OL6645079A,Simon Sinek,success,4,
OL12203500A,Coach Joe Sasso,no_candidate,0,
OL454418A,Gregory E. Huszczo,no_candidate,0,
OL870626A,Peter Saul,success,5,
OL3031908A,Douglas A. Johnson,success,1,
OL3512935A,Susan T. Beyerlein,no_candidate,0,
OL2844756A,Geoff Ribbens,no_candidate,0,
OL13202475A,Mark Abraham,success,5,
OL14046862A,Alistair Cumming,no_candidate,0,
OL588234A,Richard L. Nolan,success,1,
OL241292A,Ned F. Kock,no_candidate,0,
OL577733A,Pat Wellington,success,1,
OL8036471A,Niall Foster,success,1,
OL2657201A,Peter Fleming,success,5,
OL8161667A,Max Amesbury,no_candidate,0,
OL3377846A,Paul Newton,success,5,
OL13702277A,Helen Bristoll,no_candidate,0,
OL3434034A,Rosenberger,success,5,
OL5246350A,Sŭng-gak Yi,no_candidate,0,
OL1429139A,Anthony T. Cobb,no_candidate,0,
OL445603A,Laura Mae Douglass,no_candidate,0,
OL2920399A,David Parkes,success,5,
OL10057317A,D. Kayes,no_candidate,0,
OL6960937A,Anna Kayes,no_candidate,0,
OL7155908A,Stanley A. McChrystal,success,1,
OL8083074A,Tantum Collins,success,1,
OL8937874A,David Silverman,success,5,
OL7662892A,Chris Fussell,success,2,
OL3879444A,LeaderTreks,success,1,
OL468373A,Wendy W. Peche,no_candidate,0,
OL3288505A,Stephen Hacker,no_candidate,0,
OL3317804A,Tammy Roberts,success,1,
OL1607910A,Carolyn M. Shields,success,1,
OL579626A,Leighton Ford,success,1,
OL10997841A,Glenn Walter,success,5,
OL7122754A,Monica Sharma,success,5,
OL2850369A,Dennis Tourish,success,1,
OL20618A,Charles B. Bugg,no_candidate,0,
OL40032A,John D. Adams,success,3,
OL7524881A,Hugh Blane,no_candidate,0,
OL7007990A,Kathe Schaaf,no_candidate,0,
OL13606546A,Sandra Baroudi,no_candidate,0,
OL9106369A,Benny Ausmus,no_candidate,0,
OL9576570A,Aixa A. Ritz,no_candidate,0,
OL3584242A,Isabel Rimanoczy,no_candidate,0,
OL953196A,Richard Higginson,success,2,
OL380575A,Eric Masinde Aseka,no_candidate,0,
OL6519217A,ERIC MASINDE ASEKA,no_candidate,0,
OL8809614A,Randy Dobbs,no_candidate,0,
OL199718A,Girl Scouts of the United States of America.,no_candidate,0,
OL7000993A,Issa M. Saleh,success,1,
OL3227622A,Myint Swe Khine,success,1,
OL9266383A,William Torbert,success,1,
OL5480270A,Terry Anderson,success,5,
OL8019733A,Annmarie Sanders,no_candidate,0,
OL16047315A,Madikela Titus Lekalakala,no_candidate,0,
OL14055814A,Shana Burnett Ed.D,no_candidate,0,
OL531983A,Phillip V. Lewis,no_candidate,0,
OL440459A,John E. Roueche,success,1,
OL2938000A,George A. Baker,success,5,
OL1711554A,Robert R. Rose,success,3,
OL14062650A,Joshua P. Trout,no_candidate,0,
OL6265933A,Ken Wiltshire,success,1,
OL16039789A,Ismael sanchez,success,5,
OL227813A,Robert K. Greenleaf,success,1,
OL1171623A,Kent M. Keith,success,1,
OL1424939A,Efrain Agosto,no_candidate,0,
OL3478629A,Geoff Watts,success,2,
OL9150800A,Rebecca Traeger,no_candidate,0,
OL9150801A,Ole Storksen,no_candidate,0,
OL5218702A,Mike Cohn,success,1,
OL3032412A,Esther Derby,success,1,
OL399219A,Alfons Trompenaars,success,1,
OL3595253A,James W. Sipe,no_candidate,0,
OL3125428A,Jack Schaap,no_candidate,0,
OL6973134A,Larry C. Spears,success,1,
OL222954A,Paul A. Cedar,no_candidate,0,
OL7039356A,Dirk van Dierendonck,success,2,
OL2732590A,Larry C. Spears,success,1,
OL6893146A,Michele Lawrence,success,1,
OL2623924A,Ken Blanchard,success,1,
OL8346661A,Renee Broadwell,no_candidate,0,
OL5310633A,Michael Rucker,success,5,
OL2994264A,Holly Spence,success,3,
OL344341A,Jane Fryar,no_candidate,0,
OL6478198A,Rocky Wallace,no_candidate,0,
OL8049704A,Mary Culver,success,2,
OL3153159A,J. David Lundy,no_candidate,0,
OL3083322A,Don M Frick,no_candidate,0,
OL217423A,James C. Hunter,success,1,
OL3792801A,Henry P. Hildebrand,no_candidate,0,
OL6231358A,Ursula Thomas,success,2,
OL10550517A,Sylvanus Wosu,no_candidate,0,
OL1004566A,"Stevens, David",no_candidate,0,
OL3311046A,Philip Mathew,success,5,
OL9741600A,Jiying Song,no_candidate,0,
OL9708869A,Shann Ray Ferch,no_candidate,0,
OL221620A,Mary Elizabeth O'Brien,success,2,
OL579275A,Ralph Lewis,success,5,
OL1084157A,"Noble, John",success,5,
OL8106208A,Cara H Bramlett,no_candidate,0,
OL7647421A,Angelo J. Letizia,no_candidate,0,
OL12320548A,Pastor Cecil Hollaway,no_candidate,0,
OL1546981A,James Hunter,success,5,
OL294007A,Rhonda Kelley,no_candidate,0,
OL3059266A,Daniel W. Wheeler,no_candidate,0,
OL3860907A,Rocky Wallace,no_candidate,0,
OL10083137A,Samuel O. Enyia,no_candidate,0,
OL7948088A,Sen Sendjaya,no_candidate,0,
OL11526794A,Chad Audi,no_candidate,0,
OL10259925A,Yasir Hayat Mughal,no_candidate,0,
OL10259926A,Shahid Kamal,success,1,
OL6843918A,Robert K. Greenleaf Center. International Conference on Servant-Leadership,no_candidate,0,
OL10439210A,Pierre Walter,success,5,
OL8347278A,Mathias Hartmann,success,1,
OL13693008A,John Wallace Whitehead,no_candidate,0,
OL2695440A,G. Roberts,success,3,
OL227825A,C. Gene Wilkes,no_candidate,0,
OL216799A,Philip Kotler,success,2,
OL34717A,Kenneth C. Laudon,success,1,
OL2624937A,Jane P. Laudon,success,1,
OL2624938A,Jane Price Laudon,success,1,
OL2651047A,Jane Laudon,no_candidate,0,
OL391962A,Kevin Lane Keller,success,1,
OL238534A,Gary Dessler,success,1,
OL226049A,Jay H. Heizer,success,1,
OL2648619A,Jay Heizer,success,1,
OL457089A,Barry Render,success,1,
OL1308528A,George Robert Terry,success,1,
OL239218A,Fred R. David,no_candidate,0,
OL7166567A,Richard I. Levin & David S. Rubin,no_candidate,0,
OL2101074A,John le Carré,success,5,
OL240294A,Gregory G. Dess,no_candidate,0,
OL2640638A,G. T. Lumpkin,no_candidate,0,
OL2640639A,Alan B. Eisner,success,1,
OL2986109A,Gerry McNamara,success,2,
OL7807029A,Seung-Hyun Lee,success,5,
OL1195678A,Marilyn L. Taylor,no_candidate,0,
OL33897A,Stephen P. Robbins,success,2,
OL319610A,Andrew S. Grove,success,2,
OL244414A,Eugene F. Brigham,success,1,
OL715490A,Michael C. Ehrhardt,success,1,
OL221453A,R. Wayne Mondy,success,1,
OL2648915A,Robert M. Noe,no_candidate,0,
OL2648916A,Shane R. Premeaux,success,1,
OL455363A,Ronald Knowles,success,1,
OL544809A,Joseph J. Martocchio,success,1,
OL7170216A,David Kadavy,no_candidate,0,
OL27304A,Thomas L. Wheelen,success,1,
OL29722A,J. David Hunger,success,1,
OL2652743A,Tom Wheelen,no_candidate,0,
OL450116A,Dennis Lock,success,3,
OL218836A,Charles T. Horngren,success,1,
OL223463A,Frederick Winslow Taylor,success,3,
OL526722A,Paul Hersey,success,1,
OL2655496A,Blanchard Hersey,success,1,
OL392962A,Michael Levy,success,5,
OL240891A,Arthur A. Thompson,success,1,
OL1080210A,Alonzo J. Strickland,success,1,
OL2638624A,"Arthur A., Jr. Thompson",no_candidate,0,
OL395336A,A. J. Strickland,success,1,
OL2640627A,"Alonzo J., III Strickland",no_candidate,0,
OL224399A,Lee J. Krajewski,success,1,
OL389425A,Gareth R. Jones,success,2,
OL226973A,Jennifer M. George,success,1,
OL25513A,David A. Whetten,success,1,
OL226671A,Kim S. Cameron,success,1,
OL3011780A,Whetten,success,3,
OL5413970A,David A. Whetten,success,1,
OL6519846A,DAVID A. WHETTEN,success,1,
OL3368293A,David Whetten,no_candidate,0,
OL2622498A,Kim Cameron,success,4,
OL2635200A,Harold Koontz,success,1,
OL29513A,Project Management Institute,success,2,
OL389147A,Robert C. Higgins,no_candidate,0,
OL21141A,"Pearce, John A.",no_candidate,0,
OL2634617A,John A. Pearce,success,1,
OL2634618A,Richard B. Robinson,no_candidate,0,
OL5476227A,Michael Levy,success,5,
OL391217A,Barton A. Weitz,success,1,
OL453548A,Donald J. Bowersox,success,1,
OL223174A,Spencer Johnson,success,5,
OL2675184A,Kenneth Blanchard,no_candidate,0,
OL392669A,Robert D. Hisrich,success,1,
OL2627410A,Joel F. Houston,no_candidate,0,
OL383803A,James C. Van Horne,success,2,
OL26542A,James A. O'Brien,success,4,
OL398560A,Barry Berman,success,3,
OL338289A,Joel R. Evans,no_candidate,0,
OL9417937A,L. M. Prasad,no_candidate,0,
OL4193465A,L.M. Prasad,no_candidate,0,
OL30298A,Jerrold S. Greenberg,success,1,
OL2844131A,Jerrold Greenberg,no_candidate,0,
OL4672094A,Jerrold S Greenberg,no_candidate,0,
OL7286488A,Gerrold Greenberg,no_candidate,0,
OL10856242A,Cyril O'Donnell,success,1,
OL228184A,William J. Stevenson,no_candidate,0,
OL8088432A,Mairead Brady,success,1,
OL590573A,Malcolm Goodman,no_candidate,0,
OL2946043A,Torben Hansen,success,5,
OL394882A,Douglas J. Dalrymple,no_candidate,0,
OL1519807A,William Cron,success,5,
OL2730967A,William L. Cron,no_candidate,0,
OL2730968A,Thomas E. DeCarlo,no_candidate,0,
OL224314A,Charles W. L. Hill,success,1,
OL562491A,Thomas R. Hoffmann,success,1,
OL1193951A,Aaron Antonovsky,success,4,
OL5686405A,Michael Armstrong,success,5,
OL4727974A,Mick Marchington,success,1,
OL2694332A,Adrian Wilkinson,success,3,
OL3317278A,"Jr., Donald C. Mosley",no_candidate,0,
OL2778389A,"Paul H., Jr. Pietri",no_candidate,0,
OL9516683A,Susan Hetrick,no_candidate,0,
OL8266105A,Charalampos Giousmpasoglou,no_candidate,0,
OL8266107A,Evangelia Marinakou,success,1,
OL9515103A,Carol J. P. Colfer,no_candidate,0,
OL3134337A,Yvonne Byron,success,1,
OL2800692A,Gary Rees,success,3,
OL8077721A,Raymond French,success,1,
OL8150544A,Antonios Panagiotakopoulos,no_candidate,0,
OL2657848A,David Rees,success,5,
OL3461954A,Richard McBain,success,1,
OL478428A,David Farnham,success,3,
OL9308896A,Paul Smith CIPD,no_candidate,0,
OL5293406A,PEOPLE MANAGEMENT.,success,1,
OL9489251A,Nicholas Kinnie,no_candidate,0,
OL4915492A,Juani Swart,success,1,
OL9489252A,Bruce Rayton,success,1,
OL1461878A,Susan Hutchinson,success,4,
OL6994615A,Pawan S. Budhwar,success,2,
OL223415A,Ricky W. Griffin,success,1,
OL7320384A,Jean M. Phillips,success,1,
OL8049214A,Stanley M. Gully,success,1,
OL44633A,Jack London,success,5,
OL3422904A,OLSON *PEOPLE*,no_candidate,0,
OL6346643A,Paul Kearns,success,3,
OL787582A,Clive T. Goodworth,no_candidate,0,
OL226543A,Ellen Hawley,success,1,
OL5856610A,Shirley McKinnon,no_candidate,0,
OL7317788A,Rus Slater,no_candidate,0,
OL4814507A,Ian Fleming,success,5,
OL7950578A,Ashish Malik,success,4,
OL2698142A,Chris Rowley,success,4,
OL3874125A,David W. Griffiths,success,1,
OL11451297A,JAMES RICHARDSON,success,5,
OL274524A,"Thomas, Mark",no_candidate,0,
OL1459505A,William Laird Siegel,no_candidate,0,
OL10906578A,Satish Bendigiri,no_candidate,0,
OL5933475A,Great Britain. Audit Commission for Local Authorities in England and Wales.,no_candidate,0,
OL8211725A,David Creelman,success,1,
OL8271274A,Peter Navin,no_candidate,0,
OL3392140A,PAGE,success,5,
OL8083257A,Norma Barry,no_candidate,0,
OL7620390A,Karen Gately,no_candidate,0,
OL230346A,Peter Dowling,success,5,
OL3289459A,Peter J. Dowling,success,1,
OL2778426A,Denice E. Welch,no_candidate,0,
OL393423A,Randall S. Schuler,success,1,
OL13217995A,Morgan Orioha,no_candidate,0,
OL8075384A,Richard Blackmon,no_candidate,0,
OL12915435A,Diana Dias,success,3,
OL12915436A,Carla Magalhães,success,1,
OL333708A,Patricia Wellington,success,1,
OL7546458A,Gerardus Blokdyk,no_candidate,0,
OL3675364A,"Gerrit, Ph.D. Knodt",no_candidate,0,
OL1715750A,John Bramham,no_candidate,0,
OL389341A,Carol J. Pierce Colfer,success,2,
OL225835A,Michael A. Hitt,success,1,
OL715487A,Robert E. Hoskisson,no_candidate,0,
OL3446960A,"R. Duane Ireland, Robert E. Hoskisson Michael A.  Hitt",no_candidate,0,
OL2654206A,Duane Ireland,success,1,
OL2650732A,R. Duane Ireland,success,1,
OL7000742A,Frank T. Rothaermel,success,1,
OL1076211A,R. Edward Freeman,success,1,
OL2653134A,Fred David,success,5,
OL1010168A,H. Igor Ansoff,no_candidate,0,
OL12578562A,Edward McDonnell,success,5,
OL528859A,Jay B. Barney,success,1,
OL2652981A,Jay Barney,success,2,
OL3246876A,William S Hesterly,no_candidate,0,
OL2663874A,Jeffrey H. Dyer,success,1,
OL509421A,Paul Godfrey,success,4,
OL2699582A,Robert Jensen,success,5,
OL3136624A,David Bryce,success,5,
OL19769A,Samuel C. Certo,no_candidate,0,
OL3355954A,J.Paul Peter,no_candidate,0,
OL5649743A,Melissa A. Schilling,success,1,
OL2738537A,Garth Saloner,success,1,
OL2738538A,Andrea Shepard,no_candidate,0,
OL2738539A,Joel Podolny,success,1,
OL24085A,Alan M. Rugman,success,2,
OL4380294A,Richard M. Hodgetts,success,1,
OL401884A,Mark Harrison Moore,success,1,
OL2734901A,Tienie Ehlers,no_candidate,0,
OL449222A,Philippe Lasserre,success,1,
OL2735682A,John Parnell,success,5,
OL386819A,Peter M. Ginter,success,1,
OL531979A,Linda E. Swayne,success,1,
OL223179A,W. Jack Duncan,no_candidate,0,
OL43312A,"Cooke, Peter",no_candidate,0,
OL2837853A,David Williamson,success,5,
OL7607720A,Wyn Jenkins,success,1,
OL4390269A,Keith Michael Moreton,no_candidate,0,
OL391735A,"Miller, Alex",success,2,
OL6843931A,Allen C. Amason,success,1,
OL4357246A,John L. Thompson,success,4,
OL283267A,Frank Martin,success,5,
OL456615A,W. Edward Stead,success,1,
OL2850421A,Jean Garner Stead,success,1,
OL2850422A,Mark Starik,success,1,
OL397965A,Mary K. Coulter,no_candidate,0,
OL1519065A,C. Gopinath,success,1,
OL3293873A,Julie I. Siciliano,no_candidate,0,
OL220074A,Henry Mintzberg,success,2,
OL1433414A,Mason Andrew Carpenter,success,1,
OL2652884A,Mason A. Carpenter,no_candidate,0,
OL2652885A,William Gerard Sanders,no_candidate,0,
OL7807072A,Frank Rothaermel,no_candidate,0,
OL3378334A,Anthony Henry,success,5,
OL7664098A,Harry Sminia,success,1,
OL1010034A,Lester A. Digman,no_candidate,0,
OL7929313A,R. Edward Freeman,success,1,
OL3091571A,Zahirul Hoque,success,2,
OL4598461A,J. David Hunger,success,1,
OL1479479A,Kamel Mellahi,success,1,
OL2669063A,Jedrzej George Frynas,success,1,
OL2669064A,Paul Finlay,success,4,
OL609848A,Richard L. Lynch,success,1,
OL3101058A,Jeffrey M. Hiatt,success,1,
OL3101059A,Timothy J. Creasey,success,1,
OL7544304A,Julian Randall,success,1,
OL2657294A,Robert Sullivan,success,5,
OL3154863A,Stephen Lytton,no_candidate,0,
OL447504A,Thomas Lauer,success,5,
OL1515780A,Julian Randall,success,1,
OL1603319A,Lyndon Pugh,success,2,
OL1427230A,Esther Cameron,success,3,
OL2824520A,Mike Green,success,5,
OL3278672A,Darren McCabe,success,1,
OL3182743A,Klaus Doppler,success,1,
OL7953007A,Christoph Lauterburg,success,1,
OL530471A,John Hayes,success,5,
OL10444445A,The Change Management Institute,no_candidate,0,
OL834372A,Todd Jick,success,1,
OL1236949A,Maury Peiperl,no_candidate,0,
OL3258342A,Todd D. Jick,success,1,
OL3243172A,Jeff Hiatt,success,1,
OL7275566A,Jason Little,success,5,
OL686666A,James McCalman,success,1,
OL6603031A,Djamel Eddine Laouisset,no_candidate,0,
OL10378844A,Cornell Vernooij,no_candidate,0,
OL10378845A,Judith Stuijt,no_candidate,0,
OL8765041A,Maarten Hendriks,no_candidate,0,
OL7699674A,Wouter ten Have,success,2,
OL7699673A,Steven ten Have,success,2,
OL7564045A,Camille Fournier,success,3,
OL8056985A,Melanie Franklin,no_candidate,0,
OL7708458A,APMG,success,5,
OL3329002A,Bennet Lientz,success,1,
OL3329003A,Kathryn Rea,success,2,
OL5450805A,Dean Anderson,success,5,
OL1003227A,Bernard Burnes,success,1,
OL218130A,August-Wilhelm Scheer,success,2,
OL7900742A,Frank Voehl,success,1,
OL2633920A,H. James Harrington,success,2,
OL295325A,Alexandra Schichtel,no_candidate,0,
OL8150541A,ten Have Wouter,no_candidate,0,
OL8150542A,Anne-Bregj Huijsmans,no_candidate,0,
OL6785342A,Martha Henderson Hurley,no_candidate,0,
OL218618A,Marcus Gonçalves,success,2,
OL6789733A,John Hayes,success,5,
OL6933050A,Sarah Lewis,success,5,
OL64477A,Annabel C. Beerel,success,1,
OL1101366A,Mahmoud Ezzamel,success,1,
OL1398747A,Simon Lilley,no_candidate,0,
OL3818706A,Hugh Wilmott,no_candidate,0,
OL409080A,Chris Green,success,5,
OL381405A,Joseph Tidd,success,1,
OL2729737A,Joe Tidd,success,1,
OL2730078A,John Bessant,success,2,
OL19869A,Keith Pavitt,success,1,
OL7694457A,Kyla Latrice Tennin,no_candidate,0,
OL802404A,Dietmar Vahs,success,1,
OL7106773A,Daphne Halkias,no_candidate,0,
OL794506A,Joseph C. Santora,no_candidate,0,
OL7106775A,Nicholas Harkiolakis,no_candidate,0,
OL8156259A,Paul W. Thurman,no_candidate,0,
OL229230A,Jeffrey P. Davidson,success,1,
OL8464339A,David M. Dietrich,no_candidate,0,
OL2971609A,Michael Kenworthy,success,2,
OL6605196A,Elizabeth A. Cudney,success,1,
OL15912311A,David Miller,success,5,
OL7758460A,Audra Proctor,no_candidate,0,
OL2812382A,Chip Heath,success,1,
OL3092199A,"Chip; Heath, Dan Heath",no_candidate,0,
OL231767A,John P. Kotter,success,1,
OL2951994A,Daniel Bloom,success,2,
OL9751209A,Tracey Torble,no_candidate,0,
OL7618544A,David Heinemeier Hansson,success,1,
OL390259A,Ronald J. Ebert,success,1,
OL23855A,Roger G. Schroeder,no_candidate,0,
OL227233A,Norman Gaither,success,1,
OL402185A,Scott M. Shafer,success,1,
OL1518264A,Nigel Slack,success,2,
OL370287A,Robert Johnston,success,5,
OL228288A,Bernard W. Taylor,no_candidate,0,
OL3376616A,Kanishka Bedi,no_candidate,0,
OL1708476A,Raymond R. Mayer,no_candidate,0,
OL7832997A,Lee Krajewski,no_candidate,0,
OL1955312A,R. Panneerselvam,success,1,
OL1193811A,Elwood Spencer Buffa,success,1,
OL402353A,Jack D. Ninemeier,no_candidate,0,
OL549981A,David K. Hayes,success,1,
OL721066A,Ray Wild,success,1,
OL235937A,Mark M. Davis,success,1,
OL579531A,Nicholas J. Aquilano,no_candidate,0,
OL38059A,James B. Dilworth,success,1,
OL245994A,Steve Brown,success,5,
OL7482935A,Fu Jia,success,5,
OL2626801A,Richard J. Schonberger,success,1,
OL2635611A,Edward M. Knod,no_candidate,0,
OL772133A,John O. McClain,no_candidate,0,
OL2655823A,L. Joseph Thomas,success,1,
OL2655824A,Joseph B. Mazzola,no_candidate,0,
OL2648632A,Larry P. Ritzman,success,1,
OL2653346A,Manoj K. Malhotra,success,1,
OL1012230A,Robert D. Reid,success,1,
OL2737989A,R. Dan Reid,no_candidate,0,
OL2737990A,Nada R. Sanders,success,1,
OL1429410A,David Barnes,success,5,
OL7974314A,"Heizer, Render, Munson",no_candidate,0,
OL7582321A,Chuck Munson,success,1,
OL36499A,Terry Hill,success,5,
OL390608A,Jim Kilby,success,1,
OL2737594A,Jim Fox,success,5,
OL2737595A,Anthony F. Lucas,no_candidate,0,
OL7764309A,"Lee J. Krajewski (Author), Manoj K. Malhotra (Author) Larry P. Ritzman (Author)",no_candidate,0,
OL7905386A,Michael Chibili,no_candidate,0,
OL8168446A,Shane de Bruyn,no_candidate,0,
OL8168447A,Latifa Benhadda,no_candidate,0,
OL257213A,Conrad Lashley,success,1,
OL8168448A,Saskia Penninga,no_candidate,0,
OL7203538A,Philip Gibson,success,3,
OL2730366A,Stanley E. Portny,success,1,
OL2825763A,Harvey Maylor,success,1,
OL5477272A,Bob Hughes,success,5,
OL2206215A,Samuel J. Mantel,no_candidate,0,
OL2636200A,Erik W. Larson,success,1,
OL534330A,Frederick E. Gould,no_candidate,0,
OL2656011A,Nancy Joyce,success,5,
OL1407711A,Kathy Schwalbe,no_candidate,0,
OL1424745A,Peter Fewings,success,1,
OL7342127A,Mark C. Layton,success,1,
OL7277660A,Kory Kogon,success,1,
OL9598794A,Suzette Blakemore,no_candidate,0,
OL28562A,Jeffrey K. Pinto,success,1,
OL365623A,Robert K. Wysocki,success,1,
OL875828A,P. K. Joy,success,1,
OL2730963A,Samuel E. Portny,no_candidate,0,
OL2730965A,Margaret M. Sutton,no_candidate,0,
OL2730966A,Brian E. Kramer,success,1,
OL397305A,Jack Gido,success,1,
OL3291729A,James P. Clements,success,1,
OL718530A,Avraham Shtub,success,2,
OL238316A,Jonathan F. Bard,success,1,
OL1237529A,Shlomo Globerson,success,1,
OL1436951A,Jack T. Marchewka,no_candidate,0,
OL4772139A,Jack Gido,success,1,
OL7937732A,Jim Clements,success,4,
OL4440582A,Rose Baker,success,5,
OL2738029A,Eric Verzuh,no_candidate,0,
OL7735729A,Theuns Oosthuizen,no_candidate,0,
OL7485326A,Rory Burke,success,5,
OL1657128A,Clifford F. Gray,success,1,
OL7007593A,Alison Dykstra,no_candidate,0,
OL3447283A,Timothy Kloppenborg,no_candidate,0,
OL3030014A,Kathryn Wells,no_candidate,0,
OL3059096A,Vittal S. Anantatmula,no_candidate,0,
OL5849949A,John M. Nicholas,success,1,
OL2734644A,Herman Steyn,success,1,
OL5795331A,David Shirley,success,5,
OL2637297A,David L. Cleland,no_candidate,0,
OL768789A,Lewis R. Ireland,success,1,
OL3697781A,Clifford Gray,success,5,
OL2650932A,Ken Schwaber,success,1,
OL1438336A,Scott Berkun,success,1,
OL19395A,Tom DeMarco,success,1,
OL2879818A,Greg Horine,success,1,
OL235974A,Sidney M. Levy,success,1,
OL2880269A,Paul C. Tinnirello,no_candidate,0,
OL719205A,Michael Armstrong,success,5,
OL7652150A,Linda Ashdown,no_candidate,0,
OL32869A,Aubrey C. Daniels,success,1,
OL2817860A,Jon S. Bailey,success,1,
OL6837059A,Arup Varma,no_candidate,0,
OL1436313A,Herman Aguinis,success,1,
OL7539915A,Jack Alexander,success,5,
OL5461640A,Jacky Holloway,no_candidate,0,
OL2824602A,Angela Baron,success,5,
OL1437382A,Mike Bourne,success,1,
OL8131521A,Ralph W. Adler,no_candidate,0,
OL375198A,A. S. Kohli,success,1,
OL3090367A,Edward M. Mone,no_candidate,0,
OL4436663A,T. V. Rao,success,2,
OL3100585A,Ralph R Smith,no_candidate,0,
OL7297300A,BPP Learning Media,no_candidate,0,
OL7346974A,Ron Dimon,success,1,
OL4191708A,Madhu Arora,no_candidate,0,
OL8468832A,Poonam Khurana,success,1,
OL8468833A,Sonam Choiden,no_candidate,0,
OL7200482A,Peter Wiggers,success,1,
OL216889A,Kornel Terplan,success,1,
OL236518A,Robert Bacal,success,2,
OL455914A,Michael D. McMaster,no_candidate,0,
OL1918598A,Lee Parker,success,2,
OL9502283A,Van Dooren Wouter,no_candidate,0,
OL9502284A,Wouter Van Dooren,success,1,
OL2667214A,Geert Bouckaert,success,2,
OL2806483A,John Halligan,success,5,
OL3118296A,Brian J. Hall,success,3,
OL2040906A,Richard Luecke,success,1,
OL3399460A,HBR,success,5,
OL3295533A,Graham Kenny,no_candidate,0,
OL286362A,Richard Pettinger,success,2,
OL3397009A,Arup; Bu Varma,no_candidate,0,
OL2741067A,Tony C. Adkins,no_candidate,0,
OL8114437A,Dummies Staff,no_candidate,0,
OL7645420A,Herman Aguinis,success,1,
OL2785894A,Kaplan Publishing,no_candidate,0,
OL455981A,Gary Cokins,success,1,
OL3149792A,Bernard Marr,success,5,
OL3410032A,Dina Gray,success,1,
OL585079A,Phil Baguley,success,1,
OL2729652A,Bob Paladino,success,1,
OL1401021A,Lisa R. Franke,no_candidate,0,
OL190840A,Tracey Bernstein Weiss,no_candidate,0,
OL228229A,Joan Dean,no_candidate,0,
OL395910A,H. John Bernardin,no_candidate,0,
OL2633257A,Joyce E. A. Russell,no_candidate,0,
OL535855A,Robert L. Mathis,success,1,
OL1123662A,John Harold Jackson,no_candidate,0,
OL235972A,David A. DeCenzo,success,1,
OL229940A,Greg L. Stewart,no_candidate,0,
OL3422129A,Kenneth G. Brown,success,2,
OL466291A,John Bratton,success,4,
OL2704923A,Jeffrey Gold,success,5,
OL238777A,Wendell L. French,success,1,
OL452017A,Lloyd L. Byars,success,1,
OL223925A,John M. Ivancevich,success,1,
OL584921A,Jeffrey A. Mello,no_candidate,0,
OL8176962A,Melanie Peacock,no_candidate,0,
OL5891029A,Monica Belcourt,success,1,
OL8176963A,Eileen B. Stewart,no_candidate,0,
OL8043921A,Pieter Nel,success,5,
OL8183313A,Amanda Werner,no_candidate,0,
OL8183314A,Christoff Botha,no_candidate,0,
OL8183315A,Osmond Ngalo,no_candidate,0,
OL8183316A,Paul Poisat,no_candidate,0,
OL2731752A,Raymond J. Stone,no_candidate,0,
OL246826A,William P. Anthony,no_candidate,0,
OL2627251A,Pamela L. Perrewe,success,1,
OL2627252A,K. Michele Kacmar,success,1,
OL2627453A,K. Michelle Kacmar,no_candidate,0,
OL6874322A,Melva M. Diamante,no_candidate,0,
OL244525A,Cynthia D. Fisher,no_candidate,0,
OL7644918A,John R. Hendon,success,1,
OL4204858A,K. Aswathappa,no_candidate,0,
OL1214150A,Perfecto S. Sison,no_candidate,0,
OL6438768A,H. T. Graham,no_candidate,0,
OL8201904A,Julie Beardwell,success,1,
OL4427561A,Tim Claydon,success,1,
OL216674A,Raymond A. Noe,success,1,
OL5005634A,Paul E Smith,success,2,
OL1207541A,Chris Brewster,success,2,
OL576940A,Paul Sparrow,no_candidate,0,
OL3147636A,Guy Vernon,success,5,
OL7915454A,Ronan Carbery,success,1,
OL7915455A,Christine Cross,success,3,
OL3281001A,Walter J. Flynn,no_candidate,0,
OL7900133A,Jonathan Crawshaw,success,1,
OL2695887A,Pawan Budhwar,success,1,
OL739572A,Ann Davis,success,5,
OL8624874A,Aswathappa,no_candidate,0,
OL2639667A,John R. Hollenbeck,success,1,
OL2639668A,Barry Gerhart,no_candidate,0,
OL7455447A,Patrick M. Wright,success,1,
OL3477657A,Nick Wilton,success,2,
OL2640713A,Laura Portolese Dias,no_candidate,0,
OL388469A,Fred Luthans,success,1,
OL1480578A,Angelo Kinicki,success,1,
OL3011892A,Hellriegel,success,5,
OL28337A,Steven Lattimore McShane,no_candidate,0,
OL397106A,John W. Newstrom,success,1,
OL1078587A,Michael T. Matteson,success,1,
OL5450786A,Jason Colquitt,success,1,
OL2736896A,Richard N. Osborn,no_candidate,0,
OL3236149A,Debra L. Nelson,success,1,
OL2634548A,Christopher P. Neck,success,1,
OL7675120A,Jeffery D. Houghton,success,1,
OL7659105A,Emma L. Murray,success,1,
OL230982A,Richard M. Steers,success,1,
OL391875A,Robert G. Owens,success,1,
OL2673094A,Thomas Valesky,no_candidate,0,
OL2640119A,Steven McShane,no_candidate,0,
OL2640120A,Mary Ann Von Glinow,no_candidate,0,
OL381981A,Dorothy Marcic,success,2,
OL3296061A,Hai,success,5,
OL3307659A,Joe Seltzer,success,1,
OL2877248A,Peter Vaill,success,2,
OL3011854A,Marcic,success,5,
OL2654440A,Tim Judge,success,2,
OL407371A,Gregory Moorhead,no_candidate,0,
OL2877531A,Timothy T. Baldwin,no_candidate,0,
OL658641A,Joyce Osland,success,1,
OL220539A,Judith R. Gordon,no_candidate,0,
OL3247664A,Nancy Borkowski,success,1,
OL725170A,Gregory B. Northcraft,success,1,
OL387911A,John A. Wagner,success,3,
OL2655520A,John A. Wagner,success,3,
OL395220A,Craig C. Pinder,success,1,
OL444568A,Joseph E. Champoux,no_candidate,0,
OL3500659A,Dean McFarlin,no_candidate,0,
OL269584A,Paul Sweeney,success,4,
OL3040839A,Terri A. Scandura,success,1,
OL833994A,Karlene H. Roberts,success,1,
OL2667355A,Hunt,success,5,
OL1435358A,Linda K. Stroh,success,1,
OL1394466A,John J. Wild,success,1,
OL2649709A,Kenneth L. Wild,no_candidate,0,
OL8152174A,Alverne Ball,no_candidate,0,
OL3327432A,Timothy A. Judge,success,1,
OL7807077A,Jeffery LePine,no_candidate,0,
OL7807078A,Michael Wesson,no_candidate,0,
OL720319A,Henry L. Tosi,no_candidate,0,
OL25174A,Afsaneh Nahavandi,success,1,
OL2654622A,Ali R. Malekzadeh,no_candidate,0,
OL3012031A,Newstrom,success,2,
OL447441A,"Nelson, Debra L.",no_candidate,0,
OL7136242A,Mary Uhl-Bien,no_candidate,0,
OL8356072A,Ronald F. Piccolo,no_candidate,0,
OL7907538A,"Schermerhorn, John R., Jr.",no_candidate,0,
OL389221A,Anne Marie Francesco,no_candidate,0,
OL2653882A,Barry Allen Gold,no_candidate,0,
OL532682A,Michael R. Baye,success,1,
OL2639750A,Michael Baye,success,5,
OL7657408A,Patrick Bet-David,success,1,
OL2629810A,Greg Dinkin,success,1,
OL1237664A,Marty Neumeier,success,1,
OL730657A,John Grieve Smith,success,1,
OL492603A,Alain Verbeke,success,2,
OL884162A,Wally Olins,success,1,
OL433587A,Shiv Sahai Mathur,no_candidate,0,
OL2825852A,Shiv S Mathur,no_candidate,0,
OL882934A,Alfred Kenyon,no_candidate,0,
OL7987385A,Hamilton Helmer,no_candidate,0,
OL1608050A,Jeremy Kourdi,success,1,
OL237651A,Brian O'Neil,success,5,
OL399968A,Walid Mougayar,no_candidate,0,
OL52310A,Peter J. Buckley,success,2,
OL2641400A,Pervez Ghauri,success,1,
OL2846407A,Neel Mehta,no_candidate,0,
OL7989361A,Aditya Agashe,success,2,
OL7989362A,Parth Detroja,success,1,
OL533987A,Richard A. Gershon,no_candidate,0,
OL5202953A,David Campbell,success,5,
OL698759A,Myron S. Scholes,success,1,
OL2649358A,Mark A. Wolfson,no_candidate,0,
OL2649359A,Merle M. Erickson,no_candidate,0,
OL1453625A,Edward L. Maydew,no_candidate,0,
OL2649360A,Terry J. Shevlin,no_candidate,0,
OL2649361A,Edward Maydew,no_candidate,0,
OL2649362A,Terry Shevlin,success,1,
OL3391341A,Robin John,success,5,
OL446800A,Jack Trout,success,4,
OL7466902A,Michael R. Baye,success,1,
OL7696713A,Jeff Prince,success,2,
OL8057057A,J. -C Spender,no_candidate,0,
OL897135A,Garry D. Smith,no_candidate,0,
OL452035A,Cor Molenaar,success,2,
OL236414A,Robert Greene,success,5,
OL3056495A,Don Leslie,success,5,
OL2656470A,Myron Scholes,success,1,
OL2656471A,Mark Wolfson,success,2,
OL2634848A,Harvard Business School,success,5,
OL828245A,S. Tamer Cavusgil,success,1,
OL2866738A,Tamer Cavusgil,success,1,
OL768925A,Gary Knight,success,5,
OL3367886A,John Riesenberger,no_candidate,0,
OL9990496A,Nicole F. Richter,success,1,
OL7080504A,Jesper Strandskov,success,2,
OL9990497A,Sven Hauff,success,1,
OL9990498A,Vasyl Taras,success,4,
OL2648409A,David Travis,success,5,
OL3154865A,Philip Hodgson,success,3,
OL12433045A,Mohammad F. Anwar,no_candidate,0,
OL12433046A,Frank E. Danna,no_candidate,0,
OL12433047A,Jeffrey F. Ma,no_candidate,0,
OL12433048A,Christopher J. Pitre,no_candidate,0,
OL7954858A,Patrick J. Stroh,no_candidate,0,
OL5064299A,Annmarie Hanlon,success,1,
OL2732133A,George Stonehouse,success,4,
OL7791069A,Bill Houston,success,4,
OL3056082A,Marc English,success,1,
OL1098126A,Janice Burn,success,1,
OL8089779A,George B. Moseley III,no_candidate,0,
OL2909853A,Nigel Seel,success,3,
OL926801A,Terry Garrison,success,1,
OL441696A,"Campbell, David J.",no_candidate,0,
OL9574146A,Vladik Khononov,no_candidate,0,
OL7276987A,Peter Zámborský,success,1,
OL10681772A,Sobia Publication,no_candidate,0,
OL402967A,Paul D. Kimmel,no_candidate,0,
OL225203A,Jerry J. Weygandt,success,1,
OL425147A,Ken Black,success,5,
OL146690A,Morris Hamburg,success,1,
OL244529A,E. Frank Harrison,no_candidate,0,
OL236063A,Max H. Bazerman,success,1,
OL121675A,Herbert Alexander Simon,success,2,
OL37425A,O. C. Ferrell,success,1,
OL2733865A,John Fraedrich,success,1,
OL2640453A,Linda Ferrell,success,1,
OL239935A,S. Christian Albright,success,1,
OL452854A,Wayne L. Winston,success,1,
OL422889A,Peter Juslin,success,1,
OL2333737A,Henry Montgomery,success,5,
OL591198A,Ronald C. Doll,success,1,
OL836577A,Scott Plous,success,1,
OL835181A,John J. Hampton,success,1,
OL2189463A,Manley Howe Jones,no_candidate,0,
OL2685917A,Deborah Stone,success,5,
OL586777A,W. Bruce Walsh,no_candidate,0,
OL658799A,Samuel H. Osipow,no_candidate,0,
OL78984A,David Ray Anderson,success,1,
OL30687A,Austin J. Freeley,no_candidate,0,
OL2777196A,David L. Steinberg,no_candidate,0,
OL550262A,Thomas N. Ingram,success,1,
OL2627347A,Raymond W. Laforge,no_candidate,0,
OL2627348A,Ramon A. Avila,no_candidate,0,
OL2627349A,"Charles H., Jr Schwepker",no_candidate,0,
OL2627350A,Michael R. Williams,success,2,
OL129765A,Irving Lester Janis,success,1,
OL2776999A,Wayne Winston,success,3,
OL3322990A,Christopher J. Zappe,no_candidate,0,
OL7447258A,Donald E. Kieso,success,1,
OL234151A,James G. March,success,3,
OL8298977A,Simone Gressel,no_candidate,0,
OL3118694A,David J. Pauleen,success,1,
OL8298978A,Nazim Taskin,success,1,
OL391613A,Laura Pincus Hartman,no_candidate,0,
OL2638636A,Laura P. Hartman,no_candidate,0,
OL218033A,Joseph R. DesJardins,no_candidate,0,
OL2626708A,Irving L. Janis,success,3,
OL10366460A,Ali AbdulHussein,success,1,
OL1434833A,Milan Zeleny,success,3,
OL2852718A,Rick Daniels,success,2,
OL7609129A,Patrick J. McGinnis,no_candidate,0,
OL542424A,Jerold L. Zimmerman,success,1,
OL2865625A,Zimmerman,success,5,
OL3401020A,Will Yancey,no_candidate,0,
OL6512827A,Paul M. Collier,no_candidate,0,
OL4438445A,Mervyn King,success,5,
OL676066A,John Kay,success,5,
OL8173710A,Ibrahim M. Aly,no_candidate,0,
OL7773959A,Nancy S. Kim,success,1,
OL236843A,Allan Savory,success,2,
OL3041173A,Jody Butterfield,no_candidate,0,
OL897567A,H. B. Gelatt,no_candidate,0,
OL119802A,George Leland Bach,success,2,
OL395036A,Sarah O. Steinman,no_candidate,0,
OL2778455A,Dennis J. Sweeney,success,1,
OL2778456A,Thomas Arthur Williams,success,1,
OL7501910A,Jeffrey D. Camm,success,2,
OL7501911A,James J. Cochran,success,1,
OL8126027A,Jacqueline Birt,success,2,
OL8126028A,Keryn Chalmers,success,1,
OL16223750A,Suzanne Byrne,success,1,
OL3537217A,Albie Brooks,no_candidate,0,
OL918315A,Judy Oliver,no_candidate,0,
OL2729090A,John Adair,success,5,
OL534204A,Ray H. Garrison,success,1,
OL2639592A,"Eric W., Phd Noreen",no_candidate,0,
OL2638699A,Eric Noreen,no_candidate,0,
OL1436960A,Peter C. Brewer,no_candidate,0,
OL544400A,Herta A. Murphy,no_candidate,0,
OL243612A,Marshall B. Rosenberg,success,1,
OL9735555A,Alan Rafael Seid Llamas,no_candidate,0,
OL226490A,M. N. Hegde,success,1,
OL2633498A,Catherine Ann Coombs,no_candidate,0,
OL397900A,Paul A. Argenti,success,1,
OL546514A,Robert L. Shrader,no_candidate,0,
OL31442A,Richard L. West,no_candidate,0,
OL398394A,Lynn H. Turner,success,1,
OL2640350A,Richard West,success,5,
OL1382017A,Lynn Turner,success,5,
OL5507684A,Sheila Steinberg,no_candidate,0,
OL2939178A,Sanjay Kumar,success,5,
OL8041523A,Pushp Lata,no_candidate,0,
OL35572A,Ronald B. Adler,success,1,
OL1961519A,Ronald Adler,success,2,
OL3350407A,MARY O WIEMAN,no_candidate,0,
OL3372657A,Ronald Adler,success,2,
OL3383392A,Ron Adler,success,2,
OL4593553A,RONALD ADLER,success,2,
OL7232157A,Ronald B. Adler,success,1,
OL7582287A,Ronald B. Adler,success,1,
OL2664466A,Russell F. Proctor II,no_candidate,0,
OL8032569A,"Proctor, Russell F., II",no_candidate,0,
OL2627896A,Neil Towne,success,1,
OL78865A,Wayne Tomasi,no_candidate,0,
OL1862774A,John W. Blassingame,success,3,
OL5017718A,John W. Blassingame,success,3,
OL22053A,Stewart L. Tubbs,success,1,
OL218771A,Mary Ellen Guffey,success,1,
OL386326A,Saundra Hybels,no_candidate,0,
OL27525A,Larry A. Samovar,success,1,
OL6744128A,Portar McDaniel Samovar,no_candidate,0,
OL2777276A,Richard E. Porter,success,1,
OL193997A,Benedict Anderson,success,5,
OL25012A,Emory A. Griffin,success,1,
OL31351A,Alan O. Ebenstein,success,1,
OL2649381A,Alan Ebenstein,success,1,
OL2274431A,William Ebenstein,success,1,
OL2656604A,EBENSTEIN FOGE,no_candidate,0,
OL3350700A,W. Ebenstein,no_candidate,0,
OL3370953A,Ebenstein & Fogelman,no_candidate,0,
OL5717154A,William Ebenstein,success,1,
OL21503A,Sarah Trenholm,success,1,
OL1879979A,Arthur Jensen,success,5,
OL2650392A,Courtland L. Bovée,no_candidate,0,
OL226398A,Malcolm Barnard,success,2,
OL230865A,William J. Seiler,no_candidate,0,
OL2672310A,Melissa L. Beall,no_candidate,0,
OL454516A,Paul Martin Lester,success,1,
OL541535A,Roy Blake,success,3,
OL395659A,John G. Proakis,success,1,
OL536194A,Leon W. Couch,success,1,
OL387775A,John M. Lannon,no_candidate,0,
OL219702A,William B. Gudykunst,success,1,
OL1121414A,Young Yun Kim,success,3,
OL2638683A,William Gudykunst,success,1,
OL223621A,Katherine Miller,success,5,
OL444993A,Mark L. Knapp,success,1,
OL1239241A,Judith A. Hall,success,1,
OL385983A,Kitty O. Locker,no_candidate,0,
OL3357718A,Donna S. Kienzler,no_candidate,0,
OL2635513A,Locker,success,5,
OL229901A,John Vivian,success,5,
OL886345A,Albert Mehrabian,success,1,
OL220594A,B. P. Lathi,success,1,
OL2870600A,Zhi Ding,success,5,
OL2635636A,Stephen Kyo Kaczmarek,no_candidate,0,
OL2640011A,Kitty Locker,no_candidate,0,
OL21137A,Julia T. Wood,success,1,
OL26076A,Joseph R. Dominick,success,1,
OL4331371A,Everett M. Rogers,success,1,
OL1122332A,Timothy Pratt,success,1,
OL2738451A,Charles W. Bostian,no_candidate,0,
OL2738452A,Jeremy E. Allnutt,no_candidate,0,
OL2778097A,Agency for Instructional Technology,success,1,
OL4318331A,Adler; Elmhorst,no_candidate,0,
OL2639424A,Jeanne Marquardt Elmhorst,no_candidate,0,
OL7701767A,Kristen Lucas Assistant Professor Ph.D.,no_candidate,0,
OL452098A,Fred Halsall,no_candidate,0,
OL27404A,Stanley J. Baran,success,1,
OL1655495A,Dennis K. Davis,success,1,
OL224907A,Daniel Goleman,success,3,
OL1433906A,Travis Bradberry,success,1,
OL3010389A,Jean Greaves,success,2,
OL7981494A,Jean Greaves Travis Bradberry,no_candidate,0,
OL619876A,Tom Parks,success,4,
OL11048858A,Daniela GOLEMAN,no_candidate,0,
OL1568927A,Christine Wilding,no_candidate,0,
OL2877610A,Peter Salovey,success,1,
OL11306985A,Kati Haylock,no_candidate,0,
OL8447426A,"Walton, David (Psychologist)",no_candidate,0,
OL384616A,Jeanne Segal,success,1,
OL530780A,Linda Lantieri,no_candidate,0,
OL387802A,Gerald Matthews,success,5,
OL10170844A,Emotional Pathway,success,3,
OL2828055A,Annie McKee,success,3,
OL401772A,Richard E. Boyatzis,success,1,
OL3477155A,Jill Dann,success,1,
OL11026215A,Tanvir Shakil,success,1,
OL1520541A,Ralf Schulze,success,5,
OL3288778A,Richard D. Roberts,success,1,
OL2795790A,Chris Hinton,success,2,
OL9215235A,Modern Psychology Publishing,no_candidate,0,
OL2804175A,Steven J. Stein,success,2,
OL1482502A,"Singh, Dalip",no_candidate,0,
OL27373A,Hendrie Weisinger,success,1,
OL3203461A,Harvard Business Review Press,success,1,
OL1428099A,Mitch Anthony,no_candidate,0,
OL1425182A,Alan Mortiboys,no_candidate,0,
OL9195760A,Helen C. Bryant,no_candidate,0,
OL391748A,Claude Steiner,success,2,
OL2629173A,Paul Perry,success,5,
OL8387486A,Daniel Brain,success,4,
OL7949151A,James W. Williams,success,3,
OL2664659A,Linda Wasmer Andrews,success,1,
OL9265506A,Emotional Intelligence Guided,no_candidate,0,
OL223996A,Moshe Zeidner,success,1,
OL3138260A,Joseph Ciarrochi,success,1,
OL1436314A,"Mayer, John D.",no_candidate,0,
OL11043811A,Emotional Intelligence Academy,no_candidate,0,
OL1158001A,Daniel Coleman,success,5,
OL1008395A,Margaret Chapman,success,5,
OL3094702A,Ryan James,success,5,
OL14948835A,Eric Robertson,success,5,
OL2651699A,Darwin B. Nelson,no_candidate,0,
OL479991A,Gary R. Low,no_candidate,0,
OL1357185A,John Eaton,success,5,
OL2879317A,Roy Johnson,success,5,
OL11121520A,Tyler Dawson,success,1,
OL7607098A,Ian Tuhovsky,no_candidate,0,
OL385663A,Allan Afuah,success,1,
OL3083143A,Paul Trott,success,2,
OL7504235A,John R. Bessant,success,1,
OL2476984A,Keith Goffin,success,1,
OL1521017A,"Mitchell, Rick",no_candidate,0,
OL7208428A,Mark Dodgson,success,1,
OL834892A,Mark Dodgson,success,1,
OL2952465A,Rick Mitchell,success,3,
OL27182A,Mohamed Zairi,success,1,
OL240826A,Clayton M. Christensen,success,1,
OL9181563A,L J Ganser,no_candidate,0,
OL9988316A,Chaitanaya Desai,no_candidate,0,
OL9988317A,Sheikna Kulam,no_candidate,0,
OL9988318A,Chun Wei Ooi,no_candidate,0,
OL9988319A,Clement Sanjivi,no_candidate,0,
OL9988320A,Andreas Tan,success,5,
OL9745658A,Jan van den Ende,success,5,
OL7526080A,Ina Goller,success,1,
OL578250A,Shlomo Maital,no_candidate,0,
OL2842375A,D V R Seshadri,no_candidate,0,
OL3410106A,Pervaiz Ahmed,success,2,
OL1398890A,Pervaiz K. Ahmed,success,1,
OL7084372A,Alexander Brem,success,5,
OL225185A,Eric Viardot,success,1,
OL3235516A,J. Christopher Westland,no_candidate,0,
OL7349537A,Stefano Biazzo,success,1,
OL9575127A,Roberto Filippini,success,2,
OL7356617A,Carolina Machado,success,4,
OL6582933A,J. Paulo Davim,success,1,
OL6862634A,Patrick van der Duin,success,2,
OL7888682A,Roland Ortt,success,1,
OL4155296A,Jin Chen,success,5,
OL7112037A,Poh Kam Wong,success,2,
OL8469889A,David Sarpong,success,1,
OL4114926A,Dirk Meissner,success,3,
OL10068582A,Sanjiva Shankar Dubey,no_candidate,0,
OL836169A,V. K. Narayanan,no_candidate,0,
OL389509A,Stuart Macdonald,success,5,
OL541941A,David Schwartzman,success,5,
OL7899424A,Marcus Tynnhammar,no_candidate,0,
OL14995058A,Rasmus Koss Hartmann,no_candidate,0,
OL5642597A,Robert Blackburn,success,5,
OL3751286A,Ravi Jain,success,4,
OL2671747A,Harry C. Triandis,success,1,
OL9730645A,Kristian Wasén,success,1,
OL10520311A,Jordi Diaz,success,5,
OL3940857A,A. Brem,no_candidate,0,
OL9713297A,E. Viardot,no_candidate,0,
OL10374910A,Elis Carlström,no_candidate,0,
OL952123A,Tom R. Burns,success,1,
OL7411684A,G. M. Stalker,success,2,
OL6931396A,Valérie Mérindol,no_candidate,0,
OL10455852A,David W. Versailles,no_candidate,0,
OL2680351A,Rob Dekkers,success,1,
OL9987515A,Patricia Ordoñez de,success,1,
OL7770816A,Kwok Tai Chui,success,2,
OL9362244A,Wendy Wu,success,5,
OL15010118A,Patricia Ordonez,success,1,
OL13696132A,Andreea Claudia Serban,success,1,
